15-stars	15 Stars	blend						unknown			unverified	unknown		No web presence found. Naming pattern ('Platinum', 'First West') gives no clear nationality signal, so left unclassified rather than guessed.
1792	1792	distillery	US			Sazerac Company	bourbon	none			auto	high	https://en.wikipedia.org/wiki/Barton_1792_Distillery	Barton 1792 Distillery, Bardstown KY; standard bourbon mashbill, no peat mentioned anywhere
36-south	36 South	distillery	AU			Morris of Rutherglen	grain	none			unverified	low	https://www.morrisofrutherglen.com/pages/36-south-whisky	Contrary to my first guess (a New Zealand independent bottler), 36southwhisky.com redirects straight to morrisofrutherglen.com/pages/36-south-whisky: 36 South is produced by Morris of Rutherglen in Victoria, Australia (name references 36 degrees south latitude), matching the catalogue's own AU guess. "36 South Double Grain Whisky" made from local wheat/barley; page's own tasting language ("smooth yet complex") has no smoke/peat descriptor -- no cask-finish/Morris-cask connection stated on that page despite the sample name.
8-doors	8 Doors	distillery	GB-SCT	highland	highland	Kerry and Derek Campbell	single malt	unknown			auto	high	https://en.wikipedia.org/wiki/8_Doors_distillery	John O'Groats, Caithness; first spirit run 2022, officially opened by King Charles III in Aug 2023. No peat statement found in the Wikipedia article.
aber-falls	Aber Falls	distillery	GB-WLS			Halewood Artisanal Spirits	single malt	none			unverified	low	https://www.aberfallsdistillery.com	North Wales single malt distillery (first in North Wales since the early 1900s). Official site does not explicitly say "unpeated", so confidence kept low despite no indication of peat use.
aberargie	Aberargie	distillery	GB-SCT	lowland	lowland	Morrison Scotch Whisky Distillers	single malt	unknown			auto	high	https://en.wikipedia.org/wiki/List_of_whisky_distilleries_in_Scotland https://aberargie.com/	Confirmed by this project's own reference authority table (region=Lowland, owner=Morrison Scotch Whisky Distillers, malt, operating) -- matches the catalogue's own sample naming "Aberargie Morrison" directly. Official site (fetched this session) states only "balanced, elegant" character and first-fill bourbon/sherry cask maturation, with no explicit peat/unpeated statement, so peatProfile is left unknown rather than guessed.
aberdour	Aberdour	blend	GB-SCT				blend	none			unverified	low	https://thewhiskeywash.com/scotch-whiskey/from-mild-to-wild-understanding-peat-levels-in-scotch-whisky/	Own-label style, no independent web presence found; treated as an ordinary unpeated blended Scotch per brief long-tail default, not brand-verified.
aberfeldy	Aberfeldy	distillery	GB-SCT	highland	highland	John Dewar & Sons (Bacardi)	single malt	none			auto	high	https://en.wikipedia.org/wiki/Aberfeldy_distillery	
aberlour	Aberlour	distillery	GB-SCT	speyside	speyside	Chivas Brothers	single malt	none			auto	high	https://en.wikipedia.org/wiki/Aberlour_distillery	Standard unpeated sherried Speyside malt; extremely well-established, equivalent tier to Macallan/Glenfiddich.
abhainn-dearg	Abhainn Dearg	distillery	GB-SCT	islands	highland	Mark Tayburn	single malt	unknown			auto	high	https://en.wikipedia.org/wiki/Abhainn_Dearg_distillery	Isle of Lewis distillery (aka Red River distillery), operating since 2008; earliest release was 'Spirit of Lewis' before the current Abhainn Dearg-branded single malts. No peat/smoke level stated in Wikipedia's product list or the distillery's own site (fetched, JS-rendered, no extractable peat claim).
achill-island	Achill Island	distillery	IE					none			auto	high	https://www.thecorkscrew.ie/products/achill-island-cask-strength-peated-single-malt-70cl https://www.celticwhiskeyshop.com/achill-island-distillery	Family-run distillery on Achill Island, Co. Mayo, founded 2015. Makes both an unpeated core and a distinct 'Peated' single malt (see rule), plus single pot still - range spans types so defaultTypeName left empty.
adelphi	Adelphi	bottler	GB-SCT			Adelphi Distillery Ltd		unknown			auto	high	https://en.wikipedia.org/wiki/Adelphi_distillery	Independent bottler revived 1993 (original 1826 Glasgow distillery closed 1907); also owns Ardnamurchan distillery, not relevant here since this batch's samples ("Adelphi", "Adelphi Maclean's Nose") name no specific source distillery.
aerstone	Aerstone	brand	GB-SCT			William Grant & Sons	single malt	unknown			unverified	low	https://en.wikipedia.org/wiki/William_Grant_%26_Sons	Confirmed single malt Scotch whisky brand of William Grant & Sons (listed alongside Glenfiddich/Balvenie/Kininvie/Ailsa Bay) but its specific source distillery is not disclosed/confirmed this session - parentSlug deliberately left empty. Peat left unknown since WG&S's Ailsa Bay site does produce a lightly-peated component for blending, so "none" cannot be assumed confidently.
agitator	Agitator	distillery	SE					unknown			unverified	low		Real Swedish distillery in Arboga (agitatordistillery.com, "Agitator ar ett svenskt destilleri i Arboga"). Could not confirm peat level of any expression, so left unknown (no citation opened to support none/light/medium/heavy - sourceUrls therefore left empty per the peatProfile=unknown rule). REVIEWER FLAG: "Agitator Rok" - "rok"/"rok" resembles Swedish "rok" (smoke); this sample may be a smoky/peated expression but I could not verify it, so no rule was written - worth a manual check.
aikan	Aikan	blend						unknown			unverified	unknown		No information found for this brand within budget (no Wikipedia coverage). Single sample 'Aikan Extra Collection Batch No.3' gives no clear indication of origin, distillery or type.
ailsa-bay	Ailsa Bay	distillery	GB-SCT	lowland	lowland	William Grant & Sons	single malt	medium			unverified	high	https://en.wikipedia.org/wiki/Lowland_single_malts	One of the very few peated Lowland distilleries; cited article: "Ailsa Bay and Annandale have become characterised by their use of peat, with a flavor profile more typical of Islay whisky." Exact ordinal is uncertain -- some releases are reported elsewhere as very lightly peated (~1.2ppm "Sweet Smoke"), others heavier for blending stock, so treat "medium" as approximate and verify against the specific expression actually in stock.
akashi	Akashi	distillery	JP			Eigashima Shuzo		light			unverified	high	https://www.ei-sake.jp/en/whisky.html https://en.wikipedia.org/wiki/White_Oak_distillery	Official site (ei-sake.jp) describes the Akashi single malt's taste as '...medium, light, slightly peaty'; the Akashi blended whisky is described as smooth/dry with no peat mention. Legal distillery name is White Oak (Eigashima Shuzo); no separate White Oak catalogue entry in this batch so Akashi is modelled as the distillery-level row. defaultTypeName left empty: range spans single malt and blended.
alchemist	Alchemist	bottler	GB-SCT					unknown			auto	low		Sample "Alchemist Tobermory" reads as an independent bottler's expression of Tobermory single malt; no citation confirms which "Alchemist" company this is (several drinks businesses use the name). countryCode GB-SCT is a low-confidence inference from bottling a Scotch distillery, not a confirmed fact. A tobermory distillery row is emitted below (required per BRIEF.md sec.2 regardless of this bottler's own identity) so the in-name distillery match can resolve.
alexander	Alexander	blend	XX					unknown			unverified	unknown		Could not identify producer despite research; only Alexander Aqva Di Vita Amarone Cask Finish sample available. Possibly Italian or generic European. Flag for reviewer.
allt-a-bhainne	Allt-a-Bhainne	distillery	GB-SCT	speyside	speyside	Chivas Brothers (Pernod Ricard)	single malt	none			auto	high	https://en.wikipedia.org/wiki/Allt-A-Bhainne_distillery https://en.wikipedia.org/wiki/Speyside_single_malt	Wikipedia confirms Pernod Ricard/Chivas Brothers ownership and Speyside location. No distillery-specific peat statement; defaulted to unpeated per Speyside's general house style.
amahagan	Amahagan	blend	JP			Hombo Shuzo (Mars Whisky)		unknown			unverified	low		Japanese "World Blended Whisky" from Mars Whisky (Hombo Shuzo / Mars Shinshu distillery), released in numbered wood-finish editions (sherry cask, Mizunara, red wine, Yamazakura). Lookup attempts for this brand specifically returned no usable content this pass; peat left unknown rather than assumed.
amrut	Amrut	distillery	IN			Amrut Distilleries	single malt	none			auto	high	https://en.wikipedia.org/wiki/Amrut_(whisky)	Standard single malt is unpeated. See rule.tsv for Peated (medium, ~23-24ppm) and Fusion (light, 25% peated Scottish malt); Kadhambam/Portonova/Raj Igala are cask-finish variants of the standard unpeated malt, no rule needed
an-orkney	An Orkney	brand	GB-SCT	islands	highland	Edrington	single malt	medium	highland-park		unverified	low	https://en.wikipedia.org/wiki/Highland_Park_distillery	Known undisclosed/teaspoon brand for Highland Park, named explicitly as a sibling pair in this research task's own brief; peat level assumed identical to parent since it is reportedly the same liquid under another label.
ancnoc	anCnoc	distillery	GB-SCT	highland	speyside	Inver House Distillers	single malt	none			auto	high	https://www.ancnoc.com/blog/112-ancnoc-unveils-two-new-additions-to-popular-peated-range https://thewhiskeyjug.com/scotch-news/ancnoc-cutter-released-to-the-usa-as-the-latest-addition-to-ancnocs-peated-whisky-range/	Knockdhu distillery. Modern core range is unpeated (evolved from an originally peaty 1894 style); since 2014 a separate "Peaty Collection" (Cutter, Flaughter, Tushkar, Peatheart, Sherry Cask Finish Peated Edition) uses malt peated to ~20ppm - see rule row. Region recorded as Highland (Knock, Aberdeenshire, near the Speyside boundary); some sources place it in Speyside instead - low-confidence detail flagged for reviewer, though it does not affect the peat call.
and-whisky	& Whisky	blend						unknown			unverified	unknown		Input brand string '& Whisky' does not correspond to any single identifiable producer - its 6 sample product names (Umiki, Kura The, Lord Moisans, Scottish Piper, MacKinlay's Old) look like several unrelated real brands (Japanese blends, MacKinlay's Scotch) rather than one house style. Likely a catalogue category/parsing artifact, not a real brand. Not researched as a single entity; alias emitted only for the exact catalogue string as required.
angels-envy	Angel's Envy	distillery	US			Bacardi Limited	bourbon	none			unverified	low	https://en.wikipedia.org/wiki/Whisky	Louisville, Kentucky bourbon distillery known for port-cask finishing (its whole signature, not a separate 'Port Cask' sub-brand -- the two samples are both just the core product). Ownership (Bacardi Limited, acquired 2015) is from general knowledge; a dedicated Wikipedia fetch attempted this session 404'd on the title tried, so that specific fact is NOT independently re-verified -- only the general Whisky article backs the peat=none category claim.
angus-dundee	Angus Dundee	bottler	GB-SCT			Angus Dundee Distillers plc		unknown			auto	low	https://www.angusdundee.co.uk/ https://scotchwhisky.com/whiskypedia/2565/angus-dundee-distillers/	Owns Glencadam and Tomintoul distilleries and also bottles blends (e.g. "Glen Parker") under its own name; treated as a bottler/owner-company since the catalogue brand spans multiple sub-brands. See glencadam row.
annandale	Annandale	distillery	GB-SCT	lowland	lowland	Annandale Distillery Company	single malt	unknown			auto	high	https://en.wikipedia.org/wiki/Annandale_distillery	Distillery itself is never the bottling name: output is split into two differently-branded single-cask ranges, Man O' Words (unpeated, named for Robert Burns) and Man O' Sword (peated, named for Robert the Bruce) -- see those rows (parentSlug=annandale). peatProfile left unknown here since nothing is sold as plain 'Annandale'.
antiquary	Antiquary	blend	GB-SCT			Tomatin Distillery Company	blend	none			unverified	low	https://en.wikipedia.org/wiki/Tomatin_distillery	Own blended-Scotch brand of Tomatin Distillery Co (alongside Talisman). Tomatin's own house style is one of the least-peated Highland malts, so the blend is inferred unpeated; no source found stating this directly for Antiquary itself.
arbikie	Arbikie	distillery	GB-SCT	highland	highland	Arbikie Highland Estate		unknown			auto	high	https://en.wikipedia.org/wiki/Arbikie_distillery	Source list marks this 'malt' but Wikipedia's Products section only documents Arbikie 1794 Highland Rye (Scotland's first commercial rye whisky in 100+ years) alongside gin/vodka -- no single malt is described -- so defaultTypeName left empty rather than forced to 'single malt' (range may span types / may not include a malt at all). No peat/smoke level stated anywhere fetched.
ardbeg	Ardbeg	distillery	GB-SCT	islay	islay	The Glenmorangie Company (LVMH)	single malt	heavy			auto	high	https://en.wikipedia.org/wiki/Ardbeg_distillery https://thewhiskeywash.com/scotch-whiskey/ardbeg-the-peatiest-powerhouse-on-islay/	One of the most heavily peated Islay malts, roughly 50-55ppm. Owned by LVMH via The Glenmorangie Company since the 1997 reopening.
ardgowan	Ardgowan	distillery	GB-SCT	lowland	lowland	Ardgowan Distillery Company	single malt	unknown			auto	high	https://en.wikipedia.org/wiki/Ardgowan_distillery	Original 1896 Ardgowan distillery in Greenock burned down in 1903 ('a river of flaming whisky'); modern distillery on Ardgowan Estate near Inverkip operating since 2016. No peat/smoke level found in the (history-focused) Wikipedia article.
ardmore	Ardmore	distillery	GB-SCT	highland	highland	Beam Suntory	single malt	medium			auto	high	https://www.ardmorewhisky.com/ https://www.thewhiskybarrel.com/products/ardmore-traditional-cask	'The only remaining Highland distillery to fully peat their standard malt.' Current OB Legacy is an 80% peated / 20% unpeated vatting. Historically the signature malt in Teacher's blend. Named in Artist series samples (this batch).
ardnahoe	Ardnahoe	distillery	GB-SCT	islay	islay	Hunter Laing & Co	single malt	heavy			auto	high	https://www.whiskeyatlas.co.uk/learn/every-islay-distillery-ranked-peat https://en.wikipedia.org/wiki/Ardnahoe_distillery	Islay's newest distillery (opened 2019), owned by Hunter Laing. Standard malt spec is 40ppm phenol, comparable to Port Charlotte's 40ppm (recorded heavy in this batch).
ardnamurchan	Ardnamurchan	distillery	GB-SCT	highland	highland	Adelphi Distillery Co	single malt	unknown			auto	high	https://en.wikipedia.org/wiki/Ardnamurchan_distillery	Confirmed the distillery makes BOTH peated and unpeated styles from the outset (cited source). Could not confirm whether the catalogue's sample "Ardnamurchan AD" batch code denotes the peated or unpeated style (or a marriage of both) - deliberately left unknown rather than guessed; worth a human check against the actual bottle/batch.
ardross	Ardross	distillery	GB-SCT	highland	highland	Greenwood Distillers	single malt	unknown			auto	high	https://en.wikipedia.org/wiki/Ardross_distillery	Founded by master blender Andrew Rankin from 2015, ~GBP50m project, planning approved 2017. No peat/smoke level or distinct brand name found.
arlett	Arlett	distillery	FR			Maison Boinaud / Distillerie Tessendier	single malt	none			unverified	low	https://arlett-whisky.com/en/distillerie-tessendier/ https://www.luxe-infinity.com/en/gastronomie/arlett-le-whisky-francais/	French single malt, founded 2022, distilled at Distillerie Tessendier (Maison Boinaud) in Jarnac, Charente. Site lists a "Peated" expression (French: Tourbe) as a distinct product from "Original", implying the core/Original line is unpeated - see rule row for the peated "Tourbe" expression. Intensity of Tourbe not confirmed with ppm data.
armorik	Armorik	distillery	FR				single malt	unknown			unverified	low	https://en.wikipedia.org/wiki/French_whisky	First French single malt (launched 1998), made by the Warenghem Distillery in Brittany. No peat information confirmed either way this session. FOR REVIEWER: the 'Yeun Elez' expression (in my sample list) is named for a peat bog/moor in the Monts d'Arree, Brittany, by Breton place-name - it may well be a peated bottling distinct from the 'Classic' line, but I found no fetched source confirming this; worth checking before assuming the whole range is uniform.
arran	Arran	distillery	GB-SCT	islands	highland	Isle of Arran Distillers Ltd	single malt	none			auto	high	https://scotchwhisky.com/whiskypedia/2594/isle-of-arran-distillers/ https://en.wikipedia.org/wiki/Arran_distillery	Lochranza, est. 1995 by ex-Chivas Brothers MD Harold Currie. Unpeated core range (10yo, Bothy, Bodega). Peated sibling line is Machrie Moor (this batch, parentSlug=arran).
artist	Artist	bottler	FR			La Maison du Whisky		unknown			auto	high	https://www.whisky.fr/en/menu/bottlings/creations/artist https://www.whisky.sg/artist-collection/	Numbered independent-bottler series by La Maison du Whisky (Paris), covering many distilleries worldwide incl. Karuizawa, Caol Ila, Macallan, Bowmore, Linkwood, Ardmore (all seen in samples). Peat varies per release; resolve via in-name distillery match.
artist-collective	Artist Collective	bottler	FR			La Maison du Whisky		unknown			auto	high	https://www.whisky.fr/en/independant-bottlers/la-maison-du-whisky/collective.html	French independent-bottler range from La Maison du Whisky; deliberately spans every Scotch region and style, peated and unpeated, so no house peat level. Samples name Ardmore (own row in this batch), Caol Ila, Ben Nevis, Glen Elgin, Glen Ord and Linkwood -- distillery rows added below per the independent-bottler rule.
atom	Atom	bottler	GB-ENG					unknown			auto	high	https://atombrands.com/	Atom Brands (confirmed parent of That Boutique-y Whisky Company) - independent bottler. Samples name Macduff and Longmorn (Scotch malt distilleries, rows added), Heaven Hill (US bourbon distillery, row added), plus own "World Blend" and undisclosed "Atom Irish #1/#2".
auchentoshan	Auchentoshan	distillery	GB-SCT	lowland	lowland	Beam Suntory	single malt	none			auto	high	https://en.wikipedia.org/wiki/Auchentoshan_distillery	Unpeated malt, triple-distilled -- signature Lowland style. Named in Old Malt Cask samples.
auchroisk	Auchroisk	distillery	GB-SCT	speyside	speyside	Diageo	single malt	none			auto	high	https://en.wikipedia.org/wiki/Auchroisk_distillery https://en.wikipedia.org/wiki/Speyside_single_malt	Wikipedia confirms Speyside/Diageo. No distillery-specific peat statement; defaulted per Speyside general house style.
aultmore	Aultmore	distillery	GB-SCT	speyside	speyside	John Dewar & Sons (Bacardi)	single malt	none			auto	high	https://en.wikipedia.org/wiki/Aultmore_distillery https://thewhiskeywash.com/scotch-whiskey/from-mild-to-wild-understanding-peat-levels-in-scotch-whisky/	Added to resolve Scyfion's sample bottlings. Cited page confirms region/owner but not peat explicitly; unpeated is standard for this Speyside malt.
azabu	Azabu	blend	JP					unknown			unverified	unknown		No Wikipedia article or independent confirmation found this session. Flag for reviewer.
back-to-black	Back to Black	blend						unknown			unverified	unknown		No information found this session; samples are 'Back to Black' / 'The Story of Back to Black' - own-label, origin unclear, not searched (long tail budget)
bagots	Bagots	blend	XX					unknown			unverified	unknown		Catalogue spells it "BAGOTS" (Grain Game, Madeira Cask, Triple Batch, White Moscatel Cask -- cask-finish naming typical of small-batch/craft bottlings). No Wikipedia page or other citable source found; country and category could not be determined this session.
bakers	Baker's	brand	US			Suntory Global Spirits	bourbon	none	jim-beam		unverified	low	https://en.wikipedia.org/wiki/Whisky	Part of Jim Beam's small-batch bourbon collection (alongside Knob Creek/Basil Hayden/Booker's), distilled at Jim Beam's Clermont/Boston, KY site. 'jim-beam' is an extremely well-known distillery slug another batch will almost certainly emit -- not created here.
balblair	Balblair	distillery	GB-SCT	highland	highland	International Beverage Holdings (Inver House Distillers)	single malt	none			auto	high	https://en.wikipedia.org/wiki/Balblair_distillery https://scotchwhisky.com/whiskypedia/1815/balblair/	Distilled from unpeated barley grain; historically a blending malt, bottled as vintage releases since 2007.
ballantines	Ballantine's	blend	GB-SCT			Chivas Brothers (Pernod Ricard)	blend	light			unverified	low	https://en.wikipedia.org/wiki/Ballantine%27s	Fingerprint malts (Miltonduff, Glenburgie) are unpeated Speyside distilleries; wiki page describes the 21 Year Old as "spicy, aromatic and heather smoke", implying a light smoky character at least in aged expressions. Core Finest not separately described in the source, so confidence kept low rather than assuming it is identical to the 21yo.
ballantines-brasil	Ballantine's Brasil	blend	GB-SCT			Pernod Ricard		unknown			unverified	low	https://www.ballantines.com/en/range/ballantines-brasil/ https://www.masterofmalt.com/spirit/ballantines/ballantines-brasil-spirit/	A lime-infused, sweetened Scotch-based "spirit drink" (35% ABV, sugar + vanilla extract added) rather than a standard whisky - FLAG FOR HUMAN REVIEW of categorisation. Base Ballantine's blend is generally light/touch-of-smoke, but given the heavy flavouring/dilution here peat character is uncertain, left unknown rather than inherited
ballechin	Ballechin	brand	GB-SCT	highland	highland	Edradour Distillery Company (Signatory Vintage)	single malt	heavy	edradour		auto	high	https://dram1.com/edradour-distillery-spotlight/ https://whiskyinternationalonline.com/products/ballechin-10-year-old-whisky-heavily-peated-release-46	~55ppm heavily peated; produced at Edradour distillery since 2003, first release 2006. Sibling of unpeated Edradour, same distillery.
ballina	Ballina	distillery	IE			Terroirs Distillers	single malt	none			unverified	low	https://www.thespiritsbusiness.com/2025/11/connacht-distillery-becomes-ballina/ https://www.irishwhiskeymagazine.com/news/latest-news/ballina-irish-single-malt-debuts-first-expressions/	Formerly 'Connacht Distillery' (Co. Mayo, est. 2015), rebranded Ballina in 2025 after acquisition by Terroirs Distillers (Tullibardine's owner). First releases Dubailte (double wood) and Triarach (triple wood), 100% Irish malted barley. No peat/smoke mentioned in sources found.
ballindalloch	Ballindalloch	distillery	GB-SCT	speyside	speyside	Ballindalloch Distillery LLP	single malt	none			auto	high	https://web.archive.org/web/20250317171544/https://www.whisky.com/whisky-database/distilleries/details/ballindalloch.html https://en.wikipedia.org/wiki/Ballindalloch_distillery	Archived whisky.com page quotes distillery manager Colin Poppy: the intended style 'is not smoky, but strong and expressive'. Scotland's first single-estate distillery (own barley, own maturation).
balmaud	Balmaud	distillery	GB-SCT	highland	highland	Balmaud Distillery Co. Ltd.	single malt	unknown			auto	high	https://balmauddistillery.com/	Official site (fetched) carries only marketing copy ('Nothing Wasted, Nothing Rushed, Nothing Ordinary'); no peat/smoke claim, and no Wikipedia article exists yet. Very new, obscure operation.
balmenach	Balmenach	distillery	GB-SCT	speyside	speyside	Inver House Distillers	single malt	none			auto	high	https://web.archive.org/web/20160821181545/https://www.whisky.com/whisky-database/distilleries/details/fdb/Distilleries/Details//balmenach.html https://scotchwhisky.com/whiskypedia/1817/balmenach/	Archived whisky.com: 'The whiskies of Balmenach are rather fruity and not peated, which is very typical for a Speyside distillery... The malt of the Balmenach distillery is always unpeated.' scotchwhisky.com confirms Inver House has no plans to release it as a single malt at all -- almost everything on the market is via independent bottlers (Gordon & MacPhail, Douglas Laing).
balvenie	Balvenie	distillery	GB-SCT	speyside	speyside	William Grant & Sons	single malt	none			auto	high	https://scotchwhisky.com/magazine/latest-news/15878/balvenie-peat-week-details-revealed/	Core range (DoubleWood, PortWood, Montilla, 12/14/17/21) is unpeated. Distillery restarted an annual one-week peated malting run in 2001 ("Peat Week"); those limited releases (Peat Week, Peated Triple Cask, Week of Peat) are heavily peated - see rule rows.
bandwagon	Bandwagon	blend						unknown			unverified	low		Single-product entry; whiskybase.com confirms the brand exists in its database but no identifying detail (origin, style, country) was found. Long-tail, fast-tracked per budget rules.
bank-note	Bank Note	blend	GB-SCT			A.D. Rattray	blend	none			auto	high	https://www.adrattray.com/our-whisky/bank-note https://www.wine.com/product/bank-note-5-year-blended-scotch-whisky-700ml/540331	Roughly 150-year-old recipe recreated in 2012 by A.D. Rattray: 40% Speyside/Highland malt with 60% Lowland grain. The base blend is unpeated; a separate "Peated Reserve" exists, see rule.
bankhall	Bankhall	distillery	GB-ENG			Halewood Artisanal Spirits	single malt	none			auto	high	https://www.thespiritsbusiness.com/2023/05/bankhall-distillery-unveils-debut-single-malt-whisky/ https://bankhallwhisky.com/about/	Blackpool, England distillery (est. 2019, Halewood-backed). Produces both peated and unpeated English malt spirit (EM/PEM/PBM plus corn/rye/wheated mashes); flagship "Distiller's Cut" is the bourbon-inspired, non-"Peated"-labelled single malt. See rule for explicitly "Peated"-labelled releases.
barclays	Barclays	blend	GB-SCT					unknown			unverified	low		Own-label blended Scotch (not the bank), 2 products in this batch. No web presence found this session.
barrell	Barrell	bottler	US			Barrell Craft Spirits		unknown			auto	high	https://www.barrellbourbon.com/	Non-distilling independent blender of American whiskey and rum, Louisville KY, founded 2013; sources casks from multiple distilleries so has no single house peat level. Samples (Vantage, Dovetail, Seagrass, Batch 036, Foundation, Rye Batch 004) name no source distilleries, so no distillery rows added
barry-bernard	Barry Bernard	blend						unknown			unverified	unknown		No information found. 'Honey' and 'Spisy' [sic, likely 'Spicy'] variants suggest a flavored whisky-based product; origin and type could not be determined within budget.
barts	Bart's	blend	IE					unknown			unverified	unknown		No web presence found this session (official domain unreachable, Wikipedia search returned nothing but Simpsons/Ireland false positives). Alias kept at any-scope only after judgement that "Bart's" (6 chars incl. apostrophe) is a reasonably distinctive token for a whisky catalogue -- flag for reviewer if this proves too permissive.
basil-hayden	Basil Hayden's	brand	US			Suntory Global Spirits (Beam Suntory)		none	jim-beam		auto	high	https://en.wikipedia.org/wiki/Basil_Hayden%27s	Lightest-bodied of the Jim Beam small-batch bourbon family, high-rye mashbill. defaultTypeName left empty: the line also includes a Dark Rye expression alongside the bourbon. parentSlug=jim-beam expected to be seeded by another batch (globally known Beam Suntory distillery/brand) -- not created here.
bastille	Bastille	blend	FR					unknown			unverified	low		Product names repeat French-Revolution imagery ('1789', 'No.7 1789'), the basis for countryCode=FR; 'Daucourt' (in one sample) is confirmed on Wikipedia to be only a French surname, not a spirits company, so that lead was dropped rather than guessed at
bayadera	Bayadera	blend	UA					unknown			unverified	unknown		Could not identify what this producer actually is. Samples ("Whiskey and Apple Juice", "Penicillin (Пеніцилін) 11 порцій") read as a flavoured/cocktail-kit product line (Penicillin is a well-known Scotch cocktail) rather than a conventional whisky brand; no dedicated Wikipedia article found. REVIEWER FLAG: this is a different entity from the "bayadera" store already in this codebase (a Ukrainian retailer) - no technical collision since producers and stores are separate tables, but worth a human sanity check on whether these SKUs belong in the whisky KB at all.
beara	Beara	blend	IE					unknown			unverified	unknown		Possibly named for the Beara Peninsula, Co. Cork; no producer/distillery identified this session (official domain unreachable). defaultTypeName left empty: catalogue types the bare "Beara" sample as grain but its "Black Cask Blend" sibling as blend.
beauchamp	Beauchamp	blend					grain	unknown			unverified	unknown		"Triple Grain" sample suggests a grain-whisky blend; country/origin not confidently identified (could be French) -- no search performed this pass.
beinn-dubh	Beinn Dubh	blend	GB-SCT					unknown			unverified	low		Own-label / limited bottling ('Thunder in the Glens Anniversary'), no web presence found; fast-tracked per own-label rule.
bell-rock	Bell Rock	blend	US					unknown			unverified	unknown		No web presence found this session. The "Butterscotch Liquor" sample suggests a flavoured whiskey liqueur variant rather than a straight whiskey for that specific expression.
bells	Bell's	blend	GB-SCT			Diageo	blend	none			unverified	low	https://en.wikipedia.org/wiki/Scotch_whisky	Mainstream Diageo blend (Arthur Bell & Sons, per general knowledge - dedicated Wikipedia page returned 404 this session). No distillery-specific peat statement found; defaulted to unpeated per ordinary-blend category norm. "Bell's Spiced" is a spiced/flavoured variant, not a peat indicator - no rule needed.
ben-cumhaill	Ben Cumhaill	distillery	GB-SCT	lowland	lowland	Simpson family	single malt	unknown			auto	high	https://bencumhaill.com/	Official site (fetched) describes a small-batch triple-distilled single malt/single cask project near Dumfries; founders 'one Scottish, one Irish' drawing on 'Irish and Scottish whisky making traditions' (triple distillation is an Irish-style choice, but no explicit peated/unpeated statement was made). No Wikipedia article; the site's own target opening was 2023, current status unconfirmed.
ben-nevis	Ben Nevis	distillery	GB-SCT	highland	highland	Nikka Whisky Distilling	single malt	none			auto	high	https://en.wikipedia.org/wiki/Ben_Nevis_distillery https://thewhiskeywash.com/scotch-whiskey/from-mild-to-wild-understanding-peat-levels-in-scotch-whisky/	Added to resolve Artist Collective's sample bottlings. Cited page confirms region/owner but not peat explicitly; unpeated is standard for this Highland malt.
benbecula	Benbecula	distillery	GB-SCT	islands	highland	Angus A. MacMillan	single malt	unknown			auto	high	https://en.wikipedia.org/wiki/Benbecula_Distillery	First spirit flowed June 2024; first bottling not expected until 2029. Wikipedia (Times, 2024) says production uses 'local peat and heather... in the process' alongside bere barley, but does not say this is peated malt/kilning versus some other use of peat, and the intended profile is described only as 'classically maritime'. Left unknown rather than guessing an intensity from that one ambiguous phrase -- flagged for reviewer to re-check once the whisky is actually released.
benriach	BenRiach	distillery	GB-SCT	speyside	speyside	Brown-Forman	single malt	none			auto	high	https://whiskyadvocate.com/benriach-new-look-whisky https://www.benriachdistillery.com/our-whiskies/birnie-moss/	Core range (The Original Ten/Twelve etc.) is unpeated. Distillery also bottles peated expressions under distinct line names within the BenRiach brand itself (Curiositas, Smoky Ten/Twelve, Birnie Moss, Septendecim, Authenticus) -- captured as rules below rather than sibling brands, since they are always sold as "BenRiach <name>", not a standalone brand name. Owner Brown-Forman inferred from the 2016 GlenDronach/BenRiach/Glenglassaugh group acquisition (corroborated on the Glenglassaugh distillery page), not independently opened for BenRiach itself.
benrinnes	Benrinnes	distillery	GB-SCT	speyside	speyside	Diageo	single malt	none			auto	high	https://en.wikipedia.org/wiki/Benrinnes_distillery	Wikipedia does not explicitly state unpeated; inferred from no peat/smoke mention and its role as a Diageo blending malt
benromach	Benromach	distillery	GB-SCT	speyside	speyside	Gordon & MacPhail	single malt	light			unverified	high	https://en.wikipedia.org/wiki/Benromach_distillery	Core range is Speyside's classic lightly-peated house style (brief's own calibration example). Peat Smoke is a separate heavily-peated bottling in the distillery's own lineup, see rule (matches brief's own worked example verbatim).
bercloux	Bercloux	blend						unknown			unverified	unknown		Single product, no information found this session; 'Bercloux' is a commune name in Charente-Maritime, France, but not confirmed as this brand's actual origin so countryCode left empty rather than guessed
bernheim	Bernheim	brand	US			Heaven Hill		none	heaven-hill		unverified	low	https://en.wikipedia.org/wiki/Heaven_Hill https://en.wikipedia.org/wiki/Irish_whiskey	Bernheim Original, a straight wheat whiskey made by Heaven Hill at their (New) Bernheim distillery, Louisville. defaultTypeName left empty since "wheat whiskey" has no exact match in the closed type list. Peat=none per general American-whiskey category norm.
berry-bros-rudd	Berry Bros. & Rudd	bottler	GB-ENG					unknown			auto	low		Historic London wine & spirits merchant and independent bottler (BBR range), est. 1698 - well-established general knowledge, but no page was opened for it this session, so left without sourceUrls and confidence dropped to low accordingly (peatProfile is correctly unknown for a bottler regardless). Sample "Berry Bros. Lochindaal 2010 Cask #4339" - "Lochindaal" could not be confirmed as a historical Bruichladdich brand name this session (the Bruichladdich Wikipedia article does not mention it), so no separate Lochindaal row was created; a reviewer familiar with Bruichladdich's older naming should check this.
beverbach	Beverbach	blend						unknown			unverified	unknown		No web presence found: Wikipedia search returned zero hits (only suggested 'Bieberbach'), and guessed official domains (beverbach.de/.com) failed to resolve/connect. Name suggests a German/European craft origin given the cask-finish naming (Tri Cask, Sherry Cask, Tequila Cask, Mizunara Cask, Craftbeer Cask) but this is entirely unconfirmed.
bib-tucker	Bib & Tucker	blend	US				bourbon	none			unverified	low	https://en.wikipedia.org/wiki/Bourbon_whiskey	Sourced small-batch bourbon (6 Year). American bourbon mash bills do not use peated malt, but no source specific to this brand was opened, hence confidence=low.
big-moustache	Big Moustache	blend	US					unknown			unverified	unknown		Catalogue lists this same name 3 times with inconsistent country/type (DE/blend, US/rye, US/blend); countryCode=US taken as the majority value, not a confirmed fact. No producer identified this session.
big-peat	Big Peat	blend	GB-SCT	islay	islay		blend	heavy		douglas-laing	auto	high	https://www.douglaslaing.com/products/big-peat https://www.thewhiskyexchange.com/p/10738/big-peat-islay-blended-malt	Douglas Laing's blended malt of Islay single malts only (Ardbeg, Bowmore, Caol Ila, rare Port Ellen); part of the Remarkable Regional Malts range, heavily peated/smoky.
billy-bong	Billy Bong	distillery	US				bourbon	none			unverified	low	https://en.wikipedia.org/wiki/Bourbon_whiskey	No producer identified this session (no useful search hits). peatProfile=none rests on the general bourbon-is-unpeated category convention, not a brand-specific source (matches this project's own batch-08 precedent for an equally unconfirmed US bourbon label).
black-bottle	Black Bottle	blend	GB-SCT			Distell Group (Heineken)	blend	light			auto	high	https://en.wikipedia.org/wiki/Black_Bottle https://scotchwhisky.com/whiskypedia/2323/black-bottle/	2013 reformulation reduced Islay malt content to Bunnahabhain alone. scotchwhisky.com: master blender wanted to move away from the brand having "lost itself in Islay"; today's blend is described as "lightly to moderately smoky" with floral/oak/fruit/honey/nutmeg notes alongside the smoke.
black-bull	Black Bull	blend	GB-SCT			Duncan Taylor	blend	none			unverified	low	https://en.wikipedia.org/wiki/Duncan_Taylor_(company)	Listed as "Blended Scotch Whisky" among Duncan Taylor's own brands. Core range (Black Bull, Kyloe, Kyloe Sherry Finish) unpeated; a separate "Peated" variant exists (see rule.tsv).
black-ram	Black Ram	blend	GB-SCT				blend	none			unverified	low	https://en.wikipedia.org/wiki/Scotch_whisky	Budget blended Scotch label (incl. a 'Bourbon Finish' variant per sample); owner not confirmed this session. peatProfile rests on the general Highland/Speyside/Lowland-dominated blend character described on the Scotch whisky Wikipedia page (only Islay/Campbeltown are described there as peaty/smoky), not brand-specific evidence.
black-velvet	Black Velvet	distillery	CA			Heaven Hill		none			unverified	low	https://en.wikipedia.org/wiki/Black_Velvet_(whisky) https://globalnews.ca/news/6110640/black-velvet-canadian-whisky-lethbridge-new-ownership-november/	Canadian blended whisky, own distillery in Lethbridge AB; owned by Heaven Hill since 2019 (previously Constellation Brands). No explicit peat statement found; Canadian whisky has no peat tradition. defaultTypeName left empty - Canadian whisky has no clean match in the closed type list
blackness	Blackness	distillery	GB-SCT	lowland	lowland	Colm O'Rourke	single malt	unknown			auto	high	https://en.wikipedia.org/wiki/List_of_whisky_distilleries_in_Scotland	No Wikipedia article and no resolvable official website found (two plausible domains failed DNS resolution). Extremely new/obscure Falkirk-area project; nothing fetchable to cite. Alias kept brand-scoped only: 'blackness' is an ordinary English word.
bladnoch	Bladnoch	distillery	GB-SCT	lowland	lowland	David Prior	single malt	none			auto	high	https://en.wikipedia.org/wiki/List_of_whisky_distilleries_in_Scotland https://en.wikipedia.org/wiki/Bladnoch_distillery	Lowland style is conventionally the least peated in Scotland; the Wikipedia article only documents historical (1887) peat-fired kilning, not a current spec, so confidence is low.
blair-athol	Blair Athol	distillery	GB-SCT	highland	highland	Diageo	single malt	none			auto	high	https://en.wikipedia.org/wiki/Blair_Athol_distillery https://www.malts.com/en/blair-athol	Unpeated malt; core component of the Bell's blend. Named in Old Malt Cask samples.
blairfindy	Blairfindy	blend	GB-SCT	speyside	speyside			unknown			unverified	low	https://en.wikipedia.org/wiki/The_Glenlivet_distillery	"Blairfindy" is a real historic place/castle name in the Glenlivet area of Speyside (Wikipedia's Glenlivet article surfaces it), likely used here as an independent single-cask label name rather than a distillery of its own -- region/legalRegion given from that toponymy alone (low confidence). Treated as an undisclosed-origin label per the brief's rule 3: producer and true source distillery not guessed.
blantons	Blanton's	brand	US			Sazerac Company	bourbon	none	buffalo-trace		auto	high	https://www.buffalotracedistillery.com/our-brands/blantons-single-barrel/ https://en.wikipedia.org/wiki/Blanton%27s	First modern single-barrel bourbon brand (1984). Brand legally owned by Age International Inc; produced/marketed by Sazerac at Buffalo Trace Distillery.
blood-oath	Blood Oath	blend	US			Luxco / Lux Row Distillers (MGP Ingredients)	bourbon	none			auto	high	https://luxrowdistillers.com/blood-oath/ https://www.mgpingredients.com/branded-spirits/lux-row-distillers	'Pact' series -- master distiller John Rempe combines sourced/aged bourbons into limited annual vattings (a true blend, no single distillery of origin). Kentucky straight bourbon, no peat.
blue	Blue	blend	GB-SCT					unknown			unverified	unknown		Single generic colour-word name; could not be identified as any specific brand and is below the 5-character alias floor regardless. Kept as a minimal row only so the (necessarily brand-scope) alias exists; note in alias.tsv that it will not resolve in-name.
bold-thady	Bold Thady	blend	IE					unknown			unverified	unknown		Likely named after the Irish folk-song character "Bold Thady Quill"; no producer identified this session.
bombergers	Bomberger's	brand	US				bourbon	none	michters		unverified	low	https://en.wikipedia.org/wiki/Bomberger%27s_Distillery https://en.wikipedia.org/wiki/Bourbon_whiskey	Wikipedia: the modern 'Bomberger's'-branded whiskey (e.g. 'Bomberger's Declaration' in my sample) is a Michter's product with 'no direct connection' to the historic 1753-1989 Bomberger's/Michter's Distillery site in Pennsylvania (a National Historic Landmark, now non-operating). parentSlug=michters is not a row in my own producer.tsv - Michter's is a well-known US whiskey brand/producer another batch will very likely cover; flag if it does not. peatProfile via the generic bourbon-category fact.
bonailie	Bonailie	blend	GB-SCT	lowland	lowland		blend	unknown			unverified	low		Believed (general knowledge, not confirmed this session) to be a Bladnoch-associated blended Scotch from an earlier ownership era; the current Bladnoch site does not list it and no other citation was found.
bonnington	Bonnington	distillery	GB-SCT	lowland	lowland	Halewood Artisanal Spirits	single malt	unknown			auto	high	https://en.wikipedia.org/wiki/Bonnington_distillery	Edinburgh-area Lowland distillery; per Wikipedia (Aug 2025) the range now includes both a 47% ABV non-peated spirit and a 51% ABV peated spirit, both matured in Muscat casks, with no separate brand name splitting the two (contrast Annandale's separately-named Man O'Sword / Man O'Words). Left as a single unknown-peat row for that reason rather than guessing which release a catalogue listing means.
boone-county	Boone County	distillery	US					none			unverified	low	https://en.wikipedia.org/wiki/Bourbon_whiskey https://en.wikipedia.org/wiki/Irish_whiskey	Believed to be Boone County Distilling Co. (Independence, Kentucky) from general knowledge - not verified via a fetched source this session, so the kind=distillery call is a judgment call, not a confirmed fact. peatProfile via the generic bourbon-category fact (charred-oak/corn-mash process, no peat-smoking step described anywhere for bourbon production), not brand-specific.
borders	Borders	distillery	GB-SCT	lowland	lowland	The Three Stills Company	single malt	unknown			auto	high	https://en.wikipedia.org/wiki/Borders_distillery	First Scotch distillery in the Scottish Borders since 1837 (Hawick, opened 2018); also makes William Kerrs Gin (unrelated to whisky naming). No peat/smoke level stated in the (fully read) Wikipedia article. Alias kept brand-scoped: 'Borders' is a common geographic word.
boulder	Boulder Spirits	distillery	US					none			unverified	low	https://boulderspirits.com/	Colorado craft distillery; its own site states "American Single Malt Whiskey" as its focus, with no bourbon mentioned. Core range presumed unpeated; catalogue also lists "Boulder Peated Malt" as a distinct expression -- likely already caught by the central "peated" keyword rule, no producer rule added. defaultTypeName left empty since it is unclear whether the whole range is single malt only.
boulevardier	Boulevardier	blend	XX					unknown			unverified	unknown		Single generic product line with no other qualifier; "Boulevardier" is otherwise a classic bourbon/Campari/vermouth cocktail name, so this may be a bottled RTD cocktail mis-filed under whisky rather than an actual whiskey brand (same concern as Ice Drive, see final report) rather than a whiskey brand -- left fully unknown.
bouteille	Bouteille	blend	FR					unknown			unverified	unknown		"Bouteille" is simply French for "bottle" -- this may be a scraping/page-structure artifact (a label word mistaken for the brand) rather than a genuine brand name; flagged for human review rather than skipped outright, since it is plausibly real French whisky with an unidentifiable brand string. No producer found this session either way.
bowmore	Bowmore	distillery	GB-SCT	islay	islay	Beam Suntory	single malt	medium			auto	high	https://en.wikipedia.org/wiki/Bowmore_distillery https://www.whiskytorbati.it/en/bowmore-distillery-guide/	Peated to ~25-30 ppm phenol, mid-range on Islay
bradan-orach	Bradan Orach	brand	GB-SCT	speyside	speyside	Inver House Distillers	single malt	none	speyburn		unverified	low	https://en.wikipedia.org/wiki/Speyburn_distillery	Bradan Orach is Speyburn's entry-level NAS single malt; catalogue lists it under this name rather than 'Speyburn'. Peat inferred from the parent distillery's standard unpeated Speyside profile, not a Bradan-Orach-specific citation, hence confidence=low.
braeval	Braeval	distillery	GB-SCT	speyside	speyside	Chivas Brothers	single malt	none			auto	high	https://en.wikipedia.org/wiki/List_of_whisky_distilleries_in_Scotland	Historically named "Braes of Glenlivet" (the catalogue's spelling, and still used by independent bottlers, e.g. Douglas Laing per sample); renamed Braeval in the 1990s. Standard unpeated Speyside malt.
breckenridge	Breckenridge Distillery	distillery	US				bourbon	none			unverified	low	https://en.wikipedia.org/wiki/Whisky	Colorado craft distillery, confirmed via Wikipedia as a cask supplier to Kilchoman and an award-winning aquavit producer; bourbon-based range (Blend, Rum/PX/Port cask finishes, Distiller's High Proof). No peat indication found; American whiskey is not traditionally peat-kilned per cited page.
brenne	Brenne	distillery	FR			Local Infusions LLC (Samson & Surrey)	single malt	unknown			unverified	low	https://www.brennewhisky.com/	French single malt, distilled in Cognac from estate-grown heirloom barley (founder Allison Parc). Official site markets it as smooth and approachable but states no peat/smoke information either way, so left unknown rather than assumed.
brora	Brora	distillery	GB-SCT	highland	highland	Diageo	single malt	medium			auto	high	https://en.wikipedia.org/wiki/Brora_distillery https://scotchwhisky.com/whiskypedia/2017/brora/	Wikipedia: produced heavily peated whisky 1969-1973 (covering an Islay/Caol Ila shortfall), with most whisky made under the Brora name after 1973 in a 'lightly peated Highland style' before closure in 1983; reopened 2021 (still very young stock, no core range profile confirmed yet). scotchwhisky.com's whiskypedia entry: 'you will find Broras which are immensely oily and smoky, as well as some in which there is the merest exhalation of peat' -- i.e. genuinely variable by vintage. Classified medium as a defensible midpoint; a reviewer should treat individual releases as ranging from light to heavy.
bruichladdich	Bruichladdich	distillery	GB-SCT	islay	islay	Rémy Cointreau	single malt	none			auto	high	https://en.wikipedia.org/wiki/Bruichladdich_distillery https://www.remy-cointreau.com/en/brands/bruichladdich-port-charlotte-octomore/	Added because Port Charlotte (this batch) references it via parentSlug. Core Bruichladdich-branded range is unpeated; siblings Port Charlotte (heavy) and Octomore (extreme, not in this batch) are separate producer rows
buchanans	Buchanan's	blend	GB-SCT			Diageo	blend	none			unverified	low	https://en.wikipedia.org/wiki/Buchanan%27s	Standard Diageo blended Scotch since 1884; no peat or smoke character mentioned in sourced material.
bud-spencer	Bud Spencer	blend	XX					unknown			unverified	unknown		"Bud Spencer" (samples: The Legend, The Legend Mini) most likely trades on the name of the Italian actor Carlo Pedersoli (stage name Bud Spencer) as licensed merchandise; Wikipedia search only returns his biography, no dedicated drinks-brand page. Could not confirm whether the liquid is actually whisky (celebrity-branded rum is at least as plausible) -- flagging for reviewer attention rather than guessing kind/country/peat.
buffalo-trace	Buffalo Trace	distillery	US			Sazerac Company	bourbon	none			auto	high	https://en.wikipedia.org/wiki/Buffalo_Trace_Distillery	Standard Kentucky straight bourbon, unpeated.
bulleit	Bulleit	blend	US			Diageo		none			auto	high	https://en.wikipedia.org/wiki/Bulleit_Bourbon	Bourbon (Shelbyville/Lebanon KY) and rye (Lawrenceburg IN) come from two different mashbills/sites, so defaultTypeName left empty. No peat/smoke mentioned
bunnahabhain	Bunnahabhain	distillery	GB-SCT	islay	islay	Distell	single malt	none			auto	high	https://en.wikipedia.org/wiki/List_of_whisky_distilleries_in_Scotland https://en.wikipedia.org/wiki/Bunnahabhain_distillery https://en.wikipedia.org/wiki/Islay	Wikipedia: "one of the milder single malt Islay whiskies"; the Islay article groups it with Bowmore/Bruichladdich/Caol Ila as "substantially lighter in taste" than Laphroaig/Ardbeg. Core range unpeated; its Mòine range is heavily peated (see rule.tsv) per the research brief's own worked example — that specific pairing was not independently re-verified via an opened source.
burn-o-bennie	Burn O'Bennie	distillery	GB-SCT	highland	highland	Deeside Brewery & Distillery Ltd.	single malt	unknown			auto	high	https://en.wikipedia.org/wiki/List_of_whisky_distilleries_in_Scotland	No Wikipedia article. Guessed official domains for 'Deeside Brewery & Distillery' either failed TLS validation or resolved to an unrelated parked-domain sales page; the real site was not located this session. Nothing fetchable to cite.
burnside	Burnside	brand	GB-SCT	speyside	speyside		single malt	none	balvenie	cadenhead	unverified	low	https://en.wikipedia.org/wiki/Balvenie_distillery	Well-documented teaspoon name Cadenhead uses for undisclosed Balvenie (per this project's research brief). Peat inferred from parent Balvenie's core unpeated range since no source names Burnside specifically; short/generic English word so alias scope is brand not any.
bushmills	Bushmills	distillery	IE			Proximo Spirits		none			auto	high	https://en.wikipedia.org/wiki/Old_Bushmills_Distillery https://en.wikipedia.org/wiki/Irish_whiskey	Distillery is in Bushmills, County Antrim, Northern Ireland (UK, not the Republic of Ireland) -- GB used since no GB-NIR code exists in the closed list. Range spans single malt (10/12/16/21yo) and blended (Original, Black Bush, Red Bush) so defaultTypeName left empty. Irish whiskey wiki page: peat is rarely used outside Scotland, no exception listed for Bushmills. Country normalized GB -> IE: the closed list has no GB-NIR and this seed follows the Irish-whiskey GI convention.
cabrach	Cabrach	distillery	GB-SCT	speyside	speyside	The Cabrach Trust	single malt	unknown			auto	high	https://cabrachtrust.org/	The Cabrach Trust's site (fetched, redirects to cabrachtrust.org) is framed around the wider Cabrach heritage area rather than the distillery specifically; no distillery/whisky subpage or peat statement was found. No dedicated Wikipedia article exists (only the place 'Cabrach' and the distilleries list).
cadenhead	Cadenhead's	bottler	GB-SCT			J&A Mitchell & Company		unknown			auto	high	https://en.wikipedia.org/wiki/Springbank_(distillery)	William Cadenhead's, Scotland's oldest independent bottler, owned by J&A Mitchell (Springbank's parent). Samples name Tomatin, BenRiach, Burnside(=Balvenie teaspoon), Auchroisk and Ben Nevis; distillery rows added for each below.
cailleach	Cailleach	blend						unknown			unverified	unknown		Brand identity not confidently established this pass -- no distinguishing samples beyond the bare name repeated six times. No search performed (budget spent on higher-volume brands); left unknown rather than guessed.
cairn	Cairn	distillery	GB-SCT	speyside	speyside	Gordon & MacPhail	single malt	unknown			auto	high	https://en.wikipedia.org/wiki/Gordon_%26_MacPhail https://www.thecairndistillery.com/	Built by Gordon & MacPhail near Grantown-on-Spey, operational since October 2022 (per the Gordon & MacPhail Wikipedia article). No dedicated Wikipedia article for the distillery itself; its own site (fetched) is a JS-rendered HubSpot page with no extractable peat statement, and other candidate sources either 403'd (whisky.com, masterofmalt) or had no dedicated article. Left unknown despite real effort -- no reason to assume unpeated Speyside style without a citation, especially since G&M's other distillery (Benromach) is deliberately peated.
caisteal-chamuis	Caisteal Chamuis	blend	GB-SCT			Mossburn Distillers		unknown			unverified	low	https://www.caisteal-chamuis.com/	Site footer credits "Mossburn Distillers Ltd, a Marussia Beverages company" — the same owner as Torabhaig. Named after Knock Castle (Caisteal Chamuis / Castle Camus) on the Sleat peninsula, Skye, near Torabhaig; likely a blended malt released while Torabhaig's own stock matured, but exact composition and peat level were not confirmed.
cameronbridge	Cameronbridge	distillery	GB-SCT	lowland	lowland	Diageo	grain	none			auto	high	https://scotchwhisky.com/whiskypedia/1997/cameronbridge/	Largest grain distillery in Scotland, wholly owned by Diageo since 1997; founded by John Haig 1824. Source distillery of Haig Club.
canada-house	Canada House	blend	CA				blend	none			auto	high	https://en.wikipedia.org/wiki/Canadian_whisky	Canadian whisky brand; owner not verified this session. Canadian whisky is categorically "lighter and smoother" per cited source - no peat tradition.
canadian-club	Canadian Club	blend	CA			Suntory Global Spirits	blend	none			unverified	low	https://en.wikipedia.org/wiki/Canadian_Club https://en.wikipedia.org/wiki/Irish_whiskey	Blended Canadian whisky, produced at the former Hiram Walker distillery (Windsor, Ontario); owned by Suntory Global Spirits (formerly Beam Suntory) since 2011, part of the Jim Beam portfolio. No Canadian-Club-specific peat statement found; peat citation is the general "peat is rarely used in the malting process outside of Scotland" statement on the Irish whiskey page, used here as a category-level source for a non-Scotch whisky.
canadian-mist	Canadian Mist	distillery	CA			Sazerac Company	blend	none			auto	high	https://en.wikipedia.org/wiki/Canadian_Mist	Collingwood, Ontario; triple-distilled continuous still, aged in charred white oak. Introduced 1967 by Brown-Forman, sold to Sazerac Company in 2020 together with Early Times (same reference confirms both sales in one transaction). Canadian whisky does not use peated malt by convention; no explicit statement found, category-level inference.
canmore	Canmore	blend	GB-SCT					none			unverified	low	https://en.wikipedia.org/wiki/Scotch_whisky	Name references the historic Scottish Canmore royal line, suggesting an own-label blended Scotch; no independent web presence found to confirm producer. Peat left at the ordinary-blend default per cited page (peat/smoke concentrated in Islay).
caol-ila	Caol Ila	distillery	GB-SCT	islay	islay	Diageo	single malt	heavy			auto	high	https://en.wikipedia.org/wiki/Caol_Ila_distillery https://www.whiskeyatlas.co.uk/learn/every-islay-distillery-ranked-peat	~35-38ppm, comparable to Lagavulin's level - classed heavy rather than medium on that basis. Named in Artist and The Kinship series samples (this batch).
caperdonich	Caperdonich	distillery	GB-SCT	speyside	speyside	Chivas Brothers (Pernod Ricard)	single malt	none			auto	high	https://en.wikipedia.org/wiki/Caperdonich_distillery	Closed 1902 (as Glen Grant #2) then 1965-2002, demolished 2010; historically a standard Speyside blending malt for Chivas Regal, no peat mentioned anywhere in its Wikipedia article. IMPORTANT FOR REVIEWER: 3 of the 5 catalogue sample names read 'Caperdonich Peated' -- I could not find any citation confirming this expression exists or its intensity (scotchwhisky.com has no Caperdonich page at the URL I tried, no Wikipedia mention of a peated Caperdonich). Deliberately wrote NO rule for it rather than invent one; flag for human review, possibly an independent-bottler cask exception.
cardhu	Cardhu	distillery	GB-SCT	speyside	speyside	Diageo	single malt	none			auto	high	https://en.wikipedia.org/wiki/List_of_whisky_distilleries_in_Scotland	Major Johnnie Walker blend component; standard unpeated Speyside malt, uncontroversial and well documented.
carpathian	Carpathian	blend	XX					unknown			unverified	unknown		Could not identify producer or country of origin, no Wikipedia presence, no locatable official site found this session. Sample names (Shiraz, Palo Cortado cask finishes) suggest a wine-cask-finished whisky, possibly a market-exclusive brand. Flag for reviewer.
cask-orkney	Cask Orkney	blend	GB-SCT	islands	highland			unknown			unverified	low		Undisclosed-distillery label, same pattern as Secret Orkney - likely Highland Park or Scapa, deliberately not guessed per brief rule 3.
catchers-rye	Catcher's Rye	blend	US				rye	none			unverified	low	https://en.wikipedia.org/wiki/Whisky	American rye whiskey; specific producer not identified this session. Treated at the American-rye category default (unpeated).
catoctin-creek	Catoctin Creek	distillery	US				rye	unknown			unverified	unknown		No search performed (small craft producer, 2 products); known from general knowledge as a Virginia craft rye distillery (Roundstone Rye), but no citation opened so peat left unknown rather than asserted
cattos	Catto's	blend	GB-SCT			Inver House Distillers	blend	none			unverified	low	https://en.wikipedia.org/wiki/Blended_whiskey	Standard blended Scotch; owner (Inver House Distillers/International Beverage) is from general trade knowledge, NOT confirmed by a citation opened this session (the Inver House Distillers Wikipedia article I fetched does not actually mention Catto's by name) -- flag for reviewer to verify ownership independently. peatProfile=none is a category default for an ordinary blend (grain-whisky-led per the Blended whiskey article), not a Catto's-specific citation.
cedar-ridge	Cedar Ridge	distillery	US					none			unverified	low	https://en.wikipedia.org/wiki/Irish_whiskey	Iowa craft distillery; range spans bourbon and wheat whiskey per samples (defaultTypeName left empty). Could not load their own site this session (DNS/403 errors on several domain guesses). Peat=none per general American-whiskey category norm (cited page: peat rarely used outside Scotland), confidence kept low since not distillery-specific.
celtic-revival	Celtic Revival	blend	IE				blend	none			unverified	low	https://en.wikipedia.org/wiki/Irish_whiskey	No web presence found (single product, no distinguishing sample). Irish-themed own-label blend pattern, category default applied per the brief's long-tail rule.
charlie-parrys-mallows	Charlie Parry's Mallows	blend	US					unknown			unverified	unknown		"Mallows" suggests a marshmallow-flavoured novelty bourbon liqueur rather than a straight whiskey. Producer not identified this session; searches returned nothing on point.
chichibu	Chichibu	distillery	JP			Venture Whisky Ltd	single malt	unknown			unverified	low	https://en.wikipedia.org/wiki/Chichibu_distillery https://88bamboo.co/blogs/brand-spotlights/the-story-of-how-the-little-chichibu-distillery-came-to-be-the-most-sought-after-japanese-whisky-in-the-world-part-2	Runs both peated (~45ppm, about a quarter of the year) and unpeated (~three quarters) malt, and often vats both together in one release; no reliable per-bottling signal from names alone ("On The Way", "Paris Edition", "Red Wine Cask"), so left unknown rather than guessed
chieftains	Chieftain's	bottler	GB-SCT			Ian Macleod Distillers		unknown			auto	high	https://en.wikipedia.org/wiki/Ian_Macleod_Distillers	Independent bottling range of Ian Macleod Distillers Ltd (Broxburn; family-owned since 1933; also owns Glengoyne/Tamdhu/Rosebank distilleries and the peated Smokehead brand) -- confirmed parent company via Wikipedia. "Chieftain's" itself is not named on that page but is directly evidenced by this batch's own sample, "Chieftain's The Cigar Malt (Ian Macleod)", which states the parent in the product name itself. "The Cigar Malt" names no source distillery, so it is left unresolved (undisclosed-cask label) rather than guessed. Bottler has no single house peat level.
chita	Chita	distillery	JP			Suntory	grain	none			auto	high	https://en.wikipedia.org/wiki/Chita_distillery	Single grain whisky; official infobox states "Light taste, Citrus notes, Medium finish" - no peat, as expected for grain whisky.
chivas-regal	Chivas Regal	blend	GB-SCT			Chivas Brothers (Pernod Ricard)	blend	light			auto	high	https://thewhiskeyjug.com/scotch-whiskey/chivas-regal-12-years-review/ https://distiller.com/spirits/chivas-regal-brothers-blend/tastes	Built around Speyside malts, notably Strathisla and Longmorn. Reviews consistently note faint/light peat and smoke rather than a peat-forward profile. Both catalogue brand strings "Chivas" and "Chivas Brothers" are aliased here since nearly all of their sample products are Chivas Regal; Royal Salute (also sometimes filed under "Chivas Brothers") is a separate row relying on its own distinctive in-name alias.
civitas	Civitas	distillery	MD			Chateau Cojușna		none			unverified	low	https://vinotecaromaneasca.ro/shop-2/whiskey-civitas-single-malt/ https://mediagalaxy.ro/whisky-civitas-0-7l/cpd/SPRSGRWSC/	Moldovan single malt (3-year, "Original Scottish Technology" claim) plus flavoured Honey/Apple variants, so defaultTypeName left empty. No smoke/peat mentioned in the thin, partly foreign-language sourcing available
clan-campbell	Clan Campbell	blend	GB-SCT				blend	none			unverified	low	https://thewhiskeywash.com/scotch-whiskey/from-mild-to-wild-understanding-peat-levels-in-scotch-whisky/	Established mass-market blended Scotch, popular in continental Europe. Ownership not verified this pass (attempted lookup of La Martiniquaise's brand list did not include it, so owner left empty rather than guessed); treated as unpeated per the ordinary blended-Scotch default.
clan-denny	Clan Denny	blend	GB-SCT			Douglas Laing & Co		none		douglas-laing	unverified	low	https://www.douglaslaing.com/en-us/products/clan-denny-highland-single-malt https://www.douglaslaing.com/en-us/products/clan-denny-speyside-single-malt	Douglas Laing's regional "Remarkable Regional Malts" range - single-cask/small-batch bottlings labelled by region (Islay, Highland, Speyside, and others). Some regions are sold as single malt, others as blended malt on Douglas Laing's own site, which this batch's plain "Clan Denny Islay/Highland/Speyside" sample names cannot disambiguate - defaultTypeName left empty. Baseline set to unpeated for the Highland/Speyside editions (not explicitly confirmed for those two individually); the Islay edition is a heavily peated exception - see rule row.
clan-macgregor	Clan MacGregor	blend	GB-SCT				blend	none			unverified	low	https://www.totalwine.com/spirits/scotch/blended-scotch/clan-macgregor-blended-scotch-whisky/p/2736750	Blend of 15 malt and grain whiskies; no explicit peat statement, inferred unpeated from "delicate sweet, smooth mellow" tasting description with no smoke mentioned. Owner commonly associated with Whyte & Mackay in trade chatter but not confirmed via a source actually opened, left empty
claymore	Claymore	blend	GB-SCT			Whyte & Mackay	blend	light			unverified	low	https://www.whyteandmackayltd.com/our-brands/claymore/	Retailer/producer copy mentions 'a gentle smoky note'; single non-technical source, low confidence.
clear-creek	Clear Creek Distillery	distillery	US					unknown			auto	high	https://en.wikipedia.org/wiki/Clear_Creek_Distillery	Hood River, Oregon (formerly Portland). Also makes fruit brandies and liqueurs alongside McCarthy's whiskey, so defaultTypeName left empty and peatProfile left unknown at the distillery level (see the mccarthys row for the specific, unresolved peat question).
clonakilty	Clonakilty	distillery	IE					none			unverified	low	https://en.wikipedia.org/wiki/List_of_whiskey_distilleries_in_Ireland https://en.wikipedia.org/wiki/Irish_whiskey	Independent craft distillery, County Cork, founded 2016. One sample ('Double Oak Blend') indicates the range includes a blend, so defaultTypeName left empty. peatProfile via general Irish-whiskey category fact, not distillery-specific.
clydeside	Clydeside	distillery	GB-SCT	lowland	lowland	Morrison Glasgow Distillers	single malt	none			auto	high	https://en.wikipedia.org/wiki/Clydeside_Distillery https://www.theclydeside.com/our-whisky/our-whiskies/	Glasgow distillery (Queen's Dock pumphouse), opened 2017. Core Stobcross/Napier releases are 'light, fruity and elegant' Lowland style. Distillery also makes a heavily peated once-a-year 'Fortnight' release (54ppm), not seen in this batch's samples - see rule.
clynelish	Clynelish	distillery	GB-SCT	highland	highland	Diageo	single malt	light			auto	high	https://scotchwhisky.com/whiskypedia/1831/clynelish/	Distillery spec explicitly lists 'Non peated' malt / 'Non peaty' new-make. Known for a distinctive waxy character unrelated to peat. Do not confuse with its historical neighbour Brora (a separate, distinct distillery with some heavily-peated years 1969-73) - Brora is not in this batch.
coalition	Coalition	brand	US				rye	none	kentucky-artisan-distillery		unverified	low	https://www.coalitionwhiskey.com/ https://www.breakingbourbon.com/review/coalition-straight-rye-margaux-barriques-finish	100% Kentucky straight rye whiskey; wine-cask-finished expressions (Margaux/Pauillac/Sauternes Barriques) plus a Barrel Proof base release. Rye whiskey, no peat used.
compass-box	Compass Box	bottler	GB-SCT					unknown			auto	high	https://en.wikipedia.org/wiki/Compass_Box	Independent Scotch blending house (whisky.com itself lists it under /independent-bottlers/), founded 2000 by John Glaser, based in Richmond, England (not Scotland). Bottles both unpeated (Hedonism, blended grain) and peated (Peat Monster, not in this batch's samples) ranges under many named lines with no single house peat level, hence unknown; see rule.tsv for a defensive Peat Monster rule. Owner left empty - independent company, no acquisition confirmed
conciere	Conciere	blend						unknown			unverified	low		No web presence found; catalogue gives only "Conciere" with no further detail. Treated as a generic own-label; peat left unknown rather than assumed "none" since no citation could be opened.
connemara	Connemara	brand	IE			Suntory Global Spirits (Kilbeggan Distilling Co.)	single malt	medium	cooley		auto	high	https://en.wikipedia.org/wiki/Cooley_Distillery https://www.connemarawhiskey.com/	The only widely-available peated Irish single malt. Distilled at Cooley. Phenol level reported ~14-15 ppm - clearly peated but well below Islay heavyweights, so classed medium rather than heavy.
cooley	Cooley	distillery	IE			Suntory Global Spirits		none			auto	high	https://en.wikipedia.org/wiki/Cooley_Distillery	Main output (Tyrconnell, Kilbeggan, 2 Gingers) is unpeated; Connemara is the peated exception, modelled as a separate brand row (parentSlug=cooley) rather than averaged in. defaultTypeName left empty since the site makes single malt, blended and grain whiskey.
coopers-choice	Cooper's Choice	bottler	GB-SCT			The Vintage Malt Whisky Company		unknown			auto	high	https://www.vintagemaltwhisky.com/	Confirmed as the single-cask independent-bottler range of The Vintage Malt Whisky Company (Glasgow, est. 1992 by Brian Crook). Distillery rows added below for Dailuaine/Inchgower/Strathisla, named in this brand's samples.
copper-dog	Copper Dog	blend	GB-SCT	speyside	speyside		malt	none			auto	high	https://whiskyadvocate.com/Copper-Dog-40 https://scotchnoob.com/2019/02/04/copper-dog/	Blended malt Scotch vatting eight Speyside single malts, created for the Craigellachie Hotel's Copper Dog pub by Piers Adam and master blender Stuart Morrison. Fruity/honeyed profile (honey, toast, pecan, apple, fudge, orange peel), no smoke reported.
copper-rivet	Copper Rivet Distillery	distillery	GB-ENG					unknown			unverified	low	https://en.wikipedia.org/wiki/List_of_whisky_distilleries_in_England	Added because Masthouse (this batch) references it via parentSlug. Chatham, Kent; also makes Dockyard gin and Vela vodka (not whisky).
corsair	Corsair	distillery	US					unknown			unverified	low	https://www.corsairdistillery.com/	Craft distillery, Nashville TN (also historically Bowling Green KY); very experimental range. Could NOT confirm whether 'Triple Smoke' (named in this batch's samples) uses any peated malt among its smoke woods - some public descriptions pair cherry/beechwood/peat - so left unknown rather than guessing. Catalogue brand string is misspelled 'Corsaire' in this batch's input
courage-conviction	Courage & Conviction	brand	US				single malt	none	virginia-distillery-company		unverified	low	https://vadistillery.com/	Virginia Distillery Company's flagship 100%-Virginia-distilled single malt line, cask-finished (Bourbon/Sherry/Cuvee/etc.) -- named explicitly on the official site as "our Courage & Conviction brand". No peat/smoke stated; peatProfile=none by the same reasoning as the parent row.
crabbie	Crabbie	blend	GB-SCT				blend	none			unverified	low	https://en.wikipedia.org/wiki/Scotch_whisky	John Crabbie & Co blended Scotch; commonly attributed to Halewood International but not verified this session (dedicated Wikipedia page 404'd), so owner left empty. "Crabbie and Cree" sample is unclear - possibly a set or a specific SKU name - not further resolved. Peat=none per ordinary-blend category norm.
cragganmore	Cragganmore	distillery	GB-SCT	speyside	speyside	Diageo	single malt	none			auto	high	https://en.wikipedia.org/wiki/Cragganmore_distillery https://en.wikipedia.org/wiki/Classic_Malts_of_Scotland	REVIEW: standard Speyside Diageo Classic Malt; in the Classic Malts lineup only Talisker/Lagavulin are singled out as 'strongly flavoured', implying Cragganmore is not. No source found with an explicit 'unpeated' statement, so confidence kept low. Some tasting notes describe a delicate meaty/smoky character from its unusual flat-topped stills and worm-tub condensers -- a distillation-character trait, not peat -- flagging for human review.
craigellachie	Craigellachie	distillery	GB-SCT	speyside	speyside	John Dewar & Sons (Bacardi)	single malt	none			auto	high	https://thewhiskeywash.com/distillery-profiles/getting-funky-behind-scenes-craigellachie-distillery/	Central Speyside distillery known for a sulphury/meaty house style from worm-tub condensers (unrelated to peat); one source's own heading calls it "Speyside's Distinctive Unpeated Distillery".
crater-lake	Crater Lake	blend	US				rye	unknown			unverified	low		Not researched (budget). "Crater Lake" is a well-known Oregon, US landmark; countryCode/defaultTypeName inferred from the name, peat left unknown per no-citation policy.
crazy-charley	Crazy Charley	blend						unknown			unverified	low		Very little web presence found beyond an EU retailer (WineStyle) listing "Sour Mash", "Black Label" and "White Label" variants, suggesting an American-style whiskey, but no distillery, owner or country could be confirmed.
croithli	Croithlí	distillery	IE				single malt	none			unverified	low	https://thecrollydistillery.com/our-whiskey-sessile/ https://www.firstfillspirits.com/product/croithli-single-malt-irish-whiskey-sessile-oak/	Crolly Distillery, County Donegal -- first licensed whiskey distillery in Donegal since the 1840s. Tasting notes show no smoke/peat character (vanilla, caramel, orchard fruit, oak). 'Croithlí' is the Irish-language place name spelled with a fada; catalogue brand string 'Croithli' drops it.
cromwells-royal	Cromwell's Royal	blend	GB-SCT					unknown			unverified	low		Own-label blended Scotch, no web presence found; fast-tracked per own-label rule.
crown-royal	Crown Royal	blend	CA			Diageo	blend	none			unverified	low	https://en.wikipedia.org/wiki/Crown_Royal https://en.wikipedia.org/wiki/Irish_whiskey	Blended Canadian whisky created by Seagram, owned by Diageo since 2000; blended/bottled in Amherstburg, Ontario. No Crown-Royal-specific peat statement found; peat citation is the general non-Scotch-unpeated statement (see canadian-club note).
cu-bocan	Cù Bòcan	brand	GB-SCT	highland	highland	Takara Shuzo	single malt	light	tomatin		unverified	high	https://en.wikipedia.org/wiki/Tomatin_distillery	Tomatin's peated sibling brand -- "lightly peated single malt" per the cited page, produced one week a year. Parent "tomatin" is included as its own row in this batch's producer.tsv (see below).
cumberland-falls	Cumberland Falls	distillery					bourbon	none			unverified	low	https://en.wikipedia.org/wiki/Bourbon_whiskey	No country stated by the catalogue and no specific producer identified this session (named for the Kentucky waterfall). peatProfile=none rests on the general bourbon-is-unpeated category convention, not a brand-specific source.
cutty-sark	Cutty Sark	blend	GB-SCT			La Martiniquaise	blend	none			unverified	low	https://en.wikipedia.org/wiki/Cutty_Sark_(whisky)	No explicit peat statement found; inferred from its historic reputation as a deliberately light/mild style blend
d-u-c	D.U.C	blend	XX					unknown			unverified	low		No web presence found this session ("Double Cask"/"Triple Cask" samples only, a naming convention many brands use); country and style could not be identified.
daddy-rack	Daddy Rack	blend	US				tennessee	unknown			unverified	low		Product name explicitly says 'Tennessee Straight', the basis for countryCode=US/defaultTypeName=tennessee; producer/distillery not identified this session
daftmill	Daftmill	distillery	GB-SCT	lowland	lowland	Francis and Ian Cuthbert	single malt	none			auto	high	https://en.wikipedia.org/wiki/Daftmill_distillery	Wikipedia explicitly states Daftmill uses "un-peated malt". Farm distillery, Cupar, Fife (Lowland).
dailuaine	Dailuaine	distillery	GB-SCT	speyside	speyside	Diageo	single malt	none			auto	high	https://en.wikipedia.org/wiki/Dailuaine https://thewhiskeywash.com/scotch-whiskey/from-mild-to-wild-understanding-peat-levels-in-scotch-whisky/	Added to resolve Scyfion's sample bottlings. Cited page confirms region/owner but not peat explicitly; unpeated is standard for this Speyside malt (mainly blending stock).
dalmahoy	Dalmahoy	blend	GB-SCT				blend	none			unverified	low	https://en.wikipedia.org/wiki/Scotch_whisky	No dedicated source found. Dalmahoy is a real place name (estate near Edinburgh) used as an own-label; treated as ordinary blended Scotch per category convention.
dalmore	Dalmore	distillery	GB-SCT	highland	highland	Whyte & Mackay	single malt	none			auto	high	https://en.wikipedia.org/wiki/List_of_whisky_distilleries_in_Scotland https://en.wikipedia.org/wiki/Scotch_whisky	Region/owner from the local Scottish-distilleries authority file. Peat claim rests on the Highland region's general character per the Scotch whisky Wikipedia Region section ('fruity, sweet, spicy, malty', no smoke mentioned there), not a Dalmore-specific statement - kept low confidence despite being well known in whisky literature as unpeated.
dalmunach	Dalmunach	distillery	GB-SCT	speyside	speyside	Chivas Brothers (Pernod Ricard)	single malt	none			auto	high	https://en.wikipedia.org/wiki/Dalmunach_distillery https://thewhiskeywash.com/scotch-whiskey/from-mild-to-wild-understanding-peat-levels-in-scotch-whisky/	Opened 2015 (explains the "XXI century" sample) on the old Imperial distillery site, Carron, Speyside; built mainly to supply Chivas Regal blending stock. Cited page does not state peat explicitly; unpeated is standard for this style/region.
dalwhinnie	Dalwhinnie	distillery	GB-SCT	highland	highland	Diageo	single malt	none			auto	high	https://en.wikipedia.org/wiki/Dalwhinnie_distillery	Marketed by Diageo as "The Gentle Spirit"; well-established unpeated Highland malt, highest distillery in Scotland.
darkness	Darkness!	bottler	GB-ENG			Master of Malt (Atom Brands)		unknown			auto	low	https://www.darknesswhisky.com/	Sherry/wine-cask finishing range; darknesswhisky.com redirects (301) to masterofmalt.com/distilleries/darkness-whisky/, confirming it as Master of Malt's own finishing brand (that page itself returned 403 so its text could not be read). Finishes span multiple source distilleries at differing house peat levels (Strathisla/Linkwood unpeated, Bowmore medium, see their rows), so left unknown at brand level.
david-nicholson	David Nicholson	blend	US				bourbon	none			unverified	low	https://en.wikipedia.org/wiki/Bourbon_whiskey	Small American bourbon label ("1843", "Reserve"). Could not confirm the current producing distillery this session (no working page found); kind=blend used as the safe default for a sourced/undisclosed-distillery American whiskey label rather than asserting a specific parent. peatProfile=none rests on the general bourbon-is-unpeated category fact, not a brand-specific source.
daviess-county	Daviess County	brand	US			Lux Row Distillers	bourbon	none	lux-row-distillers		unverified	low	https://luxrowdistillers.com/	Bourbon brand (core, French Oak finish, Cabernet Sauvignon finish variants) produced at Lux Row Distillers.
de-danann	De Danann	blend	IE					none			unverified	low	https://en.wikipedia.org/wiki/Irish_whiskey	Irish whiskey brand; could not confirm producer/distillery this session (a Wikipedia search only turned up an unrelated folk band of the same name). One sample is 'De Danann Walsh', suggesting a possible link to an Irish producer named Walsh - not confirmed. peatProfile via general Irish-whiskey category fact.
deanston	Deanston	distillery	GB-SCT	highland	highland	CVH Spirits Limited	single malt	none			auto	high	https://en.wikipedia.org/wiki/Deanston_distillery	Standard unpeated Highland malt, un-chill filtered, natural colour. NOTE FOR REVIEWER: Wikipedia (fetched today) names the current owner as CVH Spirits Limited, successor to Distell/Burn Stewart Distillers -- flag if another batch's Bunnahabhain/Tobermory rows (same ownership family) assume plain 'Distell'.
deep-river	Deep River	blend	XX					unknown			unverified	unknown		Single-product own label; could not identify this brand this session (WebSearch budget exhausted). Fast/cheap long-tail treatment per the brief; left fully unknown rather than guessed.
deerness	Deerness	distillery	GB-SCT	islands	highland	Deerness Distillery Ltd	single malt	unknown			auto	high	https://www.deernessdistillery.com/	Official site (fetched) markets 'multi-award winning spirits and liqueurs' with no whisky-specific peat statement. No dedicated Wikipedia article for the distillery (only a passing mention in the unrelated Kimbland distillery article, disputing which Orkney distillery matured whisky first).
dewar-rattray	Dewar Rattray	bottler	GB-SCT					unknown			auto	low		Independent bottler (A. Dewar Rattray). Distillery rows added below for Glenrothes/Auchentoshan, named in this brand's samples. Also markets its own recreated blended-malt brand "Stronachie" (see stronachie row), named after a long-closed distillery not in the Wikipedia operating-distilleries authority file.
dewars	Dewar's	blend	GB-SCT			Bacardi (John Dewar & Sons)	blend	none			unverified	low	https://en.wikipedia.org/wiki/Dewar%27s	Wikipedia does not explicitly state unpeated; inferred from its standard mainstream blended-Scotch profile with no peat/smoke mention anywhere in the article
dilmoor	Dilmoor	blend						unknown			unverified	unknown		No information found within budget. Single sample name is 'Gold Mill', which does not obviously relate to the brand name 'Dilmoor' - origin and type could not be determined.
dornoch	Dornoch	distillery	GB-SCT	highland	highland	Dornoch Distillery Company	single malt	unknown			auto	high	https://en.wikipedia.org/wiki/Dornoch_distillery https://www.thompsonbrosdistillers.com/	Distillery's own releases are named 'Dornoch' (e.g. 'Dornoch 2017 3 Year Old Single Cask #001') under the umbrella 'Thompson Bros' label, which also carries independent bottlings of other distilleries -- see the separate 'thompson-bros' bottler row. No peat/smoke level stated in Wikipedia or the (JS-rendered) official site.
douglas-laing	Douglas Laing	bottler	GB-SCT			Douglas Laing & Co		unknown			auto	high	https://en.wikipedia.org/wiki/Douglas_Laing_%26_Co https://www.douglaslaing.com/en-us	Independent bottler est. 1948 in Glasgow, family owned, now 3rd generation. Ranges: Remarkable Regional Malts (Big Peat, Timorous Beastie, Scallywag, Rock Island, Epicurean), Old Particular/Provenance/Xtra Old Particular single casks, King of Scots blend, Clan Denny. Bottler peat is unknown by definition; see big-peat row for its heavily peated Islay blended malt. Timorous Beastie (same range) is understood to be a lightly peated Highland blended malt but was not given its own row because the only peat-level source found looked like generic templated retail copy.
dram-loch	Dram Loch	blend	GB-SCT					unknown			unverified	low		No web presence found this session; "Dram"/"Loch" naming strongly suggests an own-label Scotch blend.
drofa	Дрофа&Люди	blend	UA					unknown			unverified	low		Ukrainian craft producer; samples describe short-aged/unaged distillates finished on oak chips ('Білий Distillate', 'Aged on Bourbon/American Oak Chips'), unclear this is conventional grain whisky rather than a young craft spirit. No citation found this session, no web search budget spent (long tail)
drummers-reserve	Drummers Reserve	blend	GB-SCT				blend	none			unverified	low	https://en.wikipedia.org/wiki/Scotch_whisky	No web presence found this session; assumed ordinary own-label blended Scotch per budget guidance.
dry-fly	Dry Fly	distillery	US					none			unverified	low	https://en.wikipedia.org/wiki/American_Distilling_Institute	Craft distillery, Spokane, Washington -- confirmed real via the American Distilling Institute wiki page (2010/2011 Bubble Cap "Distillery of the Year"). Known for wheat whiskey (not one of the 8 listed defaultTypeName values, left empty). American whiskey categories are not peated.
dubliner	The Dubliner	blend	IE					unknown			unverified	unknown		"The Dubliner Irish Whiskey" is a real retail brand but its current owner could not be confirmed this session (thedublinerwhiskey.com does not resolve, no Wikipedia article). "Bourbon Cask" is a cask-finish descriptor, not evidence of American whiskey.
dublins-own	Dublin's Own	blend	IE				blend	none			unverified	low	https://en.wikipedia.org/wiki/Irish_whiskey	No dedicated source found; own-label Irish blend inferred from the name. Peat via the Irish-whiskey category source.
dufftown	Dufftown	distillery	GB-SCT	speyside	speyside	Diageo	single malt	none			auto	high	https://en.wikipedia.org/wiki/Dufftown_distillery https://thewhiskeywash.com/scotch-whiskey/from-mild-to-wild-understanding-peat-levels-in-scotch-whisky/	Added to resolve Scyfion's sample bottlings. Cited page confirms region/owner but not peat explicitly; unpeated is standard for this Speyside malt (mainly Bell's blending stock and the Singleton of Dufftown range).
dunphail	Dunphail	distillery	GB-SCT	speyside	speyside	Bimber	single malt	unknown			auto	high	https://en.wikipedia.org/wiki/Dunphail_distillery	Bimber's Speyside outpost (floor maltings -- the first built at a Speyside distillery since 1898). Wikipedia states plainly: 'Dunphail make both peated and unpeated spirit' with no separate branding distinguishing the two, so left as a single unknown-peat row rather than guessing which a catalogue listing means (contrast Annandale's separately-named Man O'Sword / Man O'Words).
dunvilles	Dunville's	brand	IE			Echlinville Distillery		none	echlinville		auto	high	https://en.wikipedia.org/wiki/Irish_whiskey https://echlinville.com/	Historic Belfast brand revived by Echlinville Distillery (Co. Down, Northern Ireland; coded IE because the Irish Whiskey GI covers the whole island). Core range (PX, 1808, Oloroso, Blend) is unpeated Irish-style, BUT the cited Wikipedia Irish-whiskey article names "Dunville's peated" as a specific, named exception to the Irish norm. This batch's "Dunville's Dead Island" sample may or may not be that peated release -- could not confirm either way this session, reviewer should check before trusting the base peatProfile for that particular bottling.
eagle-rare	Eagle Rare	brand	US			Sazerac Company	bourbon	none	buffalo-trace		auto	high	https://en.wikipedia.org/wiki/Buffalo_Trace_Distillery	Straight bourbon brand of Buffalo Trace Distillery (wiki: "Eagle Rare -- straight bourbon and 17 year antique collection"), owned by the Sazerac Company. Bourbon is not a peated category.
early-times	Early Times	blend	US				bourbon	none			unverified	low	https://en.wikipedia.org/wiki/Canadian_Mist	Kentucky bourbon brand sold by Brown-Forman to Sazerac in 2020 alongside Canadian Mist; the cited page confirms that sale. Bourbon does not use peated malt. Row added during the P1.7 cross-check: agent 17 emitted the alias but no producer, which the merge reported as a dangling reference.
easy-rider	Easy Rider	blend						unknown			unverified	unknown		No identifiable web presence found for this exact brand; single-product own label, left fully unresolved.
echlinville	Echlinville	distillery	IE					none			unverified	low	https://en.wikipedia.org/wiki/Irish_whiskey https://echlinville.com/	Northern Ireland distillery (Co. Down, est. 2013, the first new Northern Irish distillery in generations), custodian of the Dunville's brand. Coded IE since the Irish Whiskey GI covers the whole island of Ireland; physically located in the UK (Northern Ireland).
ecosse-g	Ecosse G	blend	GB-SCT				blend	none			unverified	low	https://en.wikipedia.org/wiki/Scotch_whisky	No web presence found this session ("Ecosse" = French for Scotland, likely an export-market own-label); assumed ordinary blend per budget guidance.
edderwick	Edderwick	blend	GB-SCT					unknown			unverified	low		Own-label blended Scotch, 3 products in this batch. No web presence found this session.
eddu	Eddu	distillery	FR			Distillerie des Menhirs		none			unverified	low	https://en.wikipedia.org/wiki/Buckwheat_whisky	Buckwheat whisky from Distillerie des Menhirs, Brittany. Production process described (malting/kilning) makes no mention of peat; buckwheat whisky is not in the closed defaultTypeName list so left empty.
eden-mill	Eden Mill	distillery	GB-SCT	lowland	lowland	Paul Miller	single malt	unknown			auto	high	https://edenmill.com/	No dedicated Wikipedia article found (title guesses 404'd). Official site (fetched) markets St Andrews whisky tours/gin; its content is JS-rendered (Shopify) with no extractable peat statement.
edradour	Edradour	distillery	GB-SCT	highland	highland	Edradour Distillery Company (Signatory Vintage / Andrew Symington)	single malt	none			auto	high	https://scotchwhisky.com/whiskypedia/2644/edradour-distillery-company/ https://en.wikipedia.org/wiki/Edradour_distillery	Core Edradour range is unpeated. The distillery also produces the heavily-peated Ballechin line since 2003 (separate producer row, sibling brand -- do not average).
egans	Egan's	blend	IE					none			unverified	low	https://en.wikipedia.org/wiki/Whisky	Irish whiskey range (Vintage Grain, Fortitude, Legacy Reserve). No Wikipedia article found this session confirming producer/ownership; general knowledge points to P. & H. Egan Ltd (Tullamore) but this is unverified this session, left owner empty. Category default applied for peat (Irish whiskey almost always unpeated).
eigashima	Eigashima Shuzo	distillery	JP					unknown			unverified	low	https://en.wikipedia.org/wiki/White_Oak_distillery	Runs the White Oak distillery in Akashi, Japan ("Akashi" branded whisky since 2007). Parent for the Tokinoka brand in this batch. Peat level not stated in the source, left unknown.
eiregold	Eiregold	blend	IE			Hyde Irish Whiskey / Hibernia Distillers	blend	none			unverified	low	https://www.masterofmalt.com/whiskies/eiregold/eiregold-irish-whiskey/ https://www.irishmalts.com/blended/eiregold/	Blend of 80% single grain / 20% single malt, Co. Cork. No explicit peat statement; inferred unpeated from Irish tradition and tasting notes (honey, vanilla, toasted oak) with no smoke mentioned
element	Element	blend	IE					unknown			unverified	unknown		Producer not identified this session (guessed Echlinville Distillery and ruled it out -- its own site lists no "Element" brand). IMPORTANT: this project's own be/CLAUDE.md documents that the catalogue separately holds "Elements of Islay", "M&H Elements" and "Glenmorangie Elementa" as unrelated products specifically as an example of why the 5-character alias floor exists -- so the alias is deliberately kept at brand scope only; it will not resolve either "Element Fusion" or "Element Lore" in-name, which is the correct, honest outcome here.
elements-of-islay	Elements of Islay	bottler	GB-ENG			Elixir Distillers		unknown			auto	high	https://scotchwhisky.com/whiskypedia/2029/elements-of-islay/ https://elixirdistillers.com/brands/	London-based Elixir Distillers' rotating letter-coded range (since 2008) covering every Islay distillery. Peat varies by release/distillery - resolve via in-name match (e.g. Bowmore, seen in samples). See rule for the standalone permanent 'Peat' NAS expression.
elijah-craig	Elijah Craig	brand	US			Heaven Hill		none	heaven-hill		auto	high	https://en.wikipedia.org/wiki/Elijah_Craig_(bourbon) https://heavenhilldistillery.com/elijah-craig-rye.php	Heaven Hill's premium bourbon brand (first released 1986); now also includes a Kentucky Straight Rye, so defaultTypeName left empty rather than "bourbon". No peated malt used.
elixir-distillers	Elixir Distillers	bottler	GB-ENG					unknown			auto	high	https://scotchwhisky.com/whiskypedia/2073/port-askaig/	London-based independent bottler, launched Port Askaig in 2009; also releases the Elements of Islay range. Non-chill-filtered, no added colour across releases.
embra	Embra	brand	GB-SCT	lowland	lowland	David Robertson	single malt	medium	holyrood		unverified	high	https://en.wikipedia.org/wiki/Holyrood_distillery	Part of Holyrood's 2024-25 'Founding Series' of three single malts. Wikipedia: 'Embra, a peated whisky' -- stated without further qualifying intensity, so classified medium rather than heavy pending a tasting-note source.
evade	Evade	distillery	FR			Whiskies Du Monde	single malt	none			unverified	low	https://www.whiskiesdumonde.fr/en/whiskies-1/evade https://www.platinaliquor.com/liquor/evade-peated-french-single-malt-whisky/5688	French single malt launched 2019 by Whiskies Du Monde, made exclusively from French raw materials, non-chill-filtered. Base range unpeated -- see rule.tsv for the separate Peated expression. Correct accented spelling is 'Evade' (with acute accent on the final e); catalogue brand string 'Evade' is the unaccented form.
evan-williams	Evan Williams	brand	US			Heaven Hill (Shapira family)		none	heaven-hill		auto	high	https://en.wikipedia.org/wiki/Heaven_Hill	Flagship Heaven Hill bourbon brand (wiki: "its flagship bourbon labels, Evan Williams and Elijah Craig"). defaultTypeName left empty because the catalogue's own samples include flavoured liqueur SKUs (Fire, Honey, Cherry) alongside straight bourbon (1783, Black, Bottled in Bond) -- range spans types. Bourbon base spirit is unpeated.
ezra-brooks	Ezra Brooks	brand	US			MGP Ingredients (Lux Row Distillers)	bourbon	none	lux-row-distillers		auto	high	https://en.wikipedia.org/wiki/Ezra_Brooks https://en.wikipedia.org/wiki/Bourbon_whiskey	Kentucky straight bourbon, currently distilled at Lux Row Distillers in Bardstown, KY (Luxco/MGP Ingredients).
falkirk	Falkirk	distillery	GB-SCT	lowland	lowland	Fiona Stewart	single malt	none			auto	high	https://en.wikipedia.org/wiki/Falkirk_distillery	Wikipedia states plainly: 'The distillery produces unpeated lowland style whisky.' First distillery to recommence production in the Falkirk area since Rosebank closed in 1993; operational since 2020.
famous-grouse	The Famous Grouse	blend	GB-SCT			William Grant & Sons	blend	none			unverified	low	https://www.reservebar.com/blogs/spirits-explained/mastering-blended-scotch-with-the-famous-grouse-signature-style https://en.wikipedia.org/wiki/The_Famous_Grouse	Best-selling Scotch blend in Scotland; sherry/toffee/honey house style, standard range is not peated ('relatively mild in terms of smoke'). Ownership transitioned from Edrington to William Grant & Sons (sale announced Sept 2024, UK CMA clearance March 2025) -- owner recorded as the post-transition company. See rule.tsv for the separate Smoky Black expression.
fara	Fara	blend	GB-SCT			Orkney Distilling Ltd.	blend	none			auto	high	https://www.orkneydistilling.com/	Orkney Distilling Ltd's core Blended Malt Scotch Whisky, named for the uninhabited Orkney island of Fara. Official site describes it with sweet heather-honey, vanilla and spiced-apple notes; no peat mentioned, unlike its sibling Rysa.
fauconnier	Fauconnier	blend						unknown			unverified	unknown		No web presence found this session: Wikipedia search (multiple phrasings), Bing search, and domain probes (fauconnier.fr is unrelated, other guesses did not resolve) all came up empty. Samples 'O'Brian Fauconnier'/'Fauconnier Hunting Lodge'/'Fauconnier Highland's Friends' suggest an obscure own-label blend, but country/type/peat could not be confirmed -- left unknown rather than guessed. Flag for human review.
fercullen	Fercullen	distillery	IE			Powerscourt Distillery		none			unverified	low	https://powerscourtdistillery.com/fercullen/ https://www.whisky.com/whisky/news/newsdetail/article/fercullen-irish-whiskey-from-the-powerscourt-distillery.html	Made at Powerscourt Distillery, Co. Wicklow; range is 75% malt whiskey / 25% Irish pot still so defaultTypeName left empty. No explicit peat statement; inferred unpeated from Irish tradition
fettercairn	Fettercairn	distillery	GB-SCT	highland	highland	Whyte & Mackay	single malt	none			auto	high	https://en.wikipedia.org/wiki/Fettercairn_distillery	Unpeated malt production; distinctive cooling-ring still design for a lighter style.
few	FEW Spirits	distillery	US					none			unverified	low	https://fewspirits.com/ https://en.wikipedia.org/wiki/Irish_whiskey	Craft distillery, likely Evanston, Illinois (847 area code on official site; not explicitly stated there). Makes bourbon/rye/other grain whiskeys; no peated product found. peatProfile rests on the general category fact that peat is rarely used outside Scotland, not a distillery-specific statement.
filey-bay	Filey Bay	distillery	GB-ENG				single malt	none			unverified	low	https://www.spiritofyorkshire.com/ https://en.wikipedia.org/wiki/List_of_whisky_distilleries_in_England	Made by Spirit of Yorkshire Distillery Ltd, Hunmanby (founded 2016, first release 2019, per Wikipedia's list of English distilleries). Official site's own tasting notes for four expressions (Flagship, Moscatel Sherry Cask, STR Red Wine Cask, Yorkshire Day 2026) list only honey/vanilla/citrus/caramel/biscuit/fruit-cake descriptors with zero smoke/peat language across all of them -- inferred none from that consistent absence rather than an explicit "unpeated" statement.
filliers	Filliers	distillery	BE				single malt	none			unverified	low	https://en.wikipedia.org/wiki/Filliers https://filliersdistillery.com/en/	Primarily a jenever/gin distillery (Bachte-Maria-Leerne, since 1880) that also bottles whisky. Official site (fetched this session) confirms a "Single Malt Whisky" described as "100% aged in Sherry casks" -- matches this batch's own "Fillers Sherry Cask(/Strength)" samples exactly (note the catalogue's own spelling drops one 'l'). No peat mentioned on either source.
finity	Finity	blend	IE					unknown			unverified	unknown		Producer not identified this session; "Irish Honey" suggests a honey-flavoured whiskey liqueur akin to Irish Mist/Bushmills Irish Honey. Alias kept at brand scope only: "Finity" is a substring of the unrelated common word/brand "Infinity", a real collision risk for in-name matching.
finlaggan	Finlaggan	blend	GB-SCT	islay	islay	The Vintage Malt Whisky Co. Ltd	single malt	unknown			unverified	low		Kind=blend per the brief's own example (no single distillery of origin disclosed). Widely known in the trade as a heavily peated Islay-style whisky from an undisclosed source distillery -- this batch's own samples include "Finlaggan Original Peaty" -- but every citation attempt this session failed (403/404, and the dedicated web search was queued exactly when the shared session search budget ran out). peatProfile is therefore left unknown rather than asserted from recall alone; a human reviewer should resolve this one specifically, it is very likely "heavy".
fireball	Fireball	blend	CA			Sazerac Company		none			auto	high	https://en.wikipedia.org/wiki/Fireball_Cinnamon_Whisky	Canadian-whisky-based cinnamon liqueur/flavoured whisky; not a standard style so defaultTypeName left empty. Base spirit unpeated, artificially cinnamon-flavoured (Atomic Fireball candy flavouring).
first-editions	First Editions	bottler	GB-SCT			Hunter Laing & Co		unknown			auto	low	https://hunterlaing.com/	Hunter Laing's "The First Editions" single-cask range; samples name Speyburn and Craigellachie (both added as distillery rows). Input brand string is singular "First Edition" — aliased below.
fitzwilliam	Fitzwilliam	blend	IE				blend	none			unverified	low	https://en.wikipedia.org/wiki/Irish_whiskey	No web presence found (single product). Named for Dublin's Fitzwilliam Square; treated as an Irish-themed own-label blend, category default applied.
flannigans	Flannigans	blend	IE				blend	none			unverified	low	https://www.masterofmalt.com/blog/post/peated-irish-whiskey-a-lost-tradition-reignited/	No brand-specific source found; "Irish Blend" per catalogue sample name. peatProfile=none is a category-level inference (unpeated is the entrenched default style of Irish whiskey per the cited source), not a brand-specific confirmation - flagged for review
floki	Floki	distillery	XX			Eimverk Distillery	single malt	unknown			unverified	low		Icelandic single malt (Eimverk Distillery) - Iceland has no code in the closed country list, used XX. Could not reach the distillery's site this session (both candidate domains unreachable) so no citation obtained. IMPORTANT for reviewer: the sample "Sheep Dung Smoked Reserve" is widely reported in whisky press as smoked using dried sheep dung rather than peat (Iceland has little peat), which would make it smoky-but-NOT-peated if confirmed - deliberately left peatProfile=unknown rather than guessing either way; worth a follow-up rule (flavor=smoky) once verified.
flora-fauna	Flora & Fauna	bottler	GB-SCT			Diageo		unknown			auto	low		Diageo's own single-malt showcase series for small/blending-malt distilleries it owns (not a third-party independent bottler in the strict sense, but modelled the same way since it spans several distilleries with no single peat profile). Distillery rows emitted below for all 4 samples: Auchroisk, Glen Spey, Inchgower, Mannochmore.
fordman	Fordman	blend						unknown			unverified	low		Not researched (budget); single-product own label with no distinguishing sample information.
forty-creek	Forty Creek	distillery	CA			Campari Group	blend	none			auto	high	https://en.wikipedia.org/wiki/Forty_Creek	Grimsby, Ontario; launched 1992 by John Hall (Kittling Ridge), bought by Campari Group in 2014. Blended Canadian whisky (rye/barley/corn distilled and aged separately, blended). No peat mentioned; Canadian whisky convention is unpeated.
four-roses	Four Roses	distillery	US			Kirin Holdings	bourbon	none			auto	high	https://en.wikipedia.org/wiki/Four_Roses	Kentucky straight bourbon whiskey, Lawrenceburg KY, owned by Kirin (Japan) since 2002. Bourbon is not a peated category.
franks-fiddle	Frank's Fiddle	blend	US					none			unverified	low	https://en.wikipedia.org/wiki/Whisky	Fruit-flavored whiskey (Pineapple, Blackberry variants); no producer identified. Treated as an ordinary flavored American whiskey, not peated.
fuji	Fuji	distillery	JP			Kirin Holdings (Kirin Distillery Company)		none			unverified	low	https://en.wikipedia.org/wiki/Fuji_Gotemba_distillery https://www.kirinholdings.com/en/newsroom/release/2025/0508_01.pdf	Flagship consumer brand of Fuji Gotemba Distillery (foot of Mt Fuji, Shizuoka), launched 2020; range spans Single Grain/Single Malt/Single Blended, defaultTypeName left empty accordingly. No peat mentioned in any source; the distillery is not known for peated production.
fujimi	Fujimi	blend						unknown			unverified	unknown		Sample 'Fujimi Matsui Distillery' suggests a possible tie to Matsui Shuzo (Japan, Kurayoshi/Tottori) but this is unconfirmed; part of the same unresolved cluster as Shinobu/Reki/Shin
fuyu	Fuyu	blend	XX					unknown			unverified	unknown		Could not identify this brand: WebSearch budget was exhausted early in this session and no working URL could be guessed for it via WebFetch. Sample names ("Fuyu Mizunara", "Fuyu Sochu Small Batch Barley") suggest a Japanese-styled malt but this is unconfirmed. 5 products - flagged for a human reviewer with search access.
galloway	Galloway	distillery	GB-SCT	lowland	lowland	Sam Heughan	single malt	unknown			auto	high	https://en.wikipedia.org/wiki/Galloway_distillery	Renamed from 'Crafty distillery' in 2025 on acquisition by actor Sam Heughan and Alex Norouzi (co-founders of the Sassenach spirits brand -- see the separate 'sassenach' blend row, deliberately not linked here by parentSlug given sourcing ambiguity). An earlier planned whisky brand name, 'Billy & Co.' (announced 2020), may or may not still apply after the 2025 rebrand -- not confirmed either way. No peat/smoke level stated anywhere fetched.
galtee-mountain-boy	The Galtee Mountain Boy	blend	IE					unknown			unverified	low		Named after the Irish folk ballad (confirmed on Wikipedia, which covers only the song, not a whiskey brand); assumed Irish whiskey from the name but the brand/producer itself is unconfirmed
georgia-moon	Georgia Moon	blend	US			Heaven Hill		none			auto	high	https://en.wikipedia.org/wiki/Heaven_Hill	Unaged corn whiskey in Heaven Hill's portfolio alongside Mellow Corn; no peat tradition in American corn whiskey. defaultTypeName left empty - corn whiskey has no clean match in the closed type list (same call as batch-01's Sierra Norte)
girvan	Girvan	distillery	GB-SCT	lowland	lowland	William Grant & Sons	grain	none			auto	high	https://en.wikipedia.org/wiki/List_of_whisky_distilleries_in_Scotland	Grain distillery; authority file lists no region for it (grain distilleries are outside the malt-region convention), lowland inferred from its South Ayrshire location. Referenced only as a Hart Brothers bottling.
gladstone-axe	The Gladstone Axe	blend	GB-SCT			Biggar and Leith	malt	light			auto	high	https://www.drinkhacker.com/2022/07/31/review-the-gladstone-axe-blended-scotch-american-oak-and-black-axe/ https://www.totalwine.com/spirits/scotch/blended-scotch/the-gladstone-axe-blended-malt-scotch-american-oak/p/242206750	Blended malt from 14 Highland and Islay whiskies; American Oak expression explicitly described as having "a touch of peat" / "hints of smoke" - a trace, not a peated whisky
glant-bernard	Glant Bernard	blend	XX					unknown			unverified	unknown		Could not identify this brand within the research budget (possibly an own-label or a transliteration artifact); left entirely unknown.
glasgow-1770	Glasgow 1770	distillery	GB-SCT	lowland	lowland	The Glasgow Distillery Company Ltd	single malt	none			auto	high	https://www.glasgowdistillery.com/our-spirits/1770-whisky https://www.masterofmalt.com/whiskies/the-glasgow-distillery-co/glasgow-1770-the-original-whisky/	Re-opened 2014, first single malt distillery in Glasgow for 100+ years; name references the city's original 1770 distilling licence. Signature Range = The Original (unpeated) + Triple Distilled (unpeated) + The Peated -- see rule.tsv for the peated expression. Sample product '1770 The Original' is the unpeated flagship. Catalogue brand string is the bare number '1770'.
glen-angel	Glen Angel	blend	GB-SCT				blend	none			unverified	low	https://en.wikipedia.org/wiki/Scotch_whisky	No web presence found for this exact brand; "Glen"-prefixed name strongly suggests a generic/own-label Scotch blend for this market (4 products, all just "Glen Angel" with no descriptors). Treated per the long-tail own-label default: ordinary blended Scotch is conventionally unpeated.
glen-barley	Glen Barley	blend	GB-SCT				blend	none			unverified	low	https://en.wikipedia.org/wiki/Scotch_whisky	"Glen Barley №3", single product, generic "Glen"-prefixed own-label name typical of this market's cheap Scotch blends - treated per the long-tail own-label default.
glen-broch	Glen Broch	blend	GB-SCT				blend	none			unverified	low	https://en.wikipedia.org/wiki/Scotch_whisky	No distillery of this name appears in the Scottish-distilleries authority file. Generic Scotch-sounding own-label name, likely a discount-retail blended Scotch (cf. Aldi's 'Glen Marnoch') - not verified via a fetched source this session. peatProfile via general blend-character inference.
glen-clan	Glen Clan	blend	GB-SCT			Glen Turner	blend	unknown			unverified	low		Legal producer "Glen Turner" per this project's own be/CLAUDE.md, read directly off a real alcomag/winebutik detail page's "Виробник" field (first-party scrape evidence, not a URL fetched this session, hence no sourceUrls here). This batch's only sample, "Glen Clan Smoky Peated Blend", names its own peat character directly in the product name -- captured as a rule below; base/default peatProfile left unknown since no non-smoky expression is evidenced.
glen-elgin	Glen Elgin	distillery	GB-SCT	speyside	speyside	Diageo	single malt	none			auto	high	https://en.wikipedia.org/wiki/Glen_Elgin https://thewhiskeywash.com/scotch-whiskey/from-mild-to-wild-understanding-peat-levels-in-scotch-whisky/	Added to resolve Artist Collective's sample bottlings. Cited page confirms region/owner but not peat explicitly; unpeated is standard for this Speyside malt (key component of White Horse blend).
glen-garioch	Glen Garioch	distillery	GB-SCT	highland	highland	Suntory Global Spirits	single malt	none			auto	high	https://scotchwhisky.com/whiskypedia/1843/glen-garioch/	Oldmeldrum, Aberdeenshire. Peated on its own malt floors until 1995; reopened unpeated in 1997 and "today the malt floors are closed and Glen Garioch follows a different style, only occasionally peaty whiskies are produced." Modern core range (Founder's Reserve, 12yo etc., matching this batch's samples) is unpeated.
glen-grant	Glen Grant	distillery	GB-SCT	speyside	speyside	Campari Group	single malt	none			auto	high	https://en.wikipedia.org/wiki/Glen_Grant_distillery	Source confirms Speyside location and Campari ownership but does not use the word "unpeated" explicitly; classic light/fruity unpeated Speyside style is the standard consensus. Confidence kept low because the fetched text did not state the peat claim outright.
glen-keith	Glen Keith	distillery	GB-SCT	speyside	speyside	Chivas Brothers	single malt	none			auto	high	https://en.wikipedia.org/wiki/List_of_whisky_distilleries_in_Scotland https://en.wikipedia.org/wiki/Speyside_single_malt	Region/owner from the Scottish-distilleries authority file. Peat claim via the Speyside region's general character (Wikipedia's Speyside single malt page: 'the use of peat is not common here, so many of the whiskies are not smoky'), not distillery-specific.
glen-moray	Glen Moray	distillery	GB-SCT	speyside	speyside	La Martiniquaise	single malt	none			auto	high	https://en.wikipedia.org/wiki/Glen_Moray_distillery https://scotchwhisky.com/whiskypedia/1846/glen-moray/	Core range is standard unpeated Speyside malt (majority goes into Label 5/Cutty Sark blends). A distinct Peated/Smoky expression exists, see rule.tsv.
glen-morris	The Glen Morris	blend	GB-SCT				blend	none			unverified	low	https://en.wikipedia.org/wiki/Scotch_whisky	No web presence found for this own-label (Honey-flavoured variant present in samples). Treated as an ordinary blended Scotch per the own-label default; see glen-talloch note for the peat citation rationale.
glen-ord	Glen Ord	distillery	GB-SCT	highland	highland	Diageo	single malt	none			auto	high	https://en.wikipedia.org/wiki/Glen_Ord https://thewhiskeywash.com/scotch-whiskey/from-mild-to-wild-understanding-peat-levels-in-scotch-whisky/	Added to resolve Artist Collective's sample bottlings. Cited page confirms region/owner but not peat explicitly; unpeated is standard for this Highland malt (core of the Singleton of Glen Ord range).
glen-parker	Glen Parker	blend	GB-SCT					unknown			unverified	unknown		No web presence found; own-label, "Glen" naming convention suggests Scotch but unconfirmed
glen-russell	Glen Russell	blend	GB-SCT				blend	none			unverified	low	https://en.wikipedia.org/wiki/Scotch_whisky	No web presence found (own-label). Treated as an ordinary blended Scotch per the own-label default; see glen-talloch note for the peat citation rationale.
glen-ryan	Glen Ryan	blend	GB-SCT				blend	light			unverified	low	https://toulouvin.com/en/whisky-ecossais/blended-scotch-glen-ryan-2561.html	Budget blend (20% malt content), produced in Scotland, mainly seen at retailers serving continental Europe. One retailer's tasting note explicitly mentions 'smoky and mineral notes' on the nose - treated as a light trace rather than none.
glen-scanlan	Glen Scanlan	blend	GB-SCT					unknown			unverified	low		No web presence found (official site, Wikipedia). "Glen-" naming convention suggests an own-label Scotch blend/vatting, common for private retail labels. Also appears inside a "Slaur Sardet Glen Scanlan" sample (see slaur-sardet row); relationship between the two brand strings is unclear.
glen-scotia	Glen Scotia	distillery	GB-SCT	campbeltown	campbeltown	Loch Lomond Group	single malt	light			unverified	high	https://en.wikipedia.org/wiki/Glen_Scotia_distillery	Distillery explicitly uses unpeated, medium-peated AND heavily-peated malt across its range (cited source); core range profile described as toffee/maritime/"hint of smoke" so set to light at producer level, but this genuinely varies by expression - review if a specific heavily-peated bottling (e.g. a "Peated" release) appears in the catalogue.
glen-silvers	Glen Silver's	blend	GB-SCT				blend	none			unverified	low	https://en.wikipedia.org/wiki/Scotch_whisky	No dedicated source found (Wikipedia search returned zero hits). 'Glen'-prefixed own-label naming strongly suggests an ordinary blended/vatted Scotch; treated per category convention.
glen-spey	Glen Spey	distillery	GB-SCT	speyside	speyside	Diageo	single malt	none			auto	high	https://en.wikipedia.org/wiki/Glen_Spey_distillery https://en.wikipedia.org/wiki/Speyside_single_malt	Wikipedia confirms Speyside/Diageo; uses purifiers for a lighter spirit. No distillery-specific peat statement; defaulted per Speyside general house style.
glen-talloch	Glen Talloch	blend	GB-SCT				blend	none			unverified	low	https://en.wikipedia.org/wiki/Scotch_whisky	No Wikipedia page found and retailer sites (Master of Malt etc.) return 403; owner/producer could not be verified this session. Treated as an ordinary own-label blended Scotch per default rule -- peat category citation is the general Scotch whisky article (peating is a distillery/product-specific choice, not universal).
glen-turner	Glen Turner	brand	GB-SCT	speyside	speyside	La Martiniquaise	single malt	none	glen-moray		auto	high	https://en.wikipedia.org/wiki/Glen_Moray_distillery https://en.wikipedia.org/wiki/La_Martiniquaise	The Wikipedia article title 'Glen Turner' redirects to Glen Moray distillery; La Martiniquaise's own brand list names Glen Turner as a single-malt line alongside Glen Moray. Grain component for blends comes from the group's Starlaw distillery.
glenaladale	GlenAladale	blend					blend	none			unverified	low	https://thewhiskeywash.com/scotch-whiskey/from-mild-to-wild-understanding-peat-levels-in-scotch-whisky/	Own-label style ("Red/Blue Edition"); country left unconfirmed -- "Glen-" prefixed names are not exclusively Scottish (cf. the EU "Glen Buchenbach" case), so origin is not assumed. Treated as an ordinary unpeated blend per brief long-tail default.
glenallachie	GlenAllachie	distillery	GB-SCT	speyside	speyside	The GlenAllachie Distillers Co Limited	single malt	none			auto	high	https://en.wikipedia.org/wiki/GlenAllachie_distillery	Relaunched 2017 under Billy Walker as an independently owned, fruity/sherry-forward unpeated single malt.
glenalmond	Glenalmond	blend	GB-SCT				blend	none			unverified	low	https://thewhiskeywash.com/scotch-whiskey/from-mild-to-wild-understanding-peat-levels-in-scotch-whisky/	Own-label style, no distillery by this exact name identified; treated as an ordinary unpeated blended Scotch per brief long-tail default, not brand-verified.
glenburgie	Glenburgie	distillery	GB-SCT	speyside	speyside	Chivas Brothers (Pernod Ricard)	single malt	none			auto	high	https://en.wikipedia.org/wiki/Glenburgie_distillery https://thewhiskeywash.com/scotch-whiskey/from-mild-to-wild-understanding-peat-levels-in-scotch-whisky/	Cited page confirms region/owner but does not state peat explicitly; unpeated is standard for this Speyside malt (used mainly in Ballantine's blending stock).
glencadam	Glencadam	distillery	GB-SCT	highland	highland	Angus Dundee Distillers	single malt	none			auto	high	https://en.wikipedia.org/wiki/List_of_whisky_distilleries_in_Scotland https://en.wikipedia.org/wiki/Scotch_whisky	Same basis as Dalmore - Highland regional-character citation, not distillery-specific.
glencoe	Glencoe	blend	GB-SCT					unknown			unverified	unknown		Could not identify the producer this session -- no Wikipedia article, no useful search hits (tried Ben Nevis Distillery as a plausible geographic link since Glencoe is near Fort William/Ben Nevis; that distillery's own Wikipedia article does not mention a "Glencoe" brand, so not asserted). Treated as an undisclosed-origin single malt label per the brief's rule 3 -- kind=blend used only as the closest available bucket, not because it is actually a blended-type whisky.
glendale	Glendale	blend	GB-SCT				blend	none			unverified	low	https://en.wikipedia.org/wiki/List_of_whisky_distilleries_in_Scotland https://en.wikipedia.org/wiki/Scotch_whisky	All 6 samples are just 'Glendale' with no distinguishing detail. No distillery of this name appears in the Scottish-distilleries authority file, so treated as a generic Scotch-sounding own-label blend rather than a real distillery; peatProfile via the same general regional-character inference as Black Ram.
glendalough	Glendalough	distillery	IE					none			auto	high	https://glendaloughdistillery.com/	Working distillery in the Wicklow Mountains, Ireland. Official site confirms an unpeated core range (pot still, single grain, single malt, various cask finishes). Explicit "Pot Still Peated" expression handled via rule below.
glendronach	GlenDronach	distillery	GB-SCT	highland	highland	Brown-Forman	single malt	none			auto	high	https://en.wikipedia.org/wiki/Glendronach_distillery	Core range is sherry-cask matured (oloroso/PX) and unpeated per Wikipedia. Explicit NAS "Peated" expression handled via rule below.
glendullan	Glendullan	distillery	GB-SCT	speyside	speyside	Diageo	single malt	unknown			auto	high	https://en.wikipedia.org/wiki/Glendullan_distillery	Output mostly goes into Diageo blends; official single-malt releases include a discontinued Flora and Fauna 12yo and Diageo's 2023 Singleton series (12/15/18yo), explicitly labelled Glendullan within the wider 'Singleton' range. Not aliasing bare 'Singleton', which is shared with the Dufftown and Glen Ord distilleries under the same umbrella brand and would mismatch them -- 'Glendullan' alone already matches 'The Singleton of Glendullan' as a substring. No peat/smoke level found in Wikipedia.
glenfarclas	Glenfarclas	distillery	GB-SCT	speyside	speyside	J. & G. Grant	single malt	none			auto	high	https://en.wikipedia.org/wiki/Glenfarclas_distillery	Traditional Highland/Speyside malt with heavy sherry-cask influence per Wikipedia; independently owned by the Grant family since 1865.
glenfiddich	Glenfiddich	distillery	GB-SCT	speyside	speyside	William Grant & Sons	single malt	none			auto	high	https://en.wikipedia.org/wiki/Glenfiddich_distillery	
glengannon	Glengannon	blend	GB-SCT					unknown			unverified	low		No web presence found this session; "Glen-" naming suggests an own-label Scotch blend.
glenglassaugh	Glenglassaugh	distillery	GB-SCT	highland	highland	Brown-Forman	single malt	none			auto	high	https://en.wikipedia.org/wiki/Glenglassaugh_distillery https://whiskipedia.com/distilleries/glenglassaugh/	Coastal Highland distillery near Portsoy, just outside Speyside. Core production unpeated. Sibling peated brand "Torfa" (about 20ppm, launched 2014) is a known pair to watch but does not appear among this brand's catalogue samples, so no row/rule was added for it.
glengoyne	Glengoyne	distillery	GB-SCT	highland	highland	Ian Macleod Distillers	single malt	none			auto	high	https://en.wikipedia.org/wiki/Glengoyne_distillery https://scotchwhisky.com/whiskypedia/1858/glengoyne/	Markets itself as exclusively unpeated -- air-dried malt only, no peat smoke at any stage.
glengyle	Glengyle	distillery	GB-SCT	campbeltown	campbeltown	Mitchell's Glengyle Ltd	single malt	unknown			auto	high	https://en.wikipedia.org/wiki/Glengyle_distillery	Wikipedia is explicit: 'The whisky from the Glengyle distillery is not called Glengyle, rather it is bottled under the name Kilkerran. This is because the name is owned by Loch Lomond Distillers, and used for their vatted malt.' peatProfile left unknown for this row since nothing is ever sold as plain 'Glengyle' -- see kilkerran (kind=brand, parentSlug=glengyle) for the actual product and its light peat profile. CONFLICT FOR REVIEWER: out/08/producer.tsv already has a 'kilkerran' row with kind=distillery, peatProfile unknown, and a same-named 'Heavily Peated' rule with no citation. This batch instead follows its own task brief and treats Kilkerran as kind=brand/parentSlug=glengyle (see that row), which is also now backed by a citation from the distillery's own site. Recommend keeping this batch's kilkerran row over 08's.
glenkinchie	Glenkinchie	distillery	GB-SCT	lowland	lowland	Diageo	single malt	none			auto	high	https://en.wikipedia.org/wiki/List_of_whisky_distilleries_in_Scotland https://en.wikipedia.org/wiki/Scotch_whisky	Region/owner from the authority file. Peat claim via the Lowland region's general character on the Scotch whisky Wikipedia page ('soft and smooth...floral nose...lighter, sweet and floral tones', no smoke), not distillery-specific. Lowland malts are the most reliably unpeated Scotch category.
glenlassie	Glenlassie	distillery	GB-SCT					unknown			unverified	unknown		No web presence under this exact spelling: Wikipedia search returned zero hits and its own fuzzy-match suggestion was unrelated ('glentaisie'), not 'Glenlossie'. Possibly a misspelling of Glenlossie (Speyside, Diageo -- per the local authority file) or a genuinely obscure/fictional own-brand. Deliberately left unlinked to Glenlossie to avoid an incorrect alias -- flag for human review.
glenlivet	The Glenlivet	distillery	GB-SCT	speyside	speyside	Pernod Ricard (Chivas Brothers)	single malt	none			auto	high	https://en.wikipedia.org/wiki/The_Glenlivet_distillery https://www.thesinglecask.co.uk/blogs/distilleries/the-glenlivet	Added because Gordon & MacPhail bottles Glenlivet ("Smith's Glenlivet") single casks. Founded 1824; classic light, unpeated Speyside style; process water filters through peat-free granite.
glenlossie	Glenlossie	distillery	GB-SCT	speyside	speyside	Diageo	single malt	none			auto	high	https://en.wikipedia.org/wiki/List_of_whisky_distilleries_in_Scotland	
glenmorangie	Glenmorangie	distillery	GB-SCT	highland	highland	The Glenmorangie Company (LVMH)	single malt	none			auto	high	https://en.wikipedia.org/wiki/Glenmorangie_distillery https://www.lvmh.com/en/our-maisons/wines-spirits/glenmorangie	Tallest stills in Scotland; unpeated house style, well documented.
glenrothes	Glenrothes	distillery	GB-SCT	speyside	speyside	Edrington	single malt	none			auto	high	https://en.wikipedia.org/wiki/The_Glenrothes_distillery https://scotchwhisky.com/whiskypedia/1864/glenrothes/	
glenshiel	Glenshiel	blend	GB-SCT				blend	none			unverified	low	https://en.wikipedia.org/wiki/Scotch_whisky	No web presence found (own-label, no Wikipedia page, retailer sites blocked). Treated as an ordinary blended Scotch per the own-label default; see glen-talloch note for the peat citation rationale.
glentauchers	Glentauchers	distillery	GB-SCT	speyside	speyside	Chivas Brothers (Pernod Ricard)	single malt	none			auto	high	https://en.wikipedia.org/wiki/Glentauchers_distillery	Standard Speyside filling malt, historically used almost entirely for blending; no peat mentioned. Confidence kept low: no explicit peat statement found, only absence of any mention.
glenturret	Glenturret	distillery	GB-SCT	highland	highland	Lalique Group	single malt	none			auto	high	https://en.wikipedia.org/wiki/List_of_whisky_distilleries_in_Scotland	Standard unpeated Highland malt.
glenwyvis	GlenWyvis	distillery	GB-SCT	highland	highland	GlenWyvis Distillery Ltd.	single malt	unknown			auto	high	https://en.wikipedia.org/wiki/GlenWyvis_distillery	Community/shareholder-owned Highland craft distillery (Dingwall, est. 2017); confirmed existence via Wikipedia but not researched in depth -- long-tail craft entry per this task's budget guidance.
goalong	Goalong	blend	XX					unknown			unverified	unknown		Believed from general trade knowledge to be a Chinese whisky producer (Goalong Distillery, Hunan), but this was not confirmed via any source actually opened — all searches came back empty. China (CN) has no code in the closed country list, so XX is used rather than guessing a listed code.
gordon-macphail	Gordon & MacPhail	bottler	GB-SCT			Urquhart family		unknown			auto	high	https://en.wikipedia.org/wiki/Gordon_%26_MacPhail https://thewhiskeywash.com/scotch-whiskey/from-grocer-to-global-whisky-powerhouse-the-gordon-macphail-story/	Scotland's oldest independent bottler, founded 1895 in Elgin; catalogue brand string is spelled "Gordonmacphail" (no spaces/ampersand). Also owns Benromach (reopened 1998) and built Cairn Distillery (2022).
gouden-carolus	Gouden Carolus	distillery	BE			Het Anker Brewery	single malt	none			unverified	low	https://en.wikipedia.org/wiki/Het_Anker_Brewery	Belgian brewery (Mechelen) that began distilling a single malt whisky in 2010 from its own Gouden Carolus Tripel beer; no peat mentioned anywhere in the source found, hence confidence=low rather than high.
grace-omalley	Grace O'Malley	blend	IE			Grace O'Malley Spirits (Inis Tine Uisce Teoranta)		none			unverified	low	https://tradeinspirits.com/introducing-the-restyled-grace-omalley-irish-whiskey/ https://www.masterofmalt.com/distilleries/grace-o-malley/	Whiskey brand with no own distillery yet (one is under construction); sourced mainly from Great Northern Distillery and other suppliers, blended/finished at Good Spirits Bottling, Dundalk. No peat reported. defaultTypeName left empty: portfolio spans blends and single malt releases.
grand-grizzly	Grand Grizzly	blend	CA				blend	none			unverified	low	https://en.wikipedia.org/wiki/Canadian_whisky	Brand itself was not independently confirmed via an opened source (no hits found); "Canadian Whisky" category default (peat is a Scotch-specific practice; Canadian whisky is conventionally a blend) applied based on the name and sample "Small Batch" wording.
grand-moldaviens	Grand Moldaviens	blend	MD				blend	none			unverified	low	https://moldstandart.md/wine/grand-moldaviens/	Moldovan whisky ('Scottish technology'), 3-year-old barley malt; cinnamon/vanilla/stone-fruit profile, no smoke reported. Sold mainly in Ukrainian/Eastern European retail (also listed on rozetka.com.ua and maudau.com.ua).
grangestone	Grangestone	blend	GB-SCT				blend	none			unverified	low	https://en.wikipedia.org/wiki/Scotch_whisky	Widely reported as an Aldi (UK) own-label Scotch, not independently confirmed this session. Sample is "Bourbon Cask" - no indication of peat.
grants	Grant's	blend	GB-SCT			William Grant & Sons	blend	none			auto	high	https://en.wikipedia.org/wiki/Grant%27s	Core range (Triple Wood etc.) is standard blended Scotch, no peat mentioned across variant descriptions; separate "Triple Wood Smoky" expression has a non-peat smoky character from cask finish, per rule row (not a peat claim).
grass-widow	Grass Widow	blend	XX					unknown			unverified	unknown		Could not identify producer or origin this session. Flag for reviewer.
grave-digger	Grave Digger	blend						unknown			unverified	unknown		Heavy-metal-themed novelty brand ('Berry Metal', 'Field of Blood'); no information found this session, not searched (long tail budget)
gravediggers	Gravediggers	blend	IE					unknown			unverified	unknown		Catalogue types this IE-country product as "bourbon", which is definitionally impossible for a genuine Irish whiskey -- likely a mislabeled type on a small Irish whiskey brand rather than an actual bourbon. Producer not identified this session.
great-barrel	Great Barrel	blend	XX					unknown			unverified	unknown		Own-label, 2 products, no web presence found and no naming evidence (unlike e.g. "Scottish Collie"/"Highland Mist") pointing to a specific country of origin, so left unknown rather than assumed Scotch.
great-oaks	Great Oaks	blend						unknown			unverified	unknown		"Single Cask" sample suggests a bottler-style single-malt release rather than an ordinary blend, so the usual own-label default was not applied; origin not identified. No search performed this pass.
green-river	Green River	distillery	US				bourbon	none			unverified	low	https://en.wikipedia.org/wiki/Whisky	Historic Owensboro, Kentucky bourbon brand revived by Green River Distilling Co.; sample 'Green River Wheated' confirms a wheated mash bill. Ownership not freshly verified this session.
green-spot	Green Spot	brand	IE			Mitchell & Son	single pot still	none	midleton	mitchell-son	unverified	low	https://en.wikipedia.org/wiki/Green_Spot https://en.wikipedia.org/wiki/Irish_whiskey	Wikipedia (disambiguation) confirms "an Irish pot still whiskey". Distilled at Midleton, owned/bottled by Mitchell & Son. Peat=none per Irish pot still/general category norm.
greenbar	Greenbar	blend	US					unknown			unverified	unknown		"Slow Hand" / "Slow Hand Organic" whiskey. Could not open a working source this session (official-domain guess failed on a TLS handshake error, WebSearch budget was already exhausted) - left fully unknown rather than rely on unverified recollection. Only 2 products; low priority but flagged in case a reviewer has a source handy.
greign	Greign	blend	GB-SCT	lowland	lowland	John Dewar & Sons (Bacardi)	grain	none			unverified	low	https://whiskyonlinecy.com/product/greign-20-year-old-lowlands-single-grain-70cl-40/ https://www.homeofmalts.com/en/19730/greign-20-year-old-single-grain-whisky-40-vol.-0-7l	20-year-old single grain selected by Stephanie Macleod, John Dewar & Sons' Master Blender. Sources are inconsistent on the exact source distillery - one snippet implied Macduff, a malt-only distillery that cannot produce grain whisky, which looks like an error - so the exact distillery is not confirmed and no parentSlug/kind=distillery is given. Grain whisky from a column still is essentially never peated.
gwalarn-pure	Gwalarn Pure	blend	FR					unknown			unverified	low		Not researched (budget). "Gwalarn" is a Breton word (northwest wind); countryCode inferred from the name only, not verified.
haig-club	Haig Club	brand	GB-SCT	lowland	lowland	Diageo	grain	none	cameronbridge		auto	high	https://scotchwhisky.com/whiskypedia/2002/haig-club/ https://www.diffordsguide.com/beer-wine-spirits/4532/haig-club-grain-whisky	Lowland single grain, launched 2014 (Diageo / David Beckham / Simon Fuller). 'Clubman' (named in samples) is the more affordable 2016 variant. Grain whisky, no peat.
hakushu	Hakushu	distillery	JP			Suntory	single malt	light			unverified	low	https://en.wikipedia.org/wiki/Hakushu_distillery	Suntory's "forest distillery" in Yamanashi. Source lists a "Heavily Peated" 2013 limited series as distinct from the core range (which includes the "Distiller's Reserve" in this batch's sample), implying the standard range is milder - but the source does not explicitly grade the core range's own peat level, so this is an inference. Recorded as light with low confidence rather than none, since Hakushu's standard style is commonly described as having a faint smokiness distinct from Yamazaki's unpeated style.
hamiltons	Hamiltons	blend						unknown			unverified	unknown		Single product, no information found this session; generic surname brand, too ambiguous to guess anything further
hankey-bannister	Hankey Bannister	blend	GB-SCT			Inver House Distillers	blend	none			unverified	low	https://en.wikipedia.org/wiki/Hankey_Bannister https://en.wikipedia.org/wiki/Inver_House_Distillers	Blended Scotch produced by Inver House Distillers (ThaiBev subsidiary). Inver House's own malt distilleries (Balmenach, Pulteney, Knockdhu, Speyburn) are not notably peated, so the blend is inferred unpeated; no source states this directly for the blend itself.
haran	Haran	blend	ES				malt	unknown			unverified	low		Consistently typed "malt" across this batch's 5 samples (cask-finish variants: cider/porto/sherry/original), suggesting a small Spanish blended/vatted-malt whisky brand. Producer not confirmed this session: haranwhisky.com does not resolve, and haran.es redirects to an unrelated Basque geology/topography firm (haran.eus) with no whisky connection. kind=blend used as the closest bucket for an unconfirmed producer, per this project's undisclosed-origin convention.
hardenberg	Hardenberg	blend	DE			Hardenberg-Wilthen AG		none			unverified	low	https://en.wikipedia.org/wiki/Hardenberg-Wilthen	Hardenberg-Wilthen AG is a confirmed German distiller (Norten-Hardenberg/Wilthen) primarily known for Korn/liqueurs; its Wikipedia page does not specifically describe a "Hardenberg" whisky line, so identification with this catalogue brand is not fully confirmed this session. "Straight Malt"/"Straight Wheat" variants mean defaultTypeName spans types. German whisky has no peat tradition (low confidence, category-level).
harrison	Harrison	blend	IE					unknown			unverified	unknown		No web presence found this session; own-label, origin unclear despite the IE country guess from the catalogue.
hart-brothers	Hart Brothers	bottler	GB-SCT					unknown			auto	low		Independent bottler. Distillery rows added below for Girvan/Royal Brackla/Dalmore/Tomatin/BenRiach, named in this brand's samples.
hatozaki	Hatozaki	blend	JP					unknown			unverified	unknown		Japanese blended/blended-malt whisky (believed Kaikyo Distillery/Akashi, per general knowledge); no Wikipedia article found this session (0 search hits) and no official-site fetch attempted after repeated API rate-limiting. Left unresearched, flag for another pass.
heaven-hill	Heaven Hill	distillery	US					none			auto	high	https://en.wikipedia.org/wiki/Heaven_Hill https://en.wikipedia.org/wiki/Bourbon_whiskey	Private family-owned Kentucky straight bourbon distillery. Parent for Parker's Heritage Collection in this batch. defaultTypeName left empty (bourbon and rye both produced); peatProfile=none since American straight whiskey is categorically unpeated (confirmed via the bourbon category source), consistent with the child brand row.
heavens-door	Heaven's Door	blend	US					none			unverified	low	https://www.heavensdoor.com/	Bob Dylan's American whiskey brand: Kentucky Straight Bourbon (Ascension, Revival/Tennessee Straight Bourbon), Straight Rye (Refuge), and Double Barrel (Revelation), produced with Six Mile Creek Distillery (Ken Pierce, master distiller). No peated expression found on site; defaultTypeName left empty since the range spans bourbon, rye and Tennessee whiskey.
hellyers-road	Hellyers Road	distillery	AU			Hellyers Road Distillery (Betta Milk)	single malt	none			unverified	low	https://en.wikipedia.org/wiki/Hellyers_Road	Tasmanian (Burnie) distillery founded 1997 by Betta Milk dairy farmers. No peat/smoke mentioned in its Wikipedia profile -- treated as unpeated on absence of a statement rather than an explicit claim, hence low confidence.
helsinki-distilling	Helsinki Distilling Company	distillery	FI					unknown			unverified	low	https://hdco.fi/	Helsinki, Finland; founded 2014, described as the first distillery in Helsinki in over a century. Named in TBWC's sample products. Could not confirm peat status within budget - left unknown rather than guessed.
hepp	Hepp	distillery	FR					unknown			unverified	unknown		Sample "Hepp Tharcis Alsacien" suggests an Alsatian (France) distiller (Hepp is a known Alsace fruit-spirit/eau-de-vie house); could not confirm within budget whether they produce whisky specifically or its peat status - left unknown.
hiberum	Hiberum Saboga	blend	ES					unknown			unverified	unknown		No web presence found; own-label, could not confirm this is genuine whisky vs. another Spanish spirit category. Catalogue guesses blend/ES; kept (unlike 'Haran', see report) since nothing here explicitly signals a non-whisky oak-chip product.
hibiki	Hibiki	blend	JP			Suntory	blend	none			auto	high	https://en.wikipedia.org/wiki/Hibiki_(whisky)	Premium blend of Yamazaki/Hakushu/Chita whiskies, bamboo-charcoal filtered, described as "sweet and gentle"; no peat mentioned in a fairly detailed article.
high-commissioner	High Commissioner	blend	GB-SCT				blend	none			unverified	low	https://en.wikipedia.org/wiki/Scotch_whisky	No web presence found (own-label, no Wikipedia page). Treated as an ordinary blended Scotch per the own-label default; see glen-talloch note for the peat citation rationale.
high-west	High West	blend	US					none			unverified	low	https://en.wikipedia.org/wiki/High_West_Distillery	Utah producer blending sourced whiskey (MGP and undisclosed others) with its own distillate across rye (Rendezvous Rye, Double Rye!) and bourbon (American Prairie) lines; defaultTypeName left empty since the range spans both. Full product lineup on the cited page lists no peated item and American rye/bourbon mash bills do not use peated malt, but no source explicitly states "unpeated", hence confidence=low.
highland-baron	Highland Baron	blend	GB-SCT				blend	none			unverified	low	https://en.wikipedia.org/wiki/Scotch_whisky	Catalogue brand string is spelled "Highiland Baron" (extra i) in the input; samples show both that typo and the correct "Highland Baron" spelling. No web presence found; treated as an ordinary own-label blend.
highland-chief	Highland Chief	blend	GB-SCT				blend	unknown			unverified	low		Budget blended Scotch. Suspected (not confirmed) to be an Angus Dundee Distillers export line based on general trade familiarity; their own website (fetched this session) lists Tomintoul/Glencadam/Old Ballantruan but did not mention Highland Chief, so left unconfirmed rather than asserted. No citation obtained, peat left unknown
highland-harvest	Highland Harvest	blend	GB-SCT					unknown			unverified	low		Organic-certified Scotch whisky brand; recalled to be French-marketed but official sites (highlandharvest.se/.fr) did not resolve this session, so ownership and peat character could not be confirmed by citation. Source distillery undisclosed. Left peat unknown per policy rather than rely on memory.
highland-mist	Highland Mist	blend	GB-SCT				blend	none			unverified	low	https://en.wikipedia.org/wiki/Scotch_whisky	Budget blended Scotch. One sample is literally "Highland Mist Loch Lomond", suggesting a Loch Lomond Group connection, but Loch Lomond distillery's own Wikipedia product list does not mention this brand, so owner is left empty rather than guessed. Peat=none per ordinary-blend category norm.
highland-park	Highland Park	distillery	GB-SCT	islands	highland	Edrington	single malt	medium			unverified	high	https://en.wikipedia.org/wiki/List_of_whisky_distilleries_in_Scotland https://en.wikipedia.org/wiki/Highland_Park_distillery	Wikipedia: "Highland Park uses the local peat, which contains a higher proportion of heather than many other peats" — moderate, heather-inflected peat, not Islay-heavy.
highland-queen	Highland Queen	blend	GB-SCT				blend	none			unverified	low	https://en.wikipedia.org/wiki/Scotch_whisky	REVIEW: no brand-specific source found despite repeated searches -- no dedicated Wikipedia article, official-looking domains did not resolve, masterofmalt/scotchwhisky.com whiskypedia both errored. Treated as an ordinary blended Scotch per category convention even though it carries 12 catalogue SKUs; a human reviewer should try to confirm current owner and peat status directly.
highlands-friends	Highland's Friends	blend	GB-SCT				blend	none			unverified	low	https://thewhiskeywash.com/scotch-whiskey/from-mild-to-wild-understanding-peat-levels-in-scotch-whisky/	Sample "Fauconnier Highland's Friends" -- Fauconnier is a long-established French Scotch whisky negociant/importer; treated as an ordinary unpeated blended Scotch, not brand-verified.
hinch	Hinch	distillery	IE			Hinch Distillery		none			auto	high	https://hinchdistillery.com/	County Down, Northern Ireland (whiskey-GI convention uses IE per the brief). Core range (Single Malt, Double Wood, Small Batch Bourbon Cask, Sherry Finish, Distillers Cut) is unpeated; a separate "Peated" line exists (see rule.tsv). Own site's core range appears to be single malt throughout but this was not fully confirmed, so type left empty.
hinotori	Hinotori	blend	JP					unknown			unverified	unknown		Single-product brand; could not identify a source this session (WebSearch budget exhausted). "Hinotori" (火鳥, "firebird") is an unambiguous Japanese word, so countryCode is guessed as JP on that basis alone - this guess is NOT backed by a citation and peatProfile is correctly left unknown; a reviewer should verify the brand entirely.
hogs	Hogs	blend						unknown			unverified	unknown		No information found within budget. Single sample 'Hogs 3' gives no clear indication of style, origin or the meaning of '3'.
holyrood	Holyrood	distillery	GB-SCT	lowland	lowland	David Robertson	single malt	unknown			auto	high	https://en.wikipedia.org/wiki/Holyrood_distillery	Edinburgh Lowland distillery; first single malt 'Arrival' released Oct 2023, followed by a three-strong 'Founding Series' (Embra, peated; Ambir, specialty malts; Pitch, speciality yeast) -- see the separate 'embra' brand row. No source states a peat level for Arrival or the base range itself, only that Embra specifically is peated, so left unknown here rather than assumed unpeated by contrast.
house-of-maclair	House of Maclair	blend	GB-SCT			Ian Macleod Distillers		unknown			unverified	low	https://en.wikipedia.org/wiki/Ian_Macleod_Distillers	Catalogue's own product name states the producer directly ("House of Maclair Ian Macleod"). Ian Macleod Distillers is confirmed real (Wikipedia), but this specific range is not among the brands the article lists (Isle of Skye, Sheep Dip, Pig's Nose, King Robert II, etc.), so peat is left unknown rather than inherit the parent company's other house styles.
hungry-hill	Hungry Hill	blend	IE					unknown			unverified	unknown		No citable source found this session for this Irish whiskey despite the name being familiar; left unknown rather than rely on memory.
hunter-laing	Hunter Laing	bottler	GB-SCT					unknown			auto	high	https://www.hunterlaing.com/	Confirmed blending/bottling company ("Blenders and Bottlers of the Finest Scotch Whiskies"; ranges include Old Malt Cask, The Sovereign, Hepburn's Choice, The First Editions). Distillery row added below for Tullibardine, named in this brand's sample. Hunter Laing also owns Ardnahoe distillery (peated Islay malt), not added here since it is not named in this batch's sample.
hunting-lodge	Hunting Lodge	blend	GB-SCT				blend	none			unverified	low	https://en.wikipedia.org/wiki/Scotch_whisky	No web presence found this session; treated as an ordinary own-label blended Scotch per budget guidance (peat is a per-distillery exception, not the default, per cited source).
hyde	Hyde	bottler	IE			Hibernia Distillers		unknown			auto	low	https://hydewhiskey.ie/hyde-whiskey/ https://www.homeofmalts.com/en/20535/hyde-no.-11-the-peat-cask	Irish whiskey brand (launched 2014) sourcing whiskey mainly from Cooley and finishing/bottling numbered releases. Range mixes unpeated (e.g. Single Pot Still) and heavily peated (No.11 "The Peat Cask" and similar) releases, so house peat is left unknown; see rule for "Peat" pattern.
ichiros	Ichiro's	blend	JP			Venture Whisky		unknown			unverified	low		Catalogue brand spans both a Chichibu single malt expression ('Wine Wood Reserve') and 'Ichiro's Malt & Grain', a world blend combining malt and grain whiskies from several countries -- since the range is not from one single distillery, kind=blend. Peat left unknown: I could not confirm the exact composition or any peated content of the World Blend line from a page I opened.
imperial	Imperial	distillery	GB-SCT	speyside	speyside	Chivas Brothers (Pernod Ricard)	single malt	none			auto	high	https://en.wikipedia.org/wiki/Imperial_distillery	Closed 1998, demolished 2013 (site is now Dalmunach distillery); operated sporadically 1897-1998, only official bottling was a 15yo, whisky used mostly for blends. No peat mentioned. Catalogue sample 'Imperial Imperial 1995' suggests an old/independent bottling of this vintage stock; distillery has been closed since 1998 so all stock is old casks.
inchdairnie	Inchdairnie	distillery	GB-SCT	lowland	lowland	John Fergus & Co.	single malt	unknown			auto	high	https://en.wikipedia.org/wiki/Inchdairnie_distillery	Fife Lowland distillery (John Fergus & Co.); long-tail craft entry, not researched in depth per this task's budget guidance.
inchgower	Inchgower	distillery	GB-SCT	speyside	speyside	Diageo	single malt	none			auto	high	https://en.wikipedia.org/wiki/Inchgower_distillery https://en.wikipedia.org/wiki/Speyside_single_malt	Wikipedia confirms Speyside (Buckie)/Diageo. No distillery-specific peat statement; defaulted per Speyside general house style.
inchmurrin	Inchmurrin	brand	GB-SCT	highland	highland	Loch Lomond Group	single malt	unknown	loch-lomond		unverified	low	https://en.wikipedia.org/wiki/Loch_Lomond_distillery	Loch Lomond distillery's own-named single malt brand (12 Year Old etc., per Wikipedia's product list). Whisky literature widely describes Inchmurrin as the unpeated/fruity style contrasted with peated sibling Inchmoan, but three fetches this session (Wikipedia raw text, lochlomondgroup.com, a scotchwhisky.com attempt) found no explicit peat statement, so left unknown rather than assert from memory. REVIEWER FLAG: likely 'none' if independently confirmed -- do not average with Inchmoan/Croftengea (heavily peated siblings, not in this batch).
invergordon	Invergordon	distillery	GB-SCT			Whyte & Mackay	grain	none			auto	high	https://en.wikipedia.org/wiki/Invergordon_distillery	Conventional column-still grain whisky distillery (Easter Ross; est. 1959, operating from 1961), feeding Whyte & Mackay blends alongside Tamnavulin. Grain whisky is produced from unmalted cereal via continuous distillation and is not peated. No official single-grain release from the owner, but independent bottlers (e.g. Signatory, Douglas Laing) commonly release single-cask 'Invergordon' single grain - exactly the gap this row exists to close.
irishamerican	Irishamerican	blend	IE					none			unverified	low	https://en.wikipedia.org/wiki/Irish_whiskey	Brand string as catalogued ("Irishamerican", one word) is unusual and its single sample name is just "Irish" - possibly a mangled "Irish American" blend, possibly a plain Irish whiskey; leaning Irish whiskey (categorically unpeated) but genuinely uncertain, low confidence.
islay-mist	Islay Mist	blend	GB-SCT					unknown			unverified	low		Long-established Islay-malt blend (historically linked to the Laphroaig-owning Johnston/Fergusson family); one catalogue sample is literally named Islay Mist Original Peated Blend. No Wikipedia article exists and the current owner (believed MacDuff International) could not be confirmed this session, so peat level is left unknown rather than guessed. Flag for reviewer, plausibly non-zero (medium?) peat.
isle-of-harris	Isle of Harris	distillery	GB-SCT	islands	highland	Isle of Harris Distillers Ltd.	single malt	unknown			auto	high	https://en.wikipedia.org/wiki/Isle_of_Harris_distillery	Single malt is The Hearach (first released autumn 2023). Wikipedia and the distillery's own Hearach product page (fetched) state nothing about peat/smoke level; left unknown rather than relying on unfetched background recollection. Flag for reviewer, plausibly lightly peated.
isle-of-skye	Isle of Skye	blend	GB-SCT			Ian Macleod Distillers	blend	unknown			unverified	low	https://en.wikipedia.org/wiki/Ian_Macleod_Distillers	Owned by Ian Macleod Distillers since 1963. Marketing ties it to Talisker/Skye heritage (one catalogue sample literally quotes the oldest distillery on the Isle of Skye), but no citable source confirms actual blend composition or peat intensity, left unknown per policy.
j-riddle	J.Riddle	blend	XX					unknown			unverified	unknown		Single product "J.Riddle Peated" - could not identify a producer within budget. The product name itself asserts "Peated" but I found no independent source to cite, so left peatProfile=unknown rather than assert heavy/medium on the strength of the catalogue name alone (brief rule: never invent a citation). REVIEWER FLAG: name strongly implies a peated whisky - worth a manual peatProfile assignment once the producer is identified.
jack-daniels	Jack Daniel's	distillery	US			Brown-Forman	tennessee	none			auto	high	https://en.wikipedia.org/wiki/Jack_Daniel%27s	Lincoln County Process (charcoal mellowing through sugar-maple charcoal) is described by this source as removing impurities/corn taste rather than adding smoke, so I deliberately withheld a flavor.tsv 'smoky' row despite that being BRIEF.md's own worked example - my research contradicted it
jackton	Jackton	distillery	GB-SCT	lowland	lowland	RAER Spirits	single malt	unknown			auto	high	https://en.wikipedia.org/wiki/Jackton_distillery	RAER Spirits' Lowland distillery near East Kilbride; long-tail craft entry, not researched in depth per this task's budget guidance.
james-e-pepper	James E. Pepper	distillery	US					none			unverified	low	https://en.wikipedia.org/wiki/Whisky	Historic Kentucky brand revived as 'James E. Pepper 1776', distilled at the rebuilt Pepper distillery (Lexington/Georgetown, KY). Range spans both bourbon and rye under the 1776 label, so defaultTypeName left empty. Ownership not freshly verified this session.
james-kilton	James Kilton	blend						unknown			unverified	unknown		No identifiable web presence found (searches only returned an unrelated TV editor of the same name). Input samples are just the bare name twice, no further evidence.
james-king	James King	blend					blend	unknown			unverified	unknown		No web presence found; own-label, product name itself says "Blend"
james-wyld	James Wyld	blend	GB-SCT				blend	none			unverified	low	https://en.wikipedia.org/wiki/Scotch_whisky	No web presence found this session; assumed ordinary own-label blended Scotch per budget guidance.
jameson	Jameson	blend	IE			Pernod Ricard	blend	none			auto	high	https://en.wikipedia.org/wiki/Jameson_Irish_Whiskey https://en.wikipedia.org/wiki/New_Midleton_Distillery	Blended pot still + grain whiskey made at Midleton (Irish Distillers); malted barley is explicitly unpeated. Not parentSlug'd to a distillery row - treated as its own flagship line, same convention the brief uses for Johnnie Walker
jb	J&B	blend	GB-SCT			Diageo	blend	unknown			unverified	low	https://en.wikipedia.org/wiki/Justerini_%26_Brooks	J&B Rare Scotch whisky, produced by Justerini & Brooks (owned by Diageo); wiki confirms it is a blend of 42 malt and grain whiskies with named fingerprint malts Knockando, Auchroisk, Strathmill and Glen Spey (all unpeated Speyside distilleries), but the article makes no statement about peat/smoke level for the blend itself, so peatProfile is left unknown rather than assumed from the unpeated fingerprint malts alone.
jeffersons	Jefferson's	blend	US			Castle Brands		none			auto	high	https://en.wikipedia.org/wiki/Jefferson%27s_Bourbon https://en.wikipedia.org/wiki/Whisky	Louisville KY non-distiller producer; sources from Kentucky Artisan Distillery plus independent distilleries. Range spans bourbon and rye so defaultTypeName left empty. Jefferson's Ocean is bourbon aged at sea.
jeffersons-ocean	Jefferson's Ocean	blend	US			Pernod Ricard	bourbon	none			unverified	low	https://en.wikipedia.org/wiki/Whisky	Non-distiller-producer bourbon aged/finished at sea; ownership (Pernod Ricard, via Castle Brands/Jefferson's Bourbon Co. since 2019) from general knowledge, not re-verified with a fresh citation this session -- only the general Whisky article backs the peat=none category claim.
jim-bardett	Jim Bardett	blend						unknown			unverified	unknown		No web presence found; own-label, origin unclear
jim-beam	Jim Beam	distillery	US			Suntory Global Spirits	bourbon	none			auto	high	https://en.wikipedia.org/wiki/Jim_Beam https://en.wikipedia.org/wiki/Bourbon_whiskey	Kentucky straight bourbon (Clermont, KY); flavored line (Apple etc.) is still bourbon-based. Bourbon category confirmed peat-free by production process (charred new oak, no peat smoke).
jimsher	Jimsher	distillery	GE			Kartveli LLC		none			unverified	low	https://www.thespiritsbusiness.com/2026/05/sb-meets-jimsher-chkhaidze-jimsher-distillery/ https://jimsher.com/en/about-us/	First Georgian whisky, Kartveli Distillery (founder Jimsher Chkhaidze). "Tsinandali" in the catalogue sample name is a wine-cask finish (aged in ex-Tsinandali-wine barrels), not a separate product or a wine product - this is genuinely a whisky. No peat/smoke mentioned; matured in Georgian wine and brandy casks. defaultTypeName left empty - only one expression researched, described as "blended" but full range unconfirmed
jiu-hai-bu-gan	Jiu Hai Bu Gan	distillery	XX			Huzhujinquan Distillery	single malt	none			unverified	low	https://www.whisky.com/whisky-database/details/jiu-hai-bu-gan.html https://www.caskers.com/meido-jiu-hai-bu-gan-12-year-old-single-malt-whisky/	Tibetan Plateau single malt, matured in terracotta 'Jiu Hai' amphorae then finished in oak; 'Meido' and 'Craft White' are among its releases (both seen in samples). No ISO code for China/Tibet exists in the closed country list - used XX. No peat/smoke mentioned in any source found.
joe-got-a-gun	Joe Got A Gun	blend						unknown			unverified	low		Not researched (budget prioritised to larger brands). "Single Barrel" / "20 Barrels Selection Batch 1" naming suggests an American-style small-batch whiskey but origin is unconfirmed.
john-barr	John Barr	blend	GB-SCT			Whyte & Mackay	blend	none			unverified	low	https://en.wikipedia.org/wiki/Whyte_%26_Mackay	Blended Scotch sold under Whyte & Mackay. No peat-specific source found; inferred unpeated from the company's typical portfolio character (Dalmore/Fettercairn/Jura are not notably smoky).
john-lee	John Lee	blend	US					unknown			unverified	low		Own-label American-style whiskey ('Straight Old Reserve'), no web presence found; fast-tracked per own-label rule.
johnnie-walker	Johnnie Walker	blend	GB-SCT			Diageo	blend	light			unverified	high	https://en.wikipedia.org/wiki/Johnnie_Walker	Brief's own calibration brand for "light". Cited article confirms Double Black was created by "adding more peaty malt whiskies" to Black Label, i.e. Black already carries a peaty component. This batch's samples are mostly Red Label (the lighter end of the light band).
johnny-cree	Johnny Cree	blend						unknown			unverified	unknown		No information found this session; likely an own-label/budget blend, not searched (long tail budget)
johnny-drum	Johnny Drum	brand	US			Willett / Kentucky Bourbon Distillers	bourbon	none	willett		auto	high	https://en.wikipedia.org/wiki/Johnny_Drum https://www.breakingbourbon.com/review/johnny-drum-private-stock-bourbon	Now bottled only as 'Private Stock', Willett's own distillate (formerly a sourced bourbon of undisclosed origin under older Green/Black labels).
johnny-hepp	Johnny Hepp	blend	FR					unknown			unverified	low		Not researched (budget). Sample "Johnny Hepp Alsacien" names Alsace explicitly; countryCode inferred from the name only. A real Alsatian spirits house named Hepp exists but this was not confirmed this session.
johnny-smoking-gun	Johnny Smoking Gun	blend	US			Two James Spirits	blend	none			auto	high	https://twojames.com/our-spirits/johnny-smoking-gun/ https://distiller.com/spirits/two-james-spirits-johnny-smoking-gun-whiskey	American blended whiskey (70% 7-year corn whiskey, 30% young rye) from Two James Spirits, Detroit. Smoke comes from a proprietary Asian-tea maceration process, NOT peated malt -- non-peat smoky tag recorded in flavor.tsv, analogous to Jack Daniel's charcoal mellowing.
journeyman-distillery	Journeyman Distillery	distillery	US			Journeyman Distillery		none			unverified	low	https://www.journeyman.com/spirits/featherbone-bourbon/	Craft distillery in Three Oaks, Michigan (est. 2011); organic-grain bourbon and rye. No peat/smoke found in any product description; American craft grain whiskey, malted-barley peating essentially never used. defaultTypeName left empty (range spans bourbon/rye).
jp-wisers	J.P. Wiser's	blend	CA			Corby Spirit and Wine		none			unverified	low	https://en.wikipedia.org/wiki/Corby_Spirit_and_Wine	No explicit peat statement; Canadian whisky has no peat tradition. defaultTypeName left empty - Canadian whisky has no clean match in the closed type list (same call as batch-01's Black Velvet)
judas-priest	Judas Priest	blend						unknown			unverified	unknown		Band-branded novelty whisky ("50 Heavy Metal Years"); origin not identified, no search performed this pass.
jura	Jura	distillery	GB-SCT	islands	highland	Whyte & Mackay	single malt	light			unverified	high	https://whiskyauctioneer.com/learn/whisky-news/distilleries-spotlight/distillery-spotlight-jura https://en.wikipedia.org/wiki/Jura_distillery	Added because Douglas Laing bottles Jura single casks. Core production unpeated; limited annual peated runs exist (Superstition, Prophecy) but no such expression is named in this batch's samples, so no rule was added.
kamiki	Kamiki	blend	JP			Kamiki Shuzo	blend	unknown			unverified	low	https://greatdrams.com/kamiki-japanese-blended-whisky/	Nara-prefecture blend combining Japanese whisky with malts sourced from around the world (Kamiki Shuzo / Helios Distiller); no information found on whether peated malt is used.
karuizawa	Karuizawa	distillery	JP				single malt	unknown			unverified	low		Closed distillery (mothballed 2000, demolished 2016), Miyota, Nagano Prefecture. Peat level of the original production was not confirmed by the research done here (found only that a newly revived operation reportedly plans both peated and unpeated malt in future) - left unknown rather than guessed. Named in Artist series samples (this batch).
kavalan	Kavalan	distillery	TW			King Car Group	single malt	none			auto	high	https://en.wikipedia.org/wiki/Kavalan_Distillery https://drinksint.com/news/fullstory.php/aid/12039/The_rise_of_peated_world_whisky.html	Taiwan's first single malt distillery (Yuanshan, Yilan). Core range (Classic, Concertmaster, Solist, Podium, etc.) uses unpeated malt imported from Europe. A Peatist Series / Solist Peaty Cask using lightly peated malt also exists, see rules.
kentucky	Kentucky	blend	US					none			unverified	low	https://en.wikipedia.org/wiki/Whisky	Catalogue brand string 'Kentucky' bundles apparently unrelated products: Fordman, Wiseman, Benchmark No 8, Kentucky Walker (x2). Benchmark is confirmed real (Sazerac Company's Benchmark Old No. 8 bourbon, https://en.wikipedia.org/wiki/Sazerac_Company), but Wiseman/Fordman/Kentucky Walker could not be confirmed and may be generic import-market bourbon-style products, possibly not even genuine American whiskey. peatProfile=none reflects the American-whiskey category norm (peat-kilning is a Scotch-specific technique per the Whisky article), not a verified single house style. Flag for human review -- this brand may need splitting per-product in a later pass.
kentucky-artisan-distillery	Kentucky Artisan Distillery	distillery	US				rye	none			unverified	low	https://www.breakingbourbon.com/review/coalition-straight-rye-margaux-barriques-finish	Also referred to as Thompson's Kentucky Artisan Distillery, Crestwood, KY; pre-Prohibition-era all-copper pot still. Source of Coalition's rye. American rye whiskey, no peat.
kentucky-jack	Kentucky Jack	blend	US					unknown			unverified	low		Own-label American-style whiskey, no web presence found; fast-tracked per own-label rule (3 near-identical sample names, name evokes Jack Daniel's).
kentucky-owl	Kentucky Owl	blend	US					none			unverified	low	https://en.wikipedia.org/wiki/Sazerac_Company	Sourced/blended American whiskey ("Confiscated", "The Wiseman"); current ownership not verified this pass (checked, and it is NOT listed among Sazerac Company's own brands, so owner left empty rather than guessed). defaultTypeName left empty since the wider Kentucky Owl range also includes a rye. Treated as unpeated per the American whiskey category default (bourbon/rye mash bills do not use peated malt).
kentucky-vintage	Kentucky Vintage	brand	US			Willett Distillery (Kentucky Bourbon Distillers)	bourbon	none	willett		auto	high	https://en.wikipedia.org/wiki/Willett_Distillery https://en.wikipedia.org/wiki/Bourbon_whiskey	Willett small-batch bourbon label, Bardstown, KY.
kilbeggan	Kilbeggan	blend	IE			Suntory Global Spirits (Beam Suntory)	blend	none			auto	high	https://en.wikipedia.org/wiki/Cooley_Distillery https://en.wikipedia.org/wiki/Irish_whiskey	'Kilbeggan Blend' matured in fresh bourbon casks, made with/at Cooley Distillery, County Louth. Sibling Connemara (Cooley's peated single malt) is a different brand, not in this batch.
kilchoman	Kilchoman	distillery	GB-SCT	islay	islay	Kilchoman Distillery Company	single malt	heavy			auto	high	https://www.kilchomandistillery.com/our-farm-distillery/ https://scotchwhisky.com/whiskypedia/1870/kilchoman/	Independent farm distillery, heavily peated floor-malted barley from Islay peat bogs
kilkerran	Kilkerran	brand	GB-SCT	campbeltown	campbeltown	Mitchell's Glengyle Ltd	single malt	light	glengyle		auto	high	https://kilkerran.scot/kilkerran-bottlings/12yo/ https://en.wikipedia.org/wiki/Glengyle_distillery	Distillery's own site, 12yo product page: 'Lightly peated and bottled at our standard bottling strength of 46% ABV, our Kilkerran 12 year old...'. The Heavily Peated limited release is a distinct, explicitly-named departure from this baseline -- see rule.tsv. SLUG COLLISION: see the note on the 'glengyle' row above -- out/08/producer.tsv already used slug 'kilkerran' for a kind=distillery row; this row deliberately reuses that same slug with kind=brand instead, per this task's explicit instructions. A human reviewer must reconcile the two.
kimbland	Kimbland	distillery	GB-SCT	islands	highland	Kimbland Distillery Ltd	single malt	unknown			auto	high	https://en.wikipedia.org/wiki/Kimbland_distillery	Micro-distillery on Sanday, Orkney; mothballed since 2023 and, per a December 2025 Food Standards Scotland warning, told consumers not to buy or drink ANY of its products (whisky, gin or new-make) over safety-regulation failures. Uses Orcadian bere barley. No characterized whisky exists to assess peat.
kindilan	Kindilan	blend	CA					unknown			unverified	low		Product names explicitly say 'Канадіан' (Canadian), the basis for countryCode=CA; no other information found this session
king-charles	King Charles	blend	GB-SCT				blend	none			unverified	low	https://en.wikipedia.org/wiki/Scotch_whisky	No dedicated source found for this exact brand name (search only surfaced unrelated one-off 'Coronation of King Charles III' commemorative editions from other brands). Treated as a generic royalty-themed own-label blended Scotch; peatProfile via general blend-character inference, not brand-specific.
king-robert	King Robert	blend	GB-SCT				blend	none			unverified	low	https://en.wikipedia.org/wiki/Scotch_whisky	"King Robert II" budget blended Scotch. Checked Inver House Distillers' Wikipedia page on the assumption they own it; King Robert II is NOT listed among their brands there, so owner is left empty rather than asserted. Peat=none per ordinary-blend category norm.
king-robert-ii	King Robert II	blend	GB-SCT			Angus Dundee Distillers	blend	none			unverified	low	https://thewhiskeywash.com/scotch-whiskey/from-mild-to-wild-understanding-peat-levels-in-scotch-whisky/	Recognizable budget blended Scotch; treated as unpeated per the ordinary blended-Scotch default, not independently brand-verified this pass. Input spells the roman numeral "Ii" -- preserved verbatim in alias.tsv.
kings	King's	blend	US					none			unverified	low	https://en.wikipedia.org/wiki/Whisky	Producer/distillery not confidently identified — searches for "King's 107", "King's Rye", "King's Wheated", "King's Ryeconic" returned no usable results. American-whiskey naming (rye, wheated mashbill, proof-designated "107") strongly implies a US whiskey line, so the category default (peat is a Scotch-specific practice) is applied at low confidence. Range spans rye and wheated bourbon, so type is left empty.
kingsbarns	Kingsbarns	distillery	GB-SCT	lowland	lowland	Wemyss Malts	single malt	unknown			auto	high	https://en.wikipedia.org/wiki/List_of_whisky_distilleries_in_Scotland	Fife (near St Andrews) Lowland distillery, opened 2014/2015. No page opened this session to cite a peat claim (Lowland single malt is conventionally unpeated, and none of this batch's 6 sample product names suggest otherwise), so peatProfile is correctly left unknown per the citation rule rather than asserting an uncited "none". A reviewer can very likely confirm none with a quick lookup.
kininvie	Kininvie	distillery	GB-SCT	speyside	speyside	William Grant & Sons	single malt	unknown			auto	high	https://en.wikipedia.org/wiki/Kininvie_distillery	Built 1990 on Balvenie's site, sharing Balvenie's mash house/washbacks; output mostly feeds Grant's blends (Clan MacGregor). No source directly states its own peat level, so left unknown rather than inferred from the unpeated Balvenie link. Historically its single malt was released as 'Hazelwood' (tribute bottlings, pre-2013); the company began official 'Kininvie'-branded releases in 2013. Since 2015 'House of Hazelwood' is a revived line but is a BLEND featuring Kininvie among other Grant's malts, not itself a Kininvie brand, so no separate brand row was created for it - flag for a human reviewer if 'Hazelwood'/'House of Hazelwood' turns out to be a catalogue brand string.
kirkcowan	Kirkcowan	blend	GB-SCT	lowland	lowland	Bladnoch Distillery	blend	unknown			unverified	low		This batch's own sample pairs it directly with the distillery ("Bladnoch Kirkcowan"). Bladnoch's current site (checked this session) no longer lists Kirkcowan, likely a discontinued release from an earlier ownership era (pre-David Prior). No peat citation found.
knappogue-castle	Knappogue Castle	blend	IE			Irish Distillers (Pernod Ricard)	single malt	none			unverified	low	https://en.wikipedia.org/wiki/Knappogue_Castle_Irish_Whiskey https://en.wikipedia.org/wiki/Irish_whiskey	Confirmed premium single malt Irish whiskey brand, produced by Irish Distillers (Pernod Ricard), introduced 1998, named for Knappogue Castle in County Clare. Source distillery undisclosed for current releases; kind=blend used as the closest available bucket for an undisclosed-origin single-malt label (rule 3 in the brief), not because it is blended-type whiskey. peatProfile via general Irish-whiskey category fact.
knob-creek	Knob Creek	blend	US			Beam Suntory		none			unverified	low	https://en.wikipedia.org/wiki/Knob_Creek_(bourbon)	Bourbon whiskey brand by Beam Suntory; range now also includes a rye, so defaultTypeName left empty. Bourbon/rye American whiskey is categorically unpeated.
knockando	Knockando	distillery	GB-SCT	speyside	speyside	Diageo	single malt	none			auto	high	https://en.wikipedia.org/wiki/List_of_whisky_distilleries_in_Scotland https://en.wikipedia.org/wiki/Speyside_single_malt	
koriyama	Koriyama	distillery	JP			Sasanokawa Shuzo		unknown			unverified	low	https://en.wikipedia.org/wiki/Asaka_distillery	Catalogue spells the brand simply "Koriyama"; the operating distillery's formal name is Asaka Distillery, in Kōriyama, Fukushima Prefecture, founded 2016. No peat information found.
koval	Koval	distillery	US					none			unverified	low	https://en.wikipedia.org/wiki/Koval_Distillery	Chicago craft distillery, certified organic and kosher. Source confirms the distillery and its organic/craft positioning but does not explicitly state "unpeated"; American grain whiskeys (rye, single barrel, millet) are not malted-and-peated in the Scotch sense, so peatProfile=none with low confidence. defaultTypeName left empty (range spans rye/other grains).
kura	Kura	blend	JP					unknown			unverified	unknown		Could not identify the producer. Investigated two candidates: Eigashima Shuzo's White Oak distillery (maker of Akashi) and Matsui Shuzo's Kurayoshi/Matsui brand family -- Matsui's own official site (matsuiwhisky.com) lists Kurayoshi/Matsui/Tottori/San-in/Daisen but no product called 'Kura', so that link is unconfirmed. 'White Oak' in the sample name 'Kura White Oak' may simply denote the American-white-oak cask species rather than a brand reference. Left fully unknown rather than guess; flag for human review.
kurayoshi	Kurayoshi	blend	JP			Matsui Shuzo	malt	unknown			unverified	low	https://matsuiwhisky.com/en/item/kurayoshi/ https://impexbev.com/kurayoshi/	"The Kurayoshi" pure/vatted malt, blended from malt whiskies sourced from various Scottish distilleries plus Japanese malt; no peat information found for the sourced components, left unknown
kyoda	Kyoda	blend	XX					unknown			unverified	unknown		Single product, just "Kyoda". Wikipedia search returns nothing relevant (only an unrelated anime director's surname). No basis found for country, category or peat.
kyro	Kyro	distillery	FI			Kyrö Distillery Company	rye	none			auto	high	https://kyrodistillery.com/products/kyro-peat-smoke-whisky-700ml https://kyrodistillery.com/products/kyro-wood-smoke-whisky-700ml	Base "Malt Rye" (100% Finnish rye malt) is unpeated; sold as a distinct product line from the "Peat Smoke" and "Wood Smoke" variants, see rule.tsv
kythe	Kythe	distillery	GB-SCT	lowland	lowland	Kythe Distillery Co.	single malt	unknown			auto	high	https://kythedistillery.com/	Pre-production as of this research: official site states construction completed summer 2025 and distilling was expected to begin H2 2025, aiming to revive an 'old style' single malt not made since the 1960s. No product exists yet to characterize. The site's own copy calls this a return to 'old style Highland distilling' (likely the traditional method, not the SWA legal region) - the given region (Lowland) is used unchanged per instructions.
label-5	Label 5	blend	GB-SCT			La Martiniquaise	blend	none			auto	high	https://en.wikipedia.org/wiki/Label_5	Grain and malt whisky mostly from Glen Moray distillery; no peat indication in any source checked.
lagavulin	Lagavulin	distillery	GB-SCT	islay	islay	Diageo	single malt	heavy			auto	high	https://islaywhiskyacademy.scot/lagavulin-distillery/ https://thewhiskeywash.com/scotch-whiskey/the-ultimate-guide-to-the-lagavulin-16-year-old/	Peated to ~35 ppm phenol, Port Ellen maltings
lagg	Lagg	distillery	GB-SCT	islands	highland	Isle of Arran Distillers Ltd	single malt	heavy			unverified	high	https://en.wikipedia.org/wiki/Lagg_distillery	Arran's second distillery (opened 2019), a separate physical site from Arran/Lochranza - built specifically to produce a heavily peated style (50ppm Highland peat), unlike unpeated Arran. Region islands/legalRegion highland per the same Arran convention as Tobermory.
laggan-bay	Laggan Bay	distillery	GB-SCT	islay	islay	Ian MacLeod Distillers	single malt	unknown			auto	high	https://en.wikipedia.org/wiki/Ian_Macleod_Distillers	Still under construction as of the source's Jan 2026 snapshot (a cited construction-news article projected 2025 completion); no new-make spirit reported yet, so no peat basis exists. Owner Ian Macleod Distillers also markets the heavily-peated Islay blend 'Smokehead' (sourced from an undisclosed third-party distillery, not their own), so an Islay-peated future house style is plausible but is NOT claimed here.
lakes	Lakes	distillery	GB-ENG			Nyetimber		unknown			unverified	low	https://en.wikipedia.org/wiki/The_Lakes_Distillery	English whisky distillery, Bassenthwaite Lake, Cumbria; bought by winemaker Nyetimber in 2024 (previously independent, founded 2014 by Paul Currie). Sample names (Equinox, Galaxia, Resfeber, Nostalgia, Signature, Whiskymaker's Reserve No.7) are all distinct experimental releases with no stated common peat level - genuinely appears to vary by release, so left unknown rather than guessed.
lambertus	Lambertus	blend						unknown			unverified	unknown		No web presence found for this whisky (zero Wikipedia hits). The name recalls the Belgian 'Lambertus' beer brand (Brouwerij Huyghe) but no whisky connection is confirmed; left entirely unknown rather than guessed.
laphroaig	Laphroaig	distillery	GB-SCT	islay	islay	Suntory Global Spirits	single malt	heavy			auto	high	https://en.wikipedia.org/wiki/List_of_whisky_distilleries_in_Scotland	Per brief's own calibration list (heavy). Referenced as a Murray McDavid bottling.
lauders	Lauder's	blend	GB-SCT				blend	none			unverified	low	https://en.wikipedia.org/wiki/Scotch_whisky	Blended Scotch whisky brand; no dedicated Wikipedia article found. FOR REVIEWER: I recall from general knowledge, NOT verified via a fetched source this session, that Lauder's is produced by MacDuff International Ltd - left owner blank rather than asserting it. peatProfile via the same general blend-character inference as Black Ram/Glendale.
ledaig	Ledaig	brand	GB-SCT	islands	highland	Distell Group (Heineken)	single malt	heavy	tobermory		auto	high	https://en.wikipedia.org/wiki/Tobermory_distillery https://scotchwhisky.com/whiskypedia/2057/ledaig/	Heavily peated malt from Tobermory distillery (its original name). Not itself a brand string in this batch's input; added as a full row because BRIEF.md names Tobermory/Ledaig as the flagship sibling-pair example and Tobermory is in this batch
lehmann	Lehmann	blend	XX					unknown			unverified	unknown		No web presence found this session. Sole sample "Hiberum Saboga" suggests a Latin/Hibernia (Ireland) theme while "Lehmann" reads German/French/Alsatian - conflicting signals, country and peat left unknown rather than guessed.
leopold-bros	Leopold Bros	distillery	US					none			unverified	low	https://en.wikipedia.org/wiki/Whisky	Denver, Colorado craft distillery, known for Maryland-style rye whiskey per Wikipedia's List of whisky brands. Sample Leopold Bros Peach is likely a flavored/fruit expression; range spans types so defaultTypeName left empty.
lerwick	Lerwick	distillery	GB-SCT	islands	highland	Lerwick Distillery Ltd	single malt	unknown			auto	high	https://shetlandwhisky.com/	Official site (lerwickdistillery.com redirects to shetlandwhisky.com) brands itself 'Home of Shetland Single Malt Scotch Whisky' and sells a 'Haad Still' cask-ownership scheme, consistent with stock still maturing rather than a released, characterized product. No peat statement found. Per Wikipedia's Kimbland article this distillery was established in Shetland in 2022.
leven	Leven	distillery	GB-SCT	lowland	lowland	Diageo	single malt	unknown			auto	high	https://en.wikipedia.org/wiki/Leven_distillery	Diageo's experimental/R&D distillery (est. 2013, Diageo's 29th working distillery) attached to the world's biggest bottling/packaging plant - built for pilot distillation projects, not a defined consumer single-malt line, so no house peat style is established. 'Leven' is also a common Scottish place name; kept the alias brand-scope for collision safety per this task's instructions.
lewis-clark	Lewis&Clark	blend	US					none			unverified	low	https://en.wikipedia.org/wiki/Irish_whiskey	Country inferred from the sample product names themselves ("Corn" is a defined American whiskey category; "Northwest" matches the historical Lewis and Clark expedition's Pacific Northwest route) rather than from a citation naming this specific brand -- no Wikipedia page or other source found. Peat citation is the general non-Scotch-unpeated statement (see canadian-club note). defaultTypeName left empty (Corn vs. an unspecified Northwest expression may differ in category).
lighthouse	Lighthouse	blend	GB-SCT				blend	none			unverified	low	https://en.wikipedia.org/wiki/Scotch_whisky	No dedicated source found. One of its two SKUs is named 'Lighthouse Peated' -- per this brief's own instruction not to author producer rules for the generic 'peated' pattern (that is handled by a central rule), that specific bottling will be caught centrally; this base row represents the plain/standard line only.
lindores-abbey	Lindores Abbey	distillery	GB-SCT	lowland	lowland	Lindores Distilling Co.	single malt	unknown			auto	high	https://en.wikipedia.org/wiki/Lindores_Abbey_distillery	First single malt (MCDXCIV) released 2021; no peat statement found in Wikipedia or a quick check of the official site. Site of the 1494 Exchequer Rolls entry, the earliest surviving written record of Scotch whisky distilling.
linkwood	Linkwood	distillery	GB-SCT	speyside	speyside	Diageo	single malt	none			auto	high	https://en.wikipedia.org/wiki/Linkwood_distillery https://thewhiskeywash.com/scotch-whiskey/from-mild-to-wild-understanding-peat-levels-in-scotch-whisky/	Added to resolve Artist Collective's sample bottlings. Cited page confirms region/owner but not peat explicitly; unpeated is standard for this Speyside malt.
littlemill	Littlemill	distillery	GB-SCT	lowland	lowland		single malt	none			auto	high	https://en.wikipedia.org/wiki/List_of_whisky_distilleries_in_Scotland	Closed Lowland distillery (authority file lists no current owner following its 2004 closure/2008 fire). Standard unpeated Lowland style applied by region default, not independently re-confirmed with a dedicated Littlemill peat citation this session.
loch-lomond	Loch Lomond	distillery	GB-SCT	highland	highland	Loch Lomond Group	single malt	none			auto	high	https://scotchwhisky.com/whiskypedia/2024/croftengea/ https://www.royalmilewhiskies.com/scotch/brands/loch-lomond/	Eponymous Loch Lomond spirit is unpeated. The distillery also makes heavily peated siblings under other names (Inchmoan, Croftengea, not in this batch) - see brief's known-pairs list; only plain Loch Lomond is covered here.
lochlea	Lochlea	distillery	GB-SCT	lowland	lowland	Neil McGeoch	single malt	unknown			auto	high	https://en.wikipedia.org/wiki/Lochlea_distillery	Working farm distillery in Ayrshire; inaugural single malt Oct 2021, a cask-strength release May 2023, 'Our Barley' Jan 2025. No peat statement found.
london-square	London Square	blend	GB-SCT				blend	none			unverified	low	https://en.wikipedia.org/wiki/Scotch_whisky	No web presence found; treated as an ordinary own-label blended Scotch per budget policy for one-product long-tail brands.
longmorn	Longmorn	distillery	GB-SCT	speyside	speyside	Chivas Brothers (Pernod Ricard)	single malt	none			auto	high	https://en.wikipedia.org/wiki/Longmorn_distillery	Classic unpeated, rich Speyside style.
longrow	Longrow	brand	GB-SCT	campbeltown	campbeltown	J&A Mitchell & Company	single malt	heavy	springbank		unverified	high	https://en.wikipedia.org/wiki/Springbank_(distillery)	Springbank's heavily-peated, double-distilled sibling brand (named directly in the brief's own sibling-pair list). Cited article: "Longrow Single Malt is a highly peated, double-distilled whisky".
lord-elcho	Lord Elcho	blend	GB-SCT				blend	unknown			unverified	low		Believed to be associated with the Wemyss family (name matches the Earl of Wemyss's courtesy title, and the family runs Wemyss Malts/Kingsbarns distillery), but no citation could be opened this session confirming producer or peat level -- Wikipedia has no article and other searches returned nothing relevant. bottlerSlug intentionally left empty pending verification (contrast peat-chimney/spice-king, where the Wemyss link is well-established general knowledge).
lost-distillery	The Lost Distillery	blend	GB-SCT			The Lost Distillery Company	blend	unknown			unverified	low		Recreates flavour profiles of historic CLOSED Scottish distilleries via blending malt from currently-operating distilleries (not the original spirit). Named releases in samples (Lossit=historic Islay, Towiemore=historic Speyside, Stratheden=historic Lowland/Fife, Dalaruan/Jericho=historic Campbeltown) plausibly differ in peat character by design - deliberately left unknown rather than averaged. Could not reach the official site this session (domain lapsed/unreachable); worth a human pass to split into per-release rows.
lost-monarch	Lost Monarch	brand	US				blend	none	redwood-empire		unverified	low	https://redwoodempirewhiskey.com/	Redwood Empire's "Lost Monarch Small Batch Craft Whiskey Blend" (confirmed via their own site) -- a blend of bourbon and rye. Standard American whiskey, no peat mentioned.
lot-40	Lot No. 40	blend	CA			Corby Spirit and Wine	rye	none			auto	high	https://en.wikipedia.org/wiki/Corby_Spirit_and_Wine https://en.wikipedia.org/wiki/Canadian_whisky	Canadian 100% rye whisky brand, confirmed as a Corby Spirit and Wine product. Canadian whisky/rye has no peat tradition.
lothaire	Lothaire	blend	FR					unknown			unverified	unknown		Could not confirm this session (domain lookups failed, no Wikipedia page). Unconfirmed personal recollection that this may be a French independent bottler of sourced (non-French) malt whisky rather than a French distillery -- flagged for human review rather than acted on without a citation.
lou-gal	Lou Gal	blend	FR					none			unverified	low	https://www.labellevie.com/produit/60354/whisky-francais-40-lou-gal-70-cl https://www.whiskybase.com/whiskies/whisky/217366/lou-gal-whisky-franais	French whisky from the Gers/Gascony region, barley malt. No smoke/peat mentioned in tasting notes (vanilla, dried fruit, almonds, hazelnuts, caramel, apricot)
lux-row-distillers	Lux Row Distillers	distillery	US			Luxco / MGP Ingredients	bourbon	none			unverified	low	https://en.wikipedia.org/wiki/Whisky	Bardstown, Kentucky distillery opened 2018; producer of the Ezra Brooks family (see old-ezra row), Rebecca Creek, and its own Lux Row-branded bourbons (Four Grain, Double Barrel/PX Sherry Finish). Ownership chain from general knowledge, not freshly verified this session -- only the general Whisky article backs the peat=none category claim.
m-h	M&H	distillery	IL			Milk & Honey Distillery Ltd.	single malt	none			auto	high	https://www.masterofmalt.com/whiskies/milk-and-honey/milk-honey-elements-series-peated-cask-whisky/ https://wordsofwhisky.com/mh-elements-peated-2022/	Israel's first whisky distillery (Tel Aviv, founded 2013). The "Elements" range (Sherry Cask, Red Wine Cask, Peated) is this distillery's own-brand line, so modelled as one producer rather than a separate "M&H Elements" brand row. Baseline (non-Peated Elements editions) is unpeated; the Peated Cask edition gets its smokiness from maturation in ex-Islay (peated-whisky) casks rather than peated malt itself - see rule row, and note it is real cask-derived peat character, not just a marketing name.
mac-talla	Mac-Talla	blend	GB-SCT	islay	islay		single malt	unknown			unverified	low		Islay single malt brand (Morrison & Mackay / Morrison Scotch Whisky Distillers); source distillery undisclosed. This batch's own samples say "Peated" and "Lightly Peated" for the Flora range, strongly suggesting the whole brand is peated Islay malt, but no accessible citation was found this session (official domain is parked, retailer pages 403, no Wikipedia article, Wikipedia search returned nothing relevant) so peat is left unknown rather than guessed. Reviewer should very likely set this to light/medium/heavy after checking the brand's own materials -- CLAUDE.md's own flavor_rule documentation already cites "Mac-Talla Flora Lightly Peated" as a case the central peated/lightly-peated keyword priority ordering is designed to handle, so no producer-specific rule was added here either.
macallan	Macallan	distillery	GB-SCT	speyside	speyside	Edrington	single malt	none			auto	high	https://en.wikipedia.org/wiki/The_Macallan_distillery https://uk.edrington.com/en/our-brands/scotch-whisky/the-macallan	Standard range unpeated; rare peated casks exist in limited editions (e.g. Rare Cask Black) but are not the house style
macarthurs	MacArthur's	blend	GB-SCT			Inver House Distillers	blend	none			auto	high	https://en.wikipedia.org/wiki/Inver_House_Distillers	Confirmed blended Scotch whisky brand of Inver House Distillers (also owner of Speyburn among others); no peat indication.
macduff	Macduff	distillery	GB-SCT	highland	highland	John Dewar & Sons (Bacardi)	single malt	none			auto	high	https://en.wikipedia.org/wiki/Macduff_distillery https://www.casktrade.com/whiskypedia/macduff-distillery-focus/	Coastal Eastern Highlands distillery (founded 1962) where the Deveron River meets the North Sea. Malt used for blending spirit is fully unpeated; malt used for the distillery's own single malt ("The Deveron") is lightly peated. The owner never bottles under the name "Macduff" itself, only as "The Deveron"/"Glen Deveron"; "Macduff" as a bottling name is used only by independent bottlers.
machrie-moor	Machrie Moor	brand	GB-SCT	islands	highland	Isle of Arran Distillers	single malt	medium	arran		auto	high	https://www.arranwhisky.com/shop-whiskies/arran-limited-editions/9-machrie-moor-single-malt https://thewhiskeywash.com/reviews/whisky-review-arran-machrie-moor/	Arran's peated line (14-20ppm depending on edition); sibling of the unpeated core 'Arran' brand, same distillery - classic Tobermory/Ledaig-style pair.
macintyres-drop	MacIntyre's Drop	blend	XX					unknown			unverified	unknown		Catalogue supplied no type/country guess at all; no web presence found. Own-label, origin unclear.
mackmyra	Mackmyra	distillery	SE				single malt	none			unverified	low	https://www.masterofmalt.com/whiskies/mackmyra/mackmyra-svensk-rok-swedish-smoke-whisky/ https://whiskyanalysis.com/index.php/2018/12/16/mackmyra-svensk-rok/	Svensk Rök ("Swedish Smoke", ~70% peated malt) is explicitly Mackmyra's first/only dedicated smoky release, implying the core range (incl. this batch's Björksav and Moment Tolv) is unpeated; no direct statement for those two specific bottlings, confidence kept low. See rule.tsv for Svensk Rök, added defensively though not itself in this batch's samples
maen	Maen	blend						unknown			unverified	unknown		No identifiable web presence found under any spelling tried. Input gives only the bare name "Maen" three times with no distinguishing sample product name, so origin, type and owner could not be determined.
makers-mark	Maker's Mark	distillery	US			Suntory Global Spirits	bourbon	none			auto	high	https://en.wikipedia.org/wiki/Maker%27s_Mark	Wheated bourbon distilled in Loretto, Kentucky. American whiskey production does not use peat-smoked malt.
malt-b	Malt B	blend						unknown			unverified	low		Not researched (budget); no distinguishing information in the catalogue sample.
maltbarn	Maltbarn	bottler	DE			Maltbarn		unknown			auto	high	https://www.maltbarn.com/en/maltbarn-whisky/	German independent bottler and retailer ("Purveyors of Taste"); own site: "We at Maltbarn offer a select choice of whiskies both under our own label and from other bottlers." Samples name Tullibardine, Ben Nevis, Inchgower, Glenburgie, Blair Athol (all added as distillery rows); "Islay Malt" sample too generic to name a specific distillery.
man-o-sword	Man O' Sword	brand	GB-SCT	lowland	lowland	Annandale Distillery Company	single malt	medium	annandale		unverified	high	https://en.wikipedia.org/wiki/Annandale_distillery	Annandale's single-cask range named after Robert the Bruce. Wikipedia states explicitly '(peated) Man O' Sword' but does not quantify intensity beyond the peated/unpeated split with Man O' Words, so classified medium rather than heavy pending a tasting-note source.
man-o-words	Man O' Words	brand	GB-SCT	lowland	lowland	Annandale Distillery Company	single malt	none	annandale		auto	high	https://en.wikipedia.org/wiki/Annandale_distillery	Annandale's single-cask range named after Robert Burns. Wikipedia states explicitly '(unpeated) Man O' Words'.
manhattan	Manhattan	blend	US					unknown			unverified	low		Own-label, no web presence found (name likely evokes the cocktail); fast-tracked per own-label rule.
mannochmore	Mannochmore	distillery	GB-SCT	speyside	speyside	Diageo	single malt	none			auto	high	https://www.diffordsguide.com/producers/229/mannochmore-distillery https://www.thesinglecask.co.uk/blogs/distilleries/mannochmore	Unpeated Speyside workhorse malt (Elgin), mainly for blends (Haig, Dimple). First official bottling was Diageo's Flora & Fauna 12yo (1992) - matches this batch's mangled input brand string 'Flora&fauna,mannochmore'.
marc-de-champagne	Marc de Champagne	blend	FR					unknown			unverified	low		Likely NOT whisky - 'marc de Champagne' is a French grape-pomace brandy (eau-de-vie) from the Champagne region, almost certainly miscategorised in this catalogue; flagging for reviewer rather than inventing a whisky producer for it
mars	Mars	distillery	JP			Hombo Shuzo Co., Ltd.		unknown			unverified	low	https://en.wikipedia.org/wiki/Shinshu_Mars_distillery	Hombo Shuzo operates TWO distilleries (Shinshu, Nagano + Tsunuki, Kagoshima) under the Mars brand; Shinshu alone runs FOUR peating levels (unpeated / 3.5ppm / 20ppm / 50ppm) depending on release, so no single peat profile applies -- left unknown deliberately. Samples span both distilleries and several product lines (Iwai, Kasei, Cosmo, Tsunuki, Y.A).
masahiro	Masahiro	distillery	JP			Masahiro Shuzo		none			unverified	low	https://masahiromalt.jp/ https://www.hitimewine.net/masahiro-oloroso-sherry-cask-43-12yr-750ml-japanese-malt-whisky-okinawa-121066	Okinawan awamori distiller (est. 1883) also producing pure-malt whisky and a blended whisky (Kaijin); range spans single malt and blend so defaultTypeName left empty. No smoke/peat in any tasting note found.
mash-cut	Mash Cut	blend	XX					unknown			unverified	unknown		Could not identify this brand within budget; left entirely unknown.
mastersons	Masterson's	blend	CA				rye	none			unverified	low	https://thewhiskeywash.com/scotch-whiskey/from-mild-to-wild-understanding-peat-levels-in-scotch-whisky/	Sourced Canadian rye whiskey (Alberta Distillers stock), bottled by 35 Maple Street; not independently re-verified this pass. Canadian rye does not use peated malt.
masthouse	Masthouse	brand	GB-ENG					unknown	copper-rivet		unverified	low	https://en.wikipedia.org/wiki/List_of_whisky_distilleries_in_England	Copper Rivet Distillery's whisky brand (Chatham, Kent) -- confirmed via Wikipedia's list of English whisky distilleries ("Copper Rivet Distillery ... set to launch Masthouse whisky"). defaultTypeName left empty: this batch's own product name says "Column Distilled" (implying a continuous/grain still) while Wikipedia describes the first release as single malt, suggesting the range spans more than one type. No peat statement found (copperrivetdistillery.com returned 403 both times fetched).
matsui	Matsui	distillery	JP			Matsui Shuzo	single malt	none			auto	high	https://matsuiwhisky.com/en/whisky/matsui/ https://www.thecampfiredram.com/the-campfire-dram/review-kurayoshi-distillerys-matsui-single-malt-collection-sakura-mizunara-the-peated-exploring-japanese-whisky	Kurayoshi Distillery, Tottori (Matsui Shuzo, founded 1910, distilling its own whisky since 2017). Core Sakura Cask / Mizunara Cask NAS releases are unpeated; "The Peated" is a separate expression, see rule. Covers both catalogue brand strings "The Matsui" and "Matsui".
matt-darcy	Matt D'Arcy	blend	GB-SCT					unknown			unverified	low		Own-label blended Scotch, no web presence found; fast-tracked per own-label rule. Input brand string 'Matt D Arcy' has no apostrophe; samples spell it 'Matt D'Arcy'.
may-loag	May-Loag	blend						unknown			unverified	unknown		Faux-Scottish-sounding name (Journey/Diamond/Elegance/Triple Wood range); could not confirm true country of origin or producer this session, left blank rather than assumed Scottish
mccarthys	McCarthy's	brand	US			Clear Creek Distillery	single malt	unknown	clear-creek		unverified	low		McCarthy's Oregon Single Malt Whiskey, made at Clear Creek Distillery (Hood River, Oregon) - confirmed via Wikipedia's Clear Creek Distillery article. That article does not discuss peat, and no other working source could be reached this session (McCarthy's own Wikipedia page and a distiller.com guess both 404/403'd; clearcreekdistillery.com failed TLS verification). McCarthy's is WIDELY reported in whiskey literature as made with malt imported from Scotland and heavily peated (commonly cited around 50ppm) - this is exactly the kind of positive peat claim the brief asks to flag: I could not verify it with an opened source this session, so it is left peatProfile=unknown rather than asserted. A human reviewer should very likely resolve this to heavy/medium with a proper citation.
mcclellands	McClelland's	blend	GB-SCT			Morrison Bowmore Distillers	single malt	unknown			auto	high	https://en.wikipedia.org/wiki/McClelland%27s_Single_Malt	Confirmed via Wikipedia: 'a range of single malt Scotch whiskies from four of Scotland's key whisky distilling regions - Highland, Islay, Speyside and Lowland', supplied by parent company Morrison Bowmore Distillers; 'there is no McClelland's distillery per se'. Because the range explicitly includes an Islay (typically peated) variant and my input sample carries no region qualifier, peatProfile is deliberately left unknown rather than guessed - this one product could be any of the four regions.
mcconnells	McConnell's	blend	IE				blend	none			unverified	low	https://mcconnellsirishwhisky.com/ https://en.wikipedia.org/wiki/Irish_whiskey	Official site: "a blend of select malt and grain whiskies, matured in ex-bourbon oak barrels" (Belfast brand, revived by Belfast Distillery Company). No peat mentioned; peat=none per Irish-whiskey category norm.
mcgibbons	McGibbon's	bottler	GB-SCT					unknown			auto	low		No web presence confirmed this session (domain did not resolve, no Wikipedia article). Apostrophe-surname naming matches an independent-bottler range convention. A possible link to Aberko Ltd's "McGibbon's" range is recalled but could not be verified online this session.
mcivor	McIvor	blend	GB-SCT				blend	none			unverified	low	https://thewhiskeywash.com/scotch-whiskey/from-mild-to-wild-understanding-peat-levels-in-scotch-whisky/	Own-label style ("McIvor Finest"), no independent web presence found; treated as an ordinary unpeated blended Scotch per brief long-tail default, not brand-verified.
mckintyres	McKintyre's Club & Casino	blend	GB-SCT				blend	none			unverified	low	https://en.wikipedia.org/wiki/Scotch_whisky	Catalogue spells it "Mckintrye's Club & Casino" (aliased verbatim); name corrected here to the likelier intended spelling "McKintyre's". No web presence found; treated as an ordinary blended Scotch own-label per default rule -- see glen-talloch note for the peat citation rationale.
meikle-toir	Meikle Toir	blend	XX					unknown			unverified	unknown		No web presence found this session. Name reads Scots/Gaelic ("Meikle" = great/large) but one sample variant is "The Chinquapin" (chinquapin oak is a cask type mainly associated with American craft whiskey), so country/origin is genuinely ambiguous - left unknown rather than guessed.
mellow-corn	Mellow Corn	brand	US			Heaven Hill Brands (Shapira family)		none	heaven-hill		auto	high	https://en.wikipedia.org/wiki/Corn_whiskey https://en.wikipedia.org/wiki/Heaven_Hill	Corn whiskey (min. 80% corn mash bill); 'corn' is not in the closed defaultTypeName list so left empty. Unmalted-grain-heavy mash, no peat.
method-and-madness	Method and Madness	brand	IE			Irish Distillers (Pernod Ricard)		unknown	midleton		unverified	low	https://en.wikipedia.org/wiki/Irish_whiskey https://en.wikipedia.org/wiki/Irish_Distillers	Irish Distillers' innovation/experimental range, produced at Midleton, spanning single malt, single pot still and single grain (Pernod Ricard's own brand list confirms it in their portfolio). Type left empty (spans several). Peat left unknown rather than assumed "none": an experimental range could plausibly include a peated release and none of the sources opened confirmed either way.
mgp	MGP Ingredients	distillery	US			MGP Ingredients, Inc.		none			auto	high	https://ir.mgpingredients.com/news-releases/news-release-details/mgp-debuts-2020-barrels-rossville-unionr-single-barrel-rye	Lawrenceburg, Indiana. Major sourced-whiskey supplier historically (Bulleit, Dickel, Willett, Templeton and others) as well as its own Rossville Union brand. Added as parent of Rossville Union (this batch).
michters	Michter's	distillery	US			Chatham Imports		none			auto	high	https://en.wikipedia.org/wiki/Bomberger%27s_Distillery	Modern brand (own Louisville/Shively KY distillery) is unrelated to the historic 18th-century Pennsylvania distillery of the same name; that Wikipedia article documents the modern brand and its Chatham Imports ownership. Range spans bourbon/rye/American whiskey/sour mash so defaultTypeName left empty.
micil	Micil	distillery	IE					none			unverified	low	https://en.wikipedia.org/wiki/List_of_whiskey_distilleries_in_Ireland https://en.wikipedia.org/wiki/Irish_whiskey	Independent craft distillery, Galway, founded 2016 (per Wikipedia's List of whiskey distilleries in Ireland). 'SPS' in two sample names likely means 'Single Pot Still' but the range also includes other styles (Small Batch, Long Walk), so defaultTypeName left empty. peatProfile via the general Irish-whiskey category fact (peat rarely used outside Scotland), not distillery-specific.
midleton	Midleton	distillery	IE			Pernod Ricard		none			auto	high	https://en.wikipedia.org/wiki/New_Midleton_Distillery https://en.wikipedia.org/wiki/Jameson_Irish_Whiskey	Added because Green Spot (this batch) references it via parentSlug. Home of Jameson, Redbreast, Powers, Green Spot, Midleton Very Rare; malted barley used there is explicitly unpeated. defaultTypeName left empty - produces blend, single pot still and single malt
midleton-very-rare	Midleton Very Rare	brand	IE			Irish Distillers (Pernod Ricard)	blend	none	midleton		auto	high	https://en.wikipedia.org/wiki/New_Midleton_Distillery https://en.wikipedia.org/wiki/Irish_whiskey	Catalogue brand 'Midleton' -- all 6 sample products are 'Midleton Very Rare'/'Barry Crockett...' -- is a blend of pot-still and grain whiskey all distilled at Midleton, so kind=brand with parentSlug=midleton rather than kind=blend. The exact-input alias 'Midleton' points here, not at the distillery row.
milam-greene	Milam & Greene	blend	US			Milam & Greene Whiskey		none			unverified	low	https://thewhiskeywash.com/bourbon/texas-milam-greene-whiskey-brings-forth-its-first-limited-edition-whiskey/ https://milamandgreenewhiskey.com/distillery-edition-bourbon/	Blanco, Texas whiskey house (own stills plus Kentucky-sourced/blended stock, "Texification" secondary aging); bourbon/rye/blend range so defaultTypeName left empty. Standard corn/rye/malted-barley mash bills; "none" is inferred from American-whiskey convention rather than an explicit statement, hence confidence low.
miltonduff	Miltonduff	distillery	GB-SCT	speyside	speyside	Chivas Brothers (Pernod Ricard)	single malt	none			auto	high	https://en.wikipedia.org/wiki/Miltonduff_distillery	Wikipedia does not explicitly state unpeated; inferred, no peat/smoke mention, mainly a Ballantine's blending malt
minor-case	Minor Case	blend	US				rye	none			unverified	low	https://en.wikipedia.org/wiki/Rye_whiskey	American rye whiskey brand (sample "Rye Sherry Cask Finish"); likely sourced/contract-distilled like many small US rye brands, not independently confirmed this session. American rye is categorically unpeated.
misaki	Misaki	blend	JP					unknown			unverified	unknown		No Wikipedia article or independent confirmation found this session. Flag for reviewer.
mitchell-son	Mitchell's	bottler	IE				single pot still	unknown			auto	low	https://en.wikipedia.org/wiki/Irish_whiskey	Mitchell & Son (historic Dublin wine/spirit merchant); bottles the "Spot" family (Green/Yellow/Blue/Red Spot) pure pot still Irish whiskey sourced from Midleton. Modeled as kind=bottler per brief's rule, so peat is left unknown even though pot still Irish whiskey of this style is conventionally unpeated.
miyagikyo	Miyagikyo	distillery	JP			Nikka Whisky Distilling	single malt	unknown			auto	high	https://en.wikipedia.org/wiki/Miyagikyo_distillery	Nikka's second (1969) distillery near Sendai, built deliberately as a lighter/fruitier counterpart to Yoichi (steam-heated stills vs Yoichi's coal-fired ones). Whisky-writer consensus is unpeated/very light, but no source stating this explicitly was reachable this session (official Nikka pages 403, distiller.com 404, dekanta.com 404, nonjatta index pages carried no body text) -- left unknown rather than asserted from recall alone.
mizen-head	Mizen Head	blend	IE				blend	none			unverified	low	https://en.wikipedia.org/wiki/Irish_whiskey	No web presence found (single product). Named for Ireland's southernmost point; own-label Irish whiskey pattern, category default applied.
moffat	Moffat	distillery	GB-SCT	lowland	lowland	Dark Sky Spirits	single malt	unknown			auto	high	https://en.wikipedia.org/wiki/Moffat_distillery	First whisky cask filled March 2024 (unusual wood-fired stills, worm-tub condensers); too young for a released/characterized single malt as of this research. Originally founded 2017 as the 'Dark Sky Spirits' independent bottler before building its own distillery in Moffat, Dumfries and Galloway.
monkey-shoulder	Monkey Shoulder	blend	GB-SCT	speyside	speyside	William Grant & Sons	blend	none			auto	high	https://en.wikipedia.org/wiki/Monkey_Shoulder	Blended malt whisky (originally Balvenie+Glenfiddich+Kininvie; current recipe undisclosed but Wikipedia states constituent malts remain Speyside-sourced) - unpeated core range. 'Smokey Monkey' is a distinct limited-batch blend Wikipedia states includes Islay whiskies - see rule.tsv (pattern Smokey -> medium, since Islay malt is only one part of that blend).
moonshine-runners	Moonshine Runners	blend	US					unknown			unverified	unknown		No web presence found for this exact brand; American whiskey/moonshine style assumed from name only
morris-rutherglen	Morris	distillery	AU			Casella Family Brands	single malt	unknown			unverified	low	https://en.wikipedia.org/wiki/Casella_Family_Brands	"Morris of Rutherglen" -- Casella Family Brands has sold whisky under this legacy fortified-wine brand since 2021 (confirmed via Wikipedia), using Muscat/Port/Sherry/Tokay fortified-wine cask finishes (all named in this batch's samples). No peat/smoke statement found for the base range. This batch also has a "Morris Smoked Muscat Barrel" -- deliberately NOT given a rule.tsv row: 'smoked' could mean peat-smoke or a non-peat wood-smoke and no source distinguishes which, so guessing would risk exactly the wrong-row-is-worse-than-no-row failure. REVIEWER FLAG: check this specific release.
morrison-mackay	Morrison & MacKay	bottler	GB-SCT			Morrison & MacKay (now Morrison Scotch Whisky Distillers)		unknown			auto	high	https://scotchwhisky.com/whiskypedia/2259/morrison-mackay/	Perth-based independent bottler/blender; brands include Carn Mor and Mac-Talla (single malt) and Old Perth and Bruadar (blends, matches this batch's 'Old Perth' sample). Rebranded 'Morrison Scotch Whisky Distillers' in 2020.
mortlach	Mortlach	distillery	GB-SCT	speyside	speyside	Diageo	single malt	none			auto	high	https://en.wikipedia.org/wiki/Mortlach_distillery https://en.wikipedia.org/wiki/Speyside_single_malt	Wikipedia confirms Diageo ownership and Speyside/Dufftown location. No Mortlach-specific peat statement found; peat=none inferred from Speyside's general unpeated house style (cited page states peat use is uncommon there), not from a Mortlach-specific source, so confidence kept low.
mossburn	Mossburn	bottler	GB-SCT			Marussia Beverages BV		unknown			auto	high	https://mossburndistillers.com/ https://en.wikipedia.org/wiki/Torabhaig_distillery	Independent bottler of classic Independent Bottler Malts since 2017; also owns Torabhaig (peated, Skye) and Reivers (grain) distilleries. Vintage Casks samples name Glen Spey, Dufftown and Mannochmore; distillery rows added for each below.
moulin	Moulin	blend						unknown			unverified	low		Not researched (budget); "Moulin" is ambiguous (French for "mill"; also a place name in Highland Scotland), so countryCode left empty rather than guessed.
muirheads	Muirhead's Blue Seal	blend	GB-SCT					unknown			unverified	low		Historic-sounding Scotch blend name; no citation found this session (Wikipedia search returned nothing on point).
murray-mcdavid	Murray McDavid	bottler	GB-SCT					unknown			auto	high	https://en.wikipedia.org/wiki/Murray_McDavid	Confirmed independent bottler of vintage single malts, grains and blended malts. Distillery rows added below for Mortlach/Macallan/Bunnahabhain/Caol Ila/Bowmore/Laphroaig/North British, all named in this brand's samples.
muteki	Muteki	blend	XX					unknown			unverified	unknown		"Japanese Muteki" sample claims Japanese origin, but true origin was not verified this pass (some "Japanese-style" whiskies are blended/bottled outside Japan); countryCode left as XX (unspecified) and peat unknown rather than assumed.
naked-grouse	The Naked Grouse	blend	GB-SCT				malt	none			unverified	low	https://uk.edrington.com/our-brands/scotch-whisky/naked-malt/ https://scotchwhisky.com/magazine/latest-news/15718/the-naked-grouse-becomes-a-blended-malt/	Sherry-cask blended malt from The Macallan, Highland Park, Glenturret and Glenrothes; rebranded 'Naked Malt' in 2018. One constituent (Highland Park) is medium-peated, but the finished blend's own tasting notes describe rich/fruity sherry character with no smoke, so recorded as none. Ownership was Edrington; ownership of the sibling Famous Grouse brand moved to William Grant & Sons in 2024/2025 (see famous-grouse) -- left owner empty here since Naked Malt's own sale was not separately confirmed.
nc-nean	Nc'nean	distillery	GB-SCT	highland	highland	Drimnin Distillery Company	single malt	none			auto	high	https://en.wikipedia.org/wiki/Nc%27nean_distillery	Organic distillery at Drimnin on the Morvern peninsula (mainland Highland, opposite Mull); founded by Annabel Thomas, independent - owner left empty. Catalogue brand string 'Nc Nean' (no apostrophe) aliased here
neidhal	Neidhal	blend	XX					unknown			unverified	unknown		Could not identify this brand within budget (possibly a small/regional producer); left entirely unknown.
nelsons-green-brier	Nelson's Green Brier	distillery	US				tennessee	none			unverified	low	https://thewhiskeywash.com/scotch-whiskey/from-mild-to-wild-understanding-peat-levels-in-scotch-whisky/	Nashville, TN revival distillery (Nelson's Green Brier Distillery); Tennessee whiskey is a corn-based, charcoal-mellowed style unrelated to peat. Not independently re-verified this pass.
new-riff	New Riff	distillery	US					none			unverified	low	https://en.wikipedia.org/wiki/Kentucky_Bourbon_Trail	Independent craft distillery in Newport, Kentucky, confirmed real via the Kentucky Bourbon Trail wiki page ("Northern Craft Tour: New Riff Distillery in Newport"). Produces both bourbon and rye (samples: Malted Rye, Bottled in Bond, Bottled-in-Bond Rye) so defaultTypeName left empty. Bourbon/rye are not peated categories.
nikka	Nikka Whisky	blend	JP			Asahi Group Holdings	blend	unknown			unverified	low	https://en.wikipedia.org/wiki/Nikka_Whisky_Distilling	Samples are the Gold & Gold sub-range. Nikka's two malt distilleries differ (Yoichi peated, Miyagikyo unpeated) and the fetched Wikipedia article does not state Gold & Gold's blend composition, so left unknown rather than guessed.
nirasaki	Nirasaki	blend	JP					unknown			unverified	unknown		Could not verify this brand this session (no Wikipedia page, no resolvable official site). Flagged for a human to check authenticity -- some Japanese-sounding export blends are not actually distilled in Japan.
noahs-mill	Noah's Mill	brand	US			Willett Distillery (Kentucky Bourbon Distillers)	bourbon	none	willett		auto	high	https://en.wikipedia.org/wiki/Willett_Distillery https://en.wikipedia.org/wiki/Bourbon_whiskey	Willett small-batch bourbon label, Bardstown, KY.
noble-rebel	Noble Rebel	blend	XX					unknown			unverified	unknown		"Smoke Symphony" and "Orchard Outburst" - could not identify this brand this session (WebSearch budget exhausted, no working URL guessed). "Smoke Symphony" naming hints at a possible smoky/peated expression, which is exactly why it is left unknown rather than guessed - flagged for a human reviewer.
nobushi	Nobushi	blend						unknown			unverified	unknown		No information found within budget (no Wikipedia coverage). Origin and type undetermined.
nor-loch	Nor'Loch	blend	GB-SCT					unknown			unverified	low		Undisclosed-source single malt label per BRIEF.md's rule 3 (same pattern as "Secret Orkney"/"Speyside's Finest"), named after Edinburgh's historic (drained) Nor Loch. No web presence found this session; not guessing the source distillery.
north-british	North British	distillery	GB-SCT		lowland	Lothian Distillers Ltd	grain	none			auto	high	https://en.wikipedia.org/wiki/North_British_Distillery_Company	Grain distillery, Edinburgh, founded 1885. Region left empty (grain, no malt-region classification) but legalRegion set to lowland since it is physically in Edinburgh. Referenced only as a component of a Murray McDavid vatting ("Air Leth").
north-point	North Point	distillery	GB-SCT	highland	highland	North Coast Distillers Ltd.	single malt	unknown			auto	high	https://en.wikipedia.org/wiki/List_of_whisky_distilleries_in_Scotland	No dedicated Wikipedia article; two guessed official domains (northpointdistillery.com, northpointdistillers.com) both answered 200 but rendered no readable text on a plain fetch (JS-heavy site), so no citable content was found either way.
north-uist	North Uist	distillery	GB-SCT	islands	highland	North Uist Distillery Company	single malt	unknown			auto	high	https://www.northuistdistillery.com/	Official site confirms its whisky ('Uist Whisky') is 'soon to launch' as of this research, with a 2026 founders-club cask scheme still selling - no released/characterized spirit yet. Their existing product line is the 'Downpour' gin range (a different brand name, gin only, out of scope here).
o-brian	O'Brian	blend	GB-SCT					unknown			unverified	low		No web presence found this session; apostrophe-surname styling suggests an Irish-themed own-label, unconfirmed.
o-dohertys	O'Dohertys	blend	IE					unknown			unverified	low		No web presence found this session; Irish-surname styling suggests an Irish whiskey own-label, unconfirmed.
o-liam	O'Liam	blend	IE					none			unverified	low	https://en.wikipedia.org/wiki/Irish_whiskey	Presumed Irish whiskey brand by name; could not find a dedicated source this session. Peat=none per general Irish-whiskey category norm, confidence low.
o-neills	O'Neill's	blend	IE				blend	none			unverified	low	https://en.wikipedia.org/wiki/Irish_whiskey	No dedicated source found. Irish-surname branding with cask-finished Rum/Port/Sherry variants strongly suggests an own-label Irish blend. Peat via the Irish-whiskey category source.
oakeshott	Oakeshott	blend						unknown			unverified	unknown		No information found for this brand within budget (Wikipedia search returned only unrelated people/topics named Oakeshott). Origin and type unknown.
oban	Oban	distillery	GB-SCT	highland	highland	Diageo	single malt	light			unverified	high	https://en.wikipedia.org/wiki/Oban_distillery	Mainland west-coast Argyll town, not one of the market-convention "islands" -- region=highland matches the authority TSV. Wiki: whisky described as "West Highland" flavour "falling between the dry, smoky style of the...islands and the lighter, sweeter malts of the Highlands", i.e. lightly smoky.
octomore	Octomore	brand	GB-SCT	islay	islay	Rémy Cointreau	single malt	heavy	bruichladdich		auto	high	https://en.wikipedia.org/wiki/Bruichladdich_distillery https://www.bruichladdich.com/products/octomore-15-3	"Super-heavily peated" - described as the most heavily peated whisky in the world (100-300+ ppm). Named directly in this batch's Bruichladdich sample products ("Octomore 13.3").
ogilhinn-nessia	Ogilhinn Nessia	blend	GB-SCT					unknown			unverified	low		Two catalogue entries share this stem with different invented-sounding regional flourishes ("Highland Phantom Peak", "Speyside Celestia Creek"); no web presence found for either. Likely an own-label range with a region-themed name per bottling, but the specific distillery/region cannot be confirmed, so region is left empty rather than picked arbitrarily; kept as one producer row covering both catalogue entries.
oh-ingram	O.H. Ingram	blend	US					none			unverified	low	https://en.wikipedia.org/wiki/Irish_whiskey	"O.H. Ingram River Aged"/"...Flagship" -- initials-plus-surname is a common American whiskey brand-naming convention (cf. E.H. Taylor, W.L. Weller), so US is a low-confidence inference from the name alone; no citation confirms the specific producer. Peat citation is the general non-Scotch-unpeated statement (see canadian-club note).
old-angus	Old Angus	blend	GB-SCT				blend	none			unverified	low	https://en.wikipedia.org/wiki/Scotch_whisky	No web presence found; treated as an ordinary own-label blended Scotch per budget policy.
old-ballantruan	Old Ballantruan	brand	GB-SCT	speyside	speyside	Angus Dundee Distillers	single malt	heavy	tomintoul		unverified	low	https://en.wikipedia.org/wiki/Tomintoul_distillery	Tomintoul distillery's peated single malt, released under its old spring-name "Ballantruan" rather than the Tomintoul brand name. Wiki: "a 1991 peaty vintage was released under the name 'Old Ballantruan'"..."it has released a peated single malt called Ballantruan". No phenol ppm figure found in the source; general reputation (and the fact it is marketed as Tomintoul's peat-forward counterpart) supports heavy over medium, but the exact figure is not confirmed -- confidence kept low rather than high.
old-bardett	Old Bardett	blend	ES					unknown			unverified	unknown		No web presence found. Catalogue calls it "bourbon" but it is sold from Spain, an unusual combination -- left type/peat unknown rather than trust the bourbon guess. Similar unidentifiable own-label pattern to the existing "Jim Bardett" row from another batch (different spelling; not assumed to be the same producer).
old-barny	Old Barny	blend	GB-SCT				blend	none			unverified	low	https://en.wikipedia.org/wiki/Scotch_whisky	No source found (single-product own label); treated as ordinary blended Scotch per category convention.
old-castle	Old Castle	blend						unknown			unverified	unknown		Generic name, no identifiable web presence found; single-product own label.
old-comber	Old Comber	brand	IE			Echlinville Distillery	single pot still	none	echlinville		auto	high	https://en.wikipedia.org/wiki/Comber_Whiskey	Revived historic Irish whiskey brand (original Comber Distillery, County Down, closed 1956); current "Old Comber" (2021 release) is pot still whiskey matured in bourbon/sherry/ruby port casks by Echlinville Distillery, which took over the brand. No peat mentioned; Irish pot still whiskey is standardly unpeated.
old-crow	Old Crow	distillery	US			Suntory Global Spirits	bourbon	none			auto	high	https://en.wikipedia.org/wiki/Old_Crow	Historic low-priced Kentucky straight bourbon brand, distilled by Suntory Global Spirits (Beam Suntory) alongside Jim Beam (confirmed via Wikipedia search result text). Standard bourbon, no peat.
old-ezra	Old Ezra	brand	US					none	lux-row-distillers		unverified	low	https://en.wikipedia.org/wiki/Whisky	Ezra Brooks-family line bottled by Lux Row Distillers (see lux-row row in this file). Samples span both rye ('Rye Full Proof') and bourbon ('7 Bourbon Barrel Strength'), so defaultTypeName left empty. American whiskey category default applied for peat.
old-forester	Old Forester	distillery	US			Brown-Forman	bourbon	none			auto	high	https://en.wikipedia.org/wiki/Old_Forester	Kentucky straight bourbon, continuously on the market since 1870; now has its own dedicated distillery on Louisville's Whiskey Row.
old-glasgow	Old Glasgow	blend	GB-SCT				blend	none			unverified	low	https://en.wikipedia.org/wiki/Scotch_whisky	No web presence found; treated as an ordinary own-label blended Scotch per budget policy.
old-malt-cask	Old Malt Cask	bottler	GB-SCT			Hunter Laing & Co		unknown			auto	high	https://en.wikipedia.org/wiki/Douglas_Laing_%26_Co https://whiskyadvocate.com/Hunter-Laing-Co-Scarabus-46	Hunter Laing & Co's flagship single-cask range, spanning many distilleries (Wikipedia confirms the 2013 Douglas Laing/Hunter Laing split; Hunter Laing's own Scarabus listing confirms the company bottles single malt independently). Modeled as kind=bottler since the range spans many distilleries with no single house peat level. Scarabus (separate row) is also a Hunter Laing product; bottlerSlug=old-malt-cask stands in for the parent company to avoid inventing an extra 'hunter-laing' row.
old-overholt	Old Overholt	brand	US			Suntory Global Spirits	rye	none	jim-beam		unverified	low	https://en.wikipedia.org/wiki/Whisky	One of the oldest continuously produced American whiskey brands (since 1810), produced at Jim Beam's distillery. 'jim-beam' is a well-known distillery slug another batch will almost certainly emit -- not created here.
old-perth	Old Perth	blend	GB-SCT				blend	none			unverified	low	https://en.wikipedia.org/wiki/Scotch_whisky	Blended malt Scotch brand; owner not verified this session (commonly attributed to Morrison Scotch Whisky Distillers but unconfirmed here). No indication of peat in samples (Original/Cask Strength/Double Sherry Wood).
old-pulteney	Old Pulteney	distillery	GB-SCT	highland	highland	International Beverage	single malt	none			auto	high	https://en.wikipedia.org/wiki/Old_Pulteney_distillery https://oldpulteney.com/pages/our-craft	Marketed as 'The Genuine Maritime Malt'; unpeated.
old-rare	Old & Rare	bottler	GB-SCT			Hunter Laing & Co		unknown			auto	low	https://hunterlaing.com/	Hunter Laing's "Old & Rare Platinum Selection" single-cask range; each release names its source distillery. Distillery rows added for the samples: Arran, Dufftown, Glenturret, Bunnahabhain, Glen Garioch, Highland Park. Parent company "Hunter Laing" itself is not emitted as its own row here; another batch may.
old-rip-van-winkle	Old Rip Van Winkle	brand	US			Sazerac Company	bourbon	none	buffalo-trace		unverified	low	https://en.wikipedia.org/wiki/Old_Rip_Van_Winkle https://www.buffalotracedistillery.com/our-brands/van-winkle/old-rip-van-winkle-10-year/	Van Winkle family's wheated-bourbon brand, distilled/bottled by Sazerac at Buffalo Trace under a joint venture since 2002. No explicit peat statement found (sources covered ownership/history, not tasting notes); inferred unpeated from standard bourbon mashbill
old-route-8	Old Route 8	blend	US			Augusta Distillery	bourbon	none			unverified	low	https://augustakydistillery.com/products/old-route-8	Single-barrel cask-strength Kentucky straight bourbon bottled by Augusta Distillery (Augusta, KY), the distillery's inaugural bourbon. Sourced from an undisclosed Kentucky distillery ('rumored' Heaven Hill, not confirmed) so no parentSlug given per the undisclosed-origin rule. No smoke/peat in tasting notes (oak-char notes only).
old-smittys	Old Smitty's	blend						unknown			unverified	low		Not researched (budget); generic "Old ___'s" own-label naming, origin unconfirmed.
old-smuggler	Old Smuggler	blend	GB-SCT			Campari Group	blend	none			auto	high	https://en.wikipedia.org/wiki/Campari_Group	Campari Group acquired Old Smuggler (with Glen Grant and Braemar) from Pernod Ricard in 2006; standard blended Scotch, no peat indication.
old-tullymet	Old Tullymet	blend	GB-SCT			Old Tullymet Whisky Company Ltd	blend	none			unverified	low	http://oldtullymet.com/index.html https://find-and-update.company-information.service.gov.uk/company/SC563721	Blended Scotch (min. 25% malt content) evoking the historic Tullymet distillery (built 1812 as Auchnagie, renamed Tullymet 1890, long since closed) -- heritage branding, not a claim that the liquid comes from that site. No peat/smoke mentioned; described as smooth and elegant.
old-virginia	Old Virginia	blend	US			La Martiniquaise	bourbon	none			unverified	low	https://bottleofitaly.com/en/products/bourbon-6-years-70cl-old-virginia https://caskcartel.com/products/old-virginia-original-kentucky-straight-bourbon-whiskey-700ml	Kentucky Straight Bourbon, La Martiniquaise portfolio (sourced, not own distillery). No explicit peat statement; inferred unpeated - standard bourbon mashbill, no peated malt mentioned
old-woody	Old Woody	blend						unknown			unverified	unknown		Single product, no information found this session, not searched (long tail budget)
onikishi	Onikishi	blend	JP			Milestone Beverages	blend	light			unverified	low	http://www.milestonebeverages.com/brand/onikishi	Marketed as "Japanese blended whisky" ("Oni" demon + "Kishi" knight); brand page describes cedar/lightly-smoked malt notes alongside dominant floral and honey character in both expressions (Demon Knight, Deadly Sakura) — not marketed as a peated whisky. Milestone Beverages may be a distributor/marketing brand owner rather than the actual distiller.
opatrick	O'Patrick	blend	XX					unknown			unverified	unknown		Catalogue supplied no type/country guess; no web presence found. Own-label, origin unclear -- possibly an invented Irish-sounding name rather than genuinely Irish.
orkney	Orkney	distillery	GB-SCT	islands	highland	Orkney Distilling Ltd.	single malt	unknown			auto	high	https://www.orkneydistilling.com/	IMPORTANT correction to this task's framing: Orkney Distilling Ltd's flagship 'Kirkjuvagr' name is GIN ONLY (confirmed via the official site's own product navigation: 'Kirkjuvagr Gin', 'Special Edition Gin') - it is NOT their whisky brand. Their actual whisky is sold as 'Fara' and 'Rysa' (both labelled Blended Malt Scotch Whisky, i.e. vatted from multiple distilleries' malt, not a single-distillery malt of their own), added below as separate kind=blend rows with real peat citations from the same official site. This distillery-level row is left peatProfile=unknown since the range spans both an unpeated line (Fara) and a lightly-peated one (Rysa) - never averaged, per this task's own sibling-brand rule. Collision safety: the catalogue's 'An Orkney'/'Cask Orkney'/"Probably Orkney's Finest" are Highland Park or undisclosed, NOT this company - alias kept brand-scope.
orphan-barrel	Orphan Barrel	bottler	US			Diageo		unknown			auto	medium	https://en.wikipedia.org/wiki/Linkwood_distillery	Diageo's rare/sourced-whiskey project releasing single malts and bourbons from various (including mothballed) distilleries under many release names (Rhetoric, Barterhouse, Old Blowhard, Muckety-Muck, Woven Honor...). Bottler-style range, no single house peat level.
orphan-barrel-rhetoric	Orphan Barrel Rhetoric	blend	US				bourbon	none		orphan-barrel	unverified	low	https://en.wikipedia.org/wiki/Linkwood_distillery https://en.wikipedia.org/wiki/Bourbon_whiskey	"Rhetoric" is an aged-bourbon release under the Orphan Barrel project; the specific source distillery/mashbill for this release was not confirmed this session so kept as kind=blend rather than naming a distillery. Standard bourbon category, no peat.
paddy	Paddy	blend	IE			Sazerac Company	blend	none			unverified	low	https://en.wikipedia.org/wiki/Irish_Distillers	Brand sold by Irish Distillers/Pernod Ricard to Sazerac in 2016; production continues under contract at Midleton. No explicit peat statement found; inferred from standard Irish blend convention
parkers-heritage	Parker's Heritage Collection	brand	US			Heaven Hill Brands		none	heaven-hill		auto	high	https://en.wikipedia.org/wiki/Heaven_Hill https://en.wikipedia.org/wiki/Bourbon_whiskey	Heaven Hill's annual limited-edition bourbon/rye/wheat series named for Parker Beam. defaultTypeName left empty since editions vary by grain/type year to year; all are American whiskey, hence unpeated.
passport-scotch	Passport Scotch	blend	GB-SCT			Chivas Brothers (Pernod Ricard)	blend	none			auto	high	https://en.wikipedia.org/wiki/Passport_Scotch	Confirmed blend of Highland and Lowland malts, historically made at Seagram's Speyside distilleries, now owned by Chivas Brothers/Pernod Ricard; introduced 1965. No Islay/peated component described.
paul-john	Paul John	distillery	IN			John Distilleries	single malt	none			auto	high	https://en.wikipedia.org/wiki/Paul_John_(whisky) https://www.pauljohnwhisky.com/bold.php	Goa, India. Flagship "Brilliance" is unpeated. "Edited" is mildly peated; "Bold" and Select Cask "Peated" use peat carried to Goa from Islay (Bold measured about 25ppm) -- see rules. The "none" here reflects the flagship/default expression, not the whole range.
pearse	Pearse	distillery	IE					none			unverified	low	https://pearselyonsdistillery.com/about-us/	Pearse Lyons Distillery, Dublin (former St James' Church), opened 2017, founded by Dr Pearse Lyons. Range includes a blend ('Pearse Distillers Blend') alongside single malt/pot still releases, so defaultTypeName left empty. No peat mentioned; Irish whiskey of this style is typically unpeated.
peat-chimney	Peat Chimney	blend	GB-SCT				blend	unknown		wemyss-malts	unverified	low		Widely known in general whisky knowledge as a Wemyss Malts blended malt named for its peat character, but every citable source attempted this session (Wemyss's own site, The Whisky Exchange, distiller.com, whisky.com) returned a connection failure or 403. Left peatProfile unknown per the no-citation rule despite the suggestive name -- flagging as a likely "heavy" for reviewer confirmation.
peats-beast	Peat's Beast	blend	GB-SCT	islay	islay	Fox Fitzgerald Group		heavy			auto	high	https://www.masterofmalt.com/whiskies/peats-beast-peat-malt-whisky/ https://www.htfw.com/peats-beast-islay-single-malt-scotch-30-year-old-whisky	Created by Eamonn Jones and Gerald Erdrich; consistently marketed/reviewed as an intensely, heavily peated Islay-style whisky. Source distillery is not disclosed (one source notes peat is also used outside Islay), so no parentSlug is set even though retail listings brand it "Islay"; defaultTypeName left empty since sourcing/type description is inconsistent (single malt vs multi-distillery).
penderyn	Penderyn	distillery	GB-WLS			Welsh Whisky Company	single malt	none			auto	high	https://en.wikipedia.org/wiki/Penderyn_(whisky)	Core Madeira/Sherrywood/Portwood expressions are unpeated. A distinct Peated expression (and the Dragon range's 'Celt') exists, see rule.tsv.
penelope	Penelope	blend	US				bourbon	none			unverified	low	https://en.wikipedia.org/wiki/Whisky	New Jersey-based bourbon brand (per List of wineries, breweries, and distilleries in New Jersey search result); non-distiller producer blending sourced bourbon (Four Grain, Architect, cask finishes). Peat-kilning is specifically a Scotch practice per cited page; no US bourbon peat indication found.
pennypacker	Pennypacker	blend						unknown			unverified	unknown		No web presence found. Unlike most of this batch's unidentified own labels, the name has no 'Glen'/Scottish styling, so it was left unclassified rather than defaulted to blended Scotch.
pickup-truck	Pickup Truck	blend	US					none			unverified	low	https://en.wikipedia.org/wiki/Whisky	Brand not independently verified via any source actually opened (no hits found); American-themed name suggests US whiskey, category default (peat is a Scotch-specific practice) applied.
pigs-nose	Pig's Nose	blend	GB-SCT			Ian Macleod Distillers	blend	none			unverified	medium	https://en.wikipedia.org/wiki/Pig%27s_Nose	Originally created by Spencerfield Spirit Company; acquired by Ian Macleod Distillers with their purchase of Spencerfield Spirits in September 2016 (confirmed via Wikipedia). Listed among Ian Macleod's core blended-Scotch brands, explicitly contrasted there with their peated Smokehead single malt -- read as implicitly unpeated.
pike-creek	Pike Creek	blend	CA			Corby Spirit and Wine	blend	none			auto	high	https://en.wikipedia.org/wiki/Corby_Spirit_and_Wine https://en.wikipedia.org/wiki/Canadian_whisky	Canadian whisky brand, confirmed as a Corby Spirit and Wine product (rum/bourbon-barrel finished). No peat tradition in Canadian whisky.
pikesville	Pikesville	brand	US			Heaven Hill Brands	rye	none	heaven-hill		auto	high	https://en.wikipedia.org/wiki/Heaven_Hill	Straight rye whiskey brand of Heaven Hill Distillery, confirmed via a Wikipedia search snippet listing Heaven Hill's rye brands as Pikesville and Rittenhouse.
pipe-dream	Pipe Dream	brand	US				bourbon	none	redwood-empire		unverified	low	https://redwoodempirewhiskey.com/	Redwood Empire's "Pipe Dream Bourbon Whiskey" (confirmed via their own site). Standard American whiskey, no peat.
platte-valley	Platte Valley	blend	US			McCormick Distilling Company		none			auto	high	https://en.wikipedia.org/wiki/List_of_whisky_brands https://en.wikipedia.org/wiki/Whisky	Platte Valley 100% Straight Corn Whiskey, McCormick Distilling Company, Weston, Missouri (catalogue spells the brand Platte Walley). Corn whiskey is not in the closed defaultTypeName list so left empty.
pokeno	Pokeno	distillery	NZ			Pokeno Whisky Company	single malt	unknown			unverified	low	https://pokenowhisky.com	Small-batch New Zealand single malt distillery in the Waikato region (near the Bombay Hills). Official site's homepage and 'Our Whisky' page state no peat/smoke information for any expression (Ringbearer, Core Range, Exploration Series, Single Casks) -- left unknown rather than guessed.
poli	Poli	blend	IT				malt	unknown			unverified	unknown		Jacopo Poli is a well-known Italian grappa/brandy house (Bassano del Grappa, Veneto); could not confirm this session whether "Segretario di Stato" is genuinely a whisky release of theirs or a mislabeled grappa/brandy product (poligrappa.com returned 404 / redirected to an Italian-only page with no whisky content found). Kept as a low/unknown-confidence row rather than skipped outright, since the catalogue explicitly classifies it "malt"/IT -- flagged for human review of whether this is whisky at all.
port-askaig	Port Askaig	brand	GB-SCT	islay	islay		single malt	heavy		elixir-distillers	unverified	low	https://scotchwhisky.com/whiskypedia/2073/port-askaig/ https://www.htfw.com/distilleries/port_askaig	Curated range of undisclosed single malts from various Islay distilleries (Elixir Distillers keeps sources confidential; enthusiasts widely link some batches to Caol Ila/Laphroaig/Bunnahabhain, none officially confirmed). Every release is marketed around Islay's 'smoky, maritime character', so peat is recorded as heavy despite the source distillery being left blank per the undisclosed-label rule.
port-charlotte	Port Charlotte	brand	GB-SCT	islay	islay	Rémy Cointreau	single malt	heavy	bruichladdich		auto	high	https://www.remy-cointreau.com/en/brands/bruichladdich-port-charlotte-octomore/ https://roadtodram.com/port-charlotte-10-year-old-review-islay-peat-done-differently/	Bruichladdich's heavily peated brand, ~40ppm
port-ellen	Port Ellen	distillery	GB-SCT	islay	islay	Diageo	single malt	heavy			auto	high	https://www.malts.com/en-row/distilleries/port-ellen https://en.wikipedia.org/wiki/Port_Ellen_distillery	Diageo's own site (malts.com) describes it as having an 'elegant, peated coastal character' and calls the whisky 'prized for its rarity and refined peated character' - confirms peated but not an exact intensity. Classed 'heavy' rather than 'medium' on well-established historical consensus grouping it with Lagavulin/Caol Ila (same regional maltings/era) rather than Highland Park/Bowmore's medium tier - a reviewer may want a source with an explicit ppm figure. Closed 1983, reopened 2024; one of the most sought-after 'ghost distilleries' among independent bottlers for decades.
port-of-leith	Port of Leith	distillery	GB-SCT	lowland	lowland	Muckle Brig	single malt	unknown			auto	high	https://en.wikipedia.org/wiki/Port_of_Leith_distillery	UK's first vertical distillery (Edinburgh; opened to the public Oct 2023, but new-make production only began early 2024) - under the 3-year minimum, so no legal Scotch has been released yet to characterize.
powers	Powers	blend	IE			Irish Distillers (Pernod Ricard)		none			auto	high	https://en.wikipedia.org/wiki/Powers_(whiskey)	Historic Irish whiskey brand (Dublin, est. 1791), now produced at Midleton; range spans blended and single pot still, so defaultTypeName left empty. No peat mentioned; Irish whiskey is standardly unpeated.
powers-johns-lane	Powers John's Lane	brand	IE			Irish Distillers (Pernod Ricard)	single pot still	none	midleton		unverified	low	https://en.wikipedia.org/wiki/Whisky	Historic Powers brand's flagship pot-still expression, distilled at Midleton. 'midleton' is a well-known Irish distillery slug that another batch will very likely emit (home of Jameson/Redbreast/Midleton Very Rare) -- not created in this file to avoid a low-value duplicate. Category default applied for peat.
prohibido	Prohibido	blend						unknown			unverified	unknown		Single product 'Ley Seca' (Spanish for 'dry law' / Prohibition). No whiskey/whisky brand by this name found on Wikipedia; 'Ley Seca' itself only returns the generic Prohibition term and an unrelated song. Left fully unknown -- flag for human review of what this product actually is (category/country not even confirmed).
prologue	Prologue	blend	GB-SCT				blend	unknown			unverified	unknown		No web presence found (no Wikipedia page, no resolvable official site) despite three samples in this batch (Bourbon Casks, Peated Small Batch No.2, Selected Casks) suggesting a small/single-cask-style range. See rule.tsv for the "Peated" exception, evidenced directly by the product's own name rather than an external source.
proper-no-twelve	Proper No. Twelve	blend	IE			Proximo Spirits	blend	none			unverified	low	https://chilledmagazine.com/conor-mcgregor-launches-proper-no-twelve-irish-whiskey/ https://www.ohlq.com/liquor/whiskey/irish/blend/proper-no-twelve-irish-whiskey	Blend of triple-distilled malt and grain whiskey, founded by Conor McGregor (Eire Born Spirits), now majority-owned by Proximo Spirits. No explicit peat statement; inferred unpeated from Irish tradition and tasting notes (vanilla, honey, toasted wood) with no smoke mentioned
pulteney	Pulteney	distillery	GB-SCT	highland	highland	Inver House Distillers	single malt	none			auto	high	https://en.wikipedia.org/wiki/Old_Pulteney_distillery	The distillery's own name is 'Pulteney' (est. 1826, Wick); 100% of its retail output is marketed as 'Old Pulteney'. An existing out/02/producer.tsv row already covers slug=old-pulteney (kind=distillery, no parentSlug, peatProfile=none/high) - this row is added alongside it so an independent bottler's cask labelled the bare distillery name 'Pulteney' (without 'Old') still resolves, exactly the Gordon & MacPhail Ledaig-style pattern this whole task targets. ARCHITECTURE NOTE for a human reviewer: ideally old-pulteney would carry kind=brand + parentSlug=pulteney to match the intended distillery/brand split (see this task's own worked example for Pulteney/Old Pulteney) - I have not edited that file, only flagged it here. Wikipedia: marketed 'The Genuine Maritime Malt', character attributed to sea-air exposure during maturation; no peat mentioned anywhere in the article.
puni	Puni	distillery	IT				single malt	none			unverified	low	https://www.puni.com/en/ https://en.wikipedia.org/wiki/Irish_whiskey	Italian single malt distillery, Glurns, Venosta Valley, South Tyrol. Official site's current range (Core/ARTE/AURA/CUBO) shows no peated expression; combined with the general category fact that peat is rare outside Scotland.
pure-kentucky-xo	Pure Kentucky XO	brand	US			Willett / Kentucky Bourbon Distillers	bourbon	none	willett		auto	high	https://www.skurnik.com/sku/straight-bourbon-whiskey-pure-kentucky-xo-willett-distillery-strapped/ https://distiller.com/spirits/pure-kentucky-xo	~12yo small-batch bourbon, part of Willett's Small Batch Boutique Bourbon Collection.
quality-house	Quality House	brand	US			Heaven Hill		none	heaven-hill		unverified	low	https://en.wikipedia.org/wiki/Heaven_Hill https://en.wikipedia.org/wiki/Irish_whiskey	"Heaven Hill Quality House Old Style White" appears to be a bottling/export label of Heaven Hill's Old Style White product. defaultTypeName left empty (mashbill/style of "Old Style White" unclear from samples). Peat=none per general American-whiskey category norm.
quiet-man	The Quiet Man	blend	IE			MGP Ingredients (Luxco / Niche Drinks)		unknown			unverified	low	https://www.luxco.com/our-story/niche-drinks/ https://www.bevnet.com/spirits/2016/luxco-introduces-a-new-handcrafted-irish-whiskey-the-quiet-man	Produced by Niche Drinks in Derry (first Irish whiskey bottled there in over 100 years) for Luxco, a US company now owned by MGP Ingredients. Range spans a blend and an 8-year-old single malt, so defaultTypeName left empty. Derry is technically in Northern Ireland (UK) but the product is marketed under the "Irish whiskey" geographic category, so countryCode is set to IE consistent with that convention. No source found confirming peat status, left unknown rather than assumed. Catalogue brand string for this row is "Luxco".
raasay	Raasay	distillery	GB-SCT	islands	highland	R&B Distillers	single malt	light			auto	high	https://www.raasaydistillery.com/ https://en.wikipedia.org/wiki/Isle_of_Raasay_distillery	Official site: the flagship single malt is 'Lightly peated and balanced with rich, dark fruit flavours' - a deliberate house style combining peated and unpeated new-make. First legal whisky released Sept 2020; the earlier 'While We Wait' releases (2017-2020) were independently-bottled previews, not the distillery's own matured spirit.
rabbit-hole	Rabbit Hole	distillery	US			Pernod Ricard		none			unverified	low	https://www.rabbitholedistillery.com/	Louisville, KY distillery; Core Four line (Cavehill, Heigold, Dareringer, Boxergrail) spans bourbon and a 95%-rye whiskey (Boxergrail), so defaultTypeName left empty. Official site describes mashbills with no peated malt; American whiskey mash bills do not use peat, but no source explicitly states "unpeated", hence confidence=low.
ragtime-rye	Ragtime Rye	blend	US				rye	unknown			unverified	low		Not researched (budget). "Ragtime" + "Rye" is a strongly American-coded name; countryCode/defaultTypeName inferred from the name only. Peat left unknown per no-citation policy (American rye is conventionally unpeated but this was not verified for this specific brand).
rammstein	Rammstein	blend	IE			Rammstein Spirits	blend	none			unverified	low	https://www.urban-drinks.de/en/rammstein/ https://www.whisky.com/whisky-database/details/rammstein-irish-whiskey.html	Irish whiskey (triple-distilled grain + double-distilled malt blend), aged 10 years in ex-bourbon casks, bottled for the German band Rammstein. No peat reported (standard Irish blend style).
rebel	Rebel	blend	US			MGP Ingredients	bourbon	none			unverified	low	https://en.wikipedia.org/wiki/Rebel_(bourbon) https://luxrowdistillers.com/rebel-bourbon/	Renamed from "Rebel Yell" in 2020 (catalogue lists both names, both aliased here to one row); distilled at Lux Row Distillers, Bardstown KY. No source explicitly states unpeated - inferred from standard bourbon mashbill with no peated-malt mention
redbreast	Redbreast	brand	IE			Irish Distillers (Pernod Ricard)	single pot still	none	midleton		auto	high	https://en.wikipedia.org/wiki/Redbreast_(whiskey) https://en.wikipedia.org/wiki/Irish_whiskey	Distilled at Midleton. The Irish whiskey article confirms peat is rare outside Scotland and lists Redbreast among the standard (non-peated) single pot still whiskeys.
redwood-empire	Redwood Empire	distillery	US					none			unverified	low	https://redwoodempirewhiskey.com/	Northern California craft whiskey producer. Official site (fetched this session) confirms "Emerald Giant" as a rye whiskey; range also spans bourbon and a "Foggy Burl Single Malt", so defaultTypeName is left empty. No peat/smoke mentioned anywhere on the fetched page; rye/bourbon mashbills do not use peated malt by convention.
reivers	Reivers	distillery	GB-SCT			Mossburn Distillers Ltd.	grain	none			auto	high	https://mossburndistillers.com/reivers	Mossburn's own site contrasts its two distilleries directly: 'Torabhaig and Reivers are poles apart, sitting at opposite ends of the whisky-making spectrum' - Torabhaig makes 'an extremely characterful, peated new-make spirit', so Reivers (first Single Grain Scotch Whisky planned for 2020, Scottish Borders) is positioned as its unpeated opposite. Note: this URL currently returns HTTP 404 despite serving this real page content (a site-routing quirk on their end) - a human reviewer may want to re-check it lands correctly.
reki	Reki	blend						unknown			unverified	unknown		Part of the unresolved Japanese-styled budget cluster (see Shinobu); single product, no web presence found this session
remus	George Remus	blend	US			MGP Ingredients		none			auto	high	https://en.wikipedia.org/wiki/List_of_whisky_brands https://en.wikipedia.org/wiki/Whisky	MGP Ingredients brand (Wikipedia's List of whisky brands: George Remus Bourbon, MGP Ingredients, Lawrenceburg, Indiana). Range spans bourbon and rye (Remus Highest Rye sample), so defaultTypeName left empty.
reservoir	Reservoir	distillery	US					none			unverified	low	https://www.reservoirdistillery.com/ https://en.wikipedia.org/wiki/Irish_whiskey	Richmond, Virginia craft distillery; official site lists bourbon, rye and corn whiskey with no peat mention. defaultTypeName left empty since range spans multiple types. Peat=none per general American-whiskey category norm.
rest-and-be-thankful	Rest & Be Thankful	bottler	GB-SCT					unknown			auto	low		Independent bottler/whisky broker, named after the Argyll mountain pass; no dedicated citation found this session (Wikipedia and Bing searches returned nothing on point), general trade-knowledge identification only, hence low confidence even on category. Samples name two REAL distilleries (Benrinnes, Bruichladdich -- rows emitted below, per authority file) plus 'Strathenry' and 'Finglassie', which do NOT appear in the Wikipedia Scottish-distilleries authority list (259 rows) -- treated as invented/undisclosed single-cask names per the brief's undisclosed-label rule, no distillery row created for them and no guess made at the true source.
restless-pony	Restless Pony	blend					rye	none			unverified	low	https://en.wikipedia.org/wiki/Rye_whiskey	No country stated by the catalogue and no producer identified this session. defaultTypeName=rye taken from the catalogue's own guess; peatProfile=none rests on the general rye-whiskey-is-unpeated category convention (peated malt is not used in American rye mashbills), not a brand-specific source.
rittenhouse	Rittenhouse	brand	US			Heaven Hill Brands	rye	none	heaven-hill		auto	high	https://heavenhilldistillery.com/rittenhouse-rye.php	Bottled-in-Bond 100 proof rye, mashbill 51% rye / 37% corn / 12% malted barley. Historic Pennsylvania rye brand; Heaven Hill bought it in 1993.
river-proof-series	River Proof Series	blend	XX					unknown			unverified	unknown		Could not identify this brand (WebSearch budget exhausted, no working URL found via WebFetch). All 3 sample names are just "River Proof Series" with no other descriptor - flagged for a human reviewer with search access; "Proof" naming hints at American whiskey but this is a guess, not asserted in any field.
river-queen	River Queen	blend	XX					unknown			unverified	unknown		Catalogue supplied no type/country guess; no web presence found. Own-label, origin unclear.
robert-burns	Robert Burns	blend	GB-SCT			Isle of Arran Distillers	blend	none			unverified	low	https://thewhiskeywash.com/scotch-whiskey/from-mild-to-wild-understanding-peat-levels-in-scotch-whisky/	Tribute blend licensed by the World Federation of Robert Burns Clubs, produced by Isle of Arran Distillers; treated as an ordinary unpeated blended Scotch, not independently re-verified this pass.
rock-island	Rock Island	blend	GB-SCT			Douglas Laing & Co	blend	light		douglas-laing	unverified	low	https://en.wikipedia.org/wiki/Douglas_Laing_%26_Co	Blended malt combining single malts from Islay, Arran, Jura and Orkney (formerly "Rock Oyster"). Source confirms the composition but does not describe smoke/peat intensity; since only one of the four source islands (Islay) is reliably peated and the others are unpeated/lightly peated, "light" is a conservative estimate, not a confirmed figure - kept low confidence, flagged for a reviewer.
roe-co	Roe & Co	distillery	IE			Diageo	blend	none			auto	high	https://en.wikipedia.org/wiki/Roe_%26_Co_Distillery	Catalogue spells the brand 'Roe + Co'; official/Wikipedia spelling is 'Roe & Co'. Distillery established 2019 in Dublin (Thomas Street), owned by Diageo; flagship product is a Blended Irish whiskey. No peat/smoke mentioned.
rosebank	Rosebank	distillery	GB-SCT	lowland	lowland	Ian Macleod Distillers	single malt	none			auto	high	https://en.wikipedia.org/wiki/Rosebank_distillery	Classic triple-distilled Lowland malt, historically dubbed 'King of the Lowlands'; Wikipedia describes its character as fruits, grasses and flowers, with no peat mention anywhere in the article. Closed 1993 (original stills stolen 2008/09), trademark and site acquired by Ian Macleod Distillers in 2017, rebuilt and reopened 2023. One of the most famous 'ghost distilleries' among independent bottlers for the decades it was closed.
roseisle	Roseisle	distillery	GB-SCT	speyside	speyside	Diageo	single malt	unknown			auto	high	https://en.wikipedia.org/wiki/Roseisle_distillery	Built mainly to supply Diageo's blends; occasional single malt Special Releases since September 2023, and malt from here was used in Johnnie Walker Black Ruby (2024/2025). No peat information found -- large Diageo blending distilleries often run more than one peat level, so unpeated should not be assumed.
rossville-union	Rossville Union	brand	US			MGP Ingredients	rye	none	mgp		auto	high	https://ir.mgpingredients.com/news-releases/news-release-details/mgp-debuts-2020-barrels-rossville-unionr-single-barrel-rye https://thewhiskeywash.com/american-whiskey/mgp-throws-rye-whiskey-gauntlet-rossville-union/	MGP Ingredients' first proprietary rye label (launched 2018), produced at their Lawrenceburg, Indiana distillery.
rowans-creek	Rowan's Creek	brand	US			Kulsveen family (independent)	bourbon	none	willett		auto	high	https://en.wikipedia.org/wiki/Willett_Distillery	Willett Distillery's best-selling brand (wiki: "Rowan's Creek bourbon (50.05% abv, No age statement) -- This is Willett Distillery's best-selling brand"). Bourbon is not a peated category.
royal-brackla	Royal Brackla	distillery	GB-SCT	highland	highland	John Dewar & Sons	single malt	none			auto	high	https://en.wikipedia.org/wiki/List_of_whisky_distilleries_in_Scotland https://en.wikipedia.org/wiki/Scotch_whisky	Same Highland regional-character basis as Dalmore/Glencadam/Macduff.
royal-canadian	Royal Canadian	blend	CA				blend	none			unverified	low	https://en.wikipedia.org/wiki/Canadian_whisky	Brand not independently confirmed beyond the category (no hits found); Canadian whisky category default (conventionally a blend, conventionally unpeated) applied.
royal-lochnagar	Royal Lochnagar	distillery	GB-SCT	highland	highland	Diageo	single malt	none			auto	high	https://en.wikipedia.org/wiki/List_of_whisky_distilleries_in_Scotland	
royal-salute	Royal Salute	blend	GB-SCT			Chivas Brothers (Pernod Ricard)	blend	none			auto	high	https://en.wikipedia.org/wiki/Royal_Salute_(whisky) https://whiskyforeveryone.com/review-royal-salute-21-years-old-the-signature-blend/	Ultra-premium blended Scotch launched 1953, blended/matured at Strathisla. The standard/Signature range is not peated; a distinct "21 Year Old The Peated Blend" exists, see rule.
royal-stag	Royal Stag	blend	IN			Pernod Ricard	blend	none			unverified	low	https://en.wikipedia.org/wiki/Royal_Stag https://www.pernod-ricard.com/en/brands/royal-stag	Catalogue brand string for this row is "Seagram's Gin" but the sample product is "Seagram's Royal Stag Deluxe" - an Indian whisky (blend of grain spirits + imported Scotch malts), not a gin; almost certainly a shop miscategorisation. Row created for the actual (whisky) product; exact "Seagram's Gin" catalogue string aliased here - FLAG FOR HUMAN REVIEW. No explicit peat statement; inferred unpeated
rozelieures	Rozelieures	distillery	FR			Distillerie Grallet-Dupic	single malt	none			unverified	low	https://whiskyrozelieures.com/notre-histoire/ https://www.leclubdesconnaisseurs.com/marque/rozelieures/	Vertically integrated single malt distillery in Rozelieures, Lorraine (own barley, malting, distilling, maturation); founded early 2000s, first release 2007. Base/Origine range unpeated -- see rule.tsv for the separate Tourbe (peated) line.
ruotkers	Ruotker's	blend						unknown			unverified	unknown		Samples ('Ruediger', 'Oloroso Sherry Cask') read as a German-market brand but this is unconfirmed; two fetch attempts this session failed (403/404)
ry3	RY3	blend	XX					unknown			unverified	unknown		Catalogue samples (Cigar Series, Cask Strength, Madeira Cask Strength) suggest a small craft/private rye-style label. No Wikipedia page or other citable source found this session; country and category undetermined.
rysa	Rysa	blend	GB-SCT			Orkney Distilling Ltd.	blend	light			unverified	high	https://www.orkneydistilling.com/	Orkney Distilling Ltd's peated Blended Malt Scotch Whisky, named for the uninhabited Orkney island of Rysa. Official site: 'Gentle peat smoke meets rich dried fruit and creme brulee sweetness, with hints of burnt leather and pepper' - a gentle/light peat, not a heavy one.
saint-bernard	Saint Bernard	blend	XX				blend	unknown			unverified	unknown		No web presence found; own-label, origin unclear. Catalogue's own country guess was blank.
sakurao	Sakurao	distillery	JP			Sakurao Brewery and Distillery Co., Ltd		unknown			unverified	unknown	https://en.wikipedia.org/wiki/Japanese_whisky	Hiroshima Prefecture distillery, distillation started October 2018; range includes gin as well as whisky, peat level not confirmed this session.
sam-barton	Sam Barton	blend	US					none			unverified	low	https://en.wikipedia.org/wiki/Irish_whiskey	Believed to be a Kentucky Straight Bourbon private label commonly sold in European discount retail (general market knowledge), but no dedicated source was found/opened this session, so defaultTypeName is left empty rather than asserted as bourbon. Peat=none per general American-whiskey category norm.
samuel-gelstons	Gelston's	blend	IE				blend	none			unverified	low	https://en.wikipedia.org/wiki/Irish_whiskey	Historic Northern Irish whiskey brand (associated with Henry Neill, Rockport House, Co. Down); today mainly visible as the sponsorship name of the Irish Cup football competition. Current producer/owner unconfirmed. countryCode set to GB since Northern Ireland has no dedicated code in the closed list (GB-ENG/SCT/WLS don't apply, and IE is the Republic of Ireland). Peat via the Irish-whiskey category source (peat rare outside Scotland). Country normalized GB -> IE: the closed list has no GB-NIR and this seed follows the Irish-whiskey GI convention.
sassenach	The Sassenach	blend	GB-SCT			Sassenach Spirits (Sam Heughan, Alex Norouzi)	blend	unknown			unverified	low	https://en.wikipedia.org/wiki/Galloway_distillery	Consumer spirits brand co-founded by actor Sam Heughan (Outlander) and Alex Norouzi in 2021; Sassenach gin was contract-distilled at the Newton Stewart site since renamed Galloway Distillery (formerly Crafty distillery), and Wikipedia reports (Nov 2025) that Sassenach whisky and vodka production was being 'brought in-house' there too. Given the brand's history of contract/third-party sourcing, deliberately left unlinked to a specific distillery (no parentSlug, kind=blend not brand) rather than asserting single-origin -- a human reviewer should check whether current Sassenach whisky stock is entirely Galloway-distilled before promoting this to kind=brand with parentSlug=galloway.
saxa-vord	Saxa Vord	distillery	GB-SCT	islands	highland	Shetland Distillery Company	single malt	unknown			auto	high	https://en.wikipedia.org/wiki/Saxa_Vord_distillery	Wikipedia titles this article 'Saxa Vord distillery' but describes it as a GIN distillery (Unst, Shetland) releasing under the 'Shetland Reel' brand; a proposed single-malt whisky distillery announced in 2018 had not raised construction funding as of the article's 2022-sourced text, so it is unclear whether they now distil their own whisky at all - a reviewer may want to check for a post-2022 update. They separately released independently-bottled whisky under the Shetland Reel name in 2015, sourced from Glenglassaugh casks and finished on-site - not their own distillate, and possibly a one-off rather than an ongoing line. peatProfile left unknown since no own-distilled whisky (peated or not) is confirmed. See the 'Shetland Reel' alias below, pointed at this row for that reason.
sazerac	Sazerac	blend	US			Sazerac Company	rye	none			unverified	low	https://en.wikipedia.org/wiki/Sazerac_Company	Sazerac Rye, distilled at Buffalo Trace (Frankfort, KY) per the cited page. American straight rye mash bills do not use peated malt, but the page does not explicitly address peat, hence confidence=low rather than high.
scapa	Scapa	distillery	GB-SCT	islands	highland	Pernod Ricard (Chivas Brothers)	single malt	none			auto	high	https://en.wikipedia.org/wiki/Scapa_distillery https://www.bbr.com/producer-1241-scapa-distillery-orkney	Orkney distillery founded 1885; malt is "entirely unpeated" per source, matured mainly in ex-bourbon casks.
scarabus	Scarabus	brand	GB-SCT	islay	islay	Hunter Laing & Co	single malt	medium		old-malt-cask	unverified	low	https://whiskyadvocate.com/Hunter-Laing-Co-Scarabus-46 https://scotchwhisky.com/magazine/latest-news/25772/hunter-laing-launches-scarabus-for-feis-ile/	Single malt from an undisclosed Islay distillery ('mystery malt'), launched by Hunter Laing for Feis Ile 2019, tied to the opening of their own Ardnahoe distillery. Official notes cite 'Islay peat smoke' aroma; exact ppm/intensity not published, so classified medium rather than heavy out of caution. Source distillery deliberately left blank per the undisclosed-label rule (rule 3).
scots-earl	Scots Earl	blend	GB-SCT					none			unverified	low	https://en.wikipedia.org/wiki/Scotch_whisky	No independent web presence found; treated as an ordinary own-label blended Scotch at the category default (peat/smoke concentrated in Islay per cited page).
scots-gold	Scots Gold	blend	GB-SCT			Charles Edge	blend	none			unverified	low	https://charlesedge.com/collections/scots-gold-whisky https://www.finewineandgoodspirits.com/scots-gold-blended-scotch/product/000096048	Blend of 15+ malts + Lowland grain by independent bottler/blender Charles Edge; no smoke/peat noted in any tasting note found.
scottish-collie	Scottish Collie	blend	GB-SCT				blend	none			unverified	low	https://en.wikipedia.org/wiki/Scotch_whisky	Own-label budget blend, no web presence found. Peat=none per ordinary-blend category norm. Samples include a "Skottish Collie" misspelling, added as a bonus alias.
scottish-deer	Scottish Deer	blend	GB-SCT				blend	none			unverified	low	https://en.wikipedia.org/wiki/Scotch_whisky	No web presence found; generic "Scottish"-branded name, 2 products with no descriptors - treated per the long-tail own-label default (ordinary blended Scotch is conventionally unpeated).
scottish-glory	Scottish Glory	blend	GB-SCT				blend	none			unverified	low	https://en.wikipedia.org/wiki/Blended_whiskey	No web presence found (single product). Own-label blended Scotch pattern, category default applied per the brief's long-tail rule.
scottish-hunter	Scottish Hunter	blend	GB-SCT				blend	none			unverified	low	https://en.wikipedia.org/wiki/Scotch_whisky	No web presence found; treated as an ordinary own-label blended Scotch per budget policy.
scottish-leader	Scottish Leader	blend	GB-SCT			Distell Group	blend	none			unverified	low	https://en.wikipedia.org/wiki/Scotch_whisky	Mainstream blended Scotch (Distell/Burn Stewart per general knowledge, not independently verified this session - no working source found). No distillery-specific peat statement found; defaulted to unpeated per the cited page's general point that peat is an optional, non-universal choice in Scotch production.
scottish-piper	Scottish Piper	blend	GB-SCT				blend	none			unverified	low	https://en.wikipedia.org/wiki/Scotch_whisky	No web presence found; treated as an ordinary own-label blended Scotch per budget policy. Catalogue has two near-duplicate rows for this name (one typed "blend", one untyped) -- both covered by the one alias below.
scyfion	Scyfion	bottler	UA					unknown			auto	high	https://www.whiskylifestyle.com/scyfion-a-ukrainian-independent-bottler/	Ukrainian independent bottler based in Odesa ("Scyfion Choice"), finishes single casks from various Scottish distilleries in wine casks. Peat depends entirely on the source distillery per bottling, not on the bottler -- see distillery rows below for Dailuaine/Aultmore/Dufftown (named in this batch's samples). "Scyfion Secret Speyside" is an undisclosed-source label; left unresolved per brief guidance.
seagrams	Seagram's	blend	CA			Sazerac Company	blend	none			unverified	low	https://en.wikipedia.org/wiki/Seagram https://en.wikipedia.org/wiki/Sazerac_Company https://en.wikipedia.org/wiki/Canadian_whisky	Models "Seagram's V.O." Canadian whisky. Wikipedia: "Seagram's V.O. is produced by Sazerac" following the 2000 break-up of the original Seagram company (assets split between Diageo, Pernod Ricard and others). The sample "100 Pipers 1970's (Seagram's)" is a different, Pernod-Ricard-India-owned Scotch blend that merely carries the historical Seagram name in some listings; not modeled by this row.
secret-orkney	Secret Orkney	blend	GB-SCT	islands	highland			unknown			unverified	low		Undisclosed-distillery label per brief rule 3 (same pattern as "Probably Orkney's Finest"/"Secret Speyside") - likely sourced from Highland Park or Scapa but deliberately not guessed. Region is stated by the brand name itself (Orkney).
sexton	Sexton	blend	IE			Proximo Spirits	single malt	none			unverified	low	https://en.wikipedia.org/wiki/Sexton https://en.wikipedia.org/wiki/Irish_whiskey	'The Sexton Irish Whiskey' confirmed as a product of Proximo Spirits (Wikipedia disambiguation page). Marketed as single malt Irish whiskey from an undisclosed source distillery; kind=blend used only as the closest available bucket for an undisclosed-origin label per rule 3 in the brief, not because it is actually a blended-type whiskey. peatProfile via general Irish-whiskey category fact.
shackleton	Shackleton	blend	GB-SCT			Whyte & Mackay	blend	light			auto	high	https://scotchwhisky.com/magazine/latest-news/13645/shackleton-blended-malt-inspired-by-explorer/ https://www.thespiritsbusiness.com/2017/04/whyte-and-mackay/	Blend of Highland single malts recreating the character of the Mackinlay's whisky found frozen at Shackleton's Antarctic base camp (barley dried with Orkney peat); described as 'a gentle bite of peat smoke' - a trace, not a peated whisky.
shamrose	Shamrose	blend	IE					unknown			unverified	low		No web presence found this session.
shefford-manor	Shefford Manor	blend	GB-ENG					unknown			unverified	low		Not researched (budget). "Shefford" is a town in Bedfordshire, England; countryCode inferred from the name only.
shenks	Shenk's Homestead	brand	US			Michter's Distillery		none	michters		unverified	low	https://thebourbonconcierge.com/collections/michters	'Shenk's Homestead' is a Michter's Kentucky Straight Sour Mash Whiskey bottling; defaultTypeName left empty since sour mash whiskey is not one of the closed category values. American whiskey, no peat. parentSlug=michters expected to be seeded by another batch (well-known US heritage distillery brand) -- not created here.
shin	Shin	blend						unknown			unverified	unknown		Part of the unresolved Japanese-styled budget cluster (see Shinobu); single product, no web presence found this session
shinobu	Shinobu	blend						unknown			unverified	unknown		One of a cluster of Japanese-styled budget brands in this batch (with Fujimi, Reki, Shin); no Wikipedia coverage found (fetch 404'd). Could not verify true origin/producer or peat status this session
sierra-norte	Sierra Norte	distillery	MX					none			unverified	low	https://mexiconewsdaily.com/food/oaxacan-whiskey-blends-mexican-culture-with-international-tradition/ https://www.sierranortewhiskey.com/	Oaxacan corn whiskey (85% corn / 15% malted barley), own distillery near Oaxaca city. No peat/smoke mentioned anywhere; defaultTypeName left empty - corn whiskey has no clean match in the closed type list
signatory	Signatory Vintage	bottler	GB-SCT					unknown			auto	low		Independent bottler (Signatory Vintage Scotch Whisky Co., Pitlochry). Samples name Mortlach, Ardmore and Ledaig/Tobermory (distillery rows emitted below); "Signatory Unnamed Orkney" and "Signatory Unnamed Speyside" are undisclosed casks, left unresolved per brief rule 3.
singleton-glen-ord	Singleton of Glen Ord	brand	GB-SCT	highland	highland	Diageo	single malt	none	glen-ord		unverified	low	https://en.wikipedia.org/wiki/List_of_whisky_distilleries_in_Scotland	Diageo's Asia-market Singleton expression, from Glen Ord distillery.
singleton-of-dufftown	The Singleton of Dufftown	brand	GB-SCT	speyside	speyside	Diageo	single malt	none	dufftown		auto	high	https://en.wikipedia.org/wiki/Dufftown_distillery https://www.caskers.com/the-singleton-of-dufftown-18-year-old-single-malt-scotch-whisky/	Diageo's Dufftown-sourced Singleton range (introduced 2006, mainly UK/EU market); unpeated, inherits Dufftown's house style.
sir-edwards	Sir Edward's	blend	GB-SCT			La Martiniquaise	blend	none			unverified	medium	https://www.siredwards.com/	Own site (fetched) confirms "Product of Scotland" / blended Scotch with a range of Finest, Smoky, Beer Reserve and Aged 12 Years. "Finest" (this batch's product, catalogued as "Sir Edwards Finests", a typo) is the base unpeated blend; see rule.tsv for the separately-named "Smoky" variant. Owner recorded from this project's brief-provided background (French-owned via La Martiniquaise) -- not independently re-confirmed by a fetched source this session (the homepage did not state an owner), so treat that one fact with some caution.
sir-park	Sir Park	blend	FR					unknown			unverified	unknown		No web presence found. Possibly a French-market fake-Scottish-sounding brand in the same naming pattern as Sir Edward's ("Sir X"), but unconfirmed this session -- not assumed to be the same producer/owner.
sir-pitterson	Sir Pitterson	blend	GB-SCT				blend	none			unverified	low	https://thewhiskeywash.com/scotch-whiskey/from-mild-to-wild-understanding-peat-levels-in-scotch-whisky/	Own-label style blend, no independent web presence found; treated as an ordinary unpeated blended Scotch per brief long-tail default, not brand-verified.
skrewball	Skrewball	blend	US					none			unverified	low	https://en.wikipedia.org/wiki/Irish_whiskey	Peanut-butter-flavoured American whiskey (California); an infused/flavoured product rather than a traditional distillery. Peat=none per general American-whiskey category norm; nothing suggests a peated base.
slaur-sardet	Slaur Sardet	blend	XX					unknown			unverified	low		No web presence found this session. One of its own two sample names is "Slaur Sardet Glen Scanlan" (see glen-scanlan row) -- possibly an importer/retailer label bundling other own-brand whiskies rather than a single coherent brand; unconfirmed.
slipknot-9	Slipknot №9	blend						unknown			unverified	unknown		Band-branded novelty whisky ("Iowa"); origin not identified, no search performed this pass.
slyrs	Slyrs	distillery	DE					none			auto	high	https://www.masterofmalt.com/distilleries/slyrs-whisky-distillery/ https://slyrs.com/shop/SLYRS-Single-Malt-Whisky-Bavarian-PEAT/150100/	Bavarian (Schliersee) distillery; core single malt is unpeated (peated malt is only ~10% of annual barley intake). Also produces a dedicated "Bavarian PEAT" peated single malt -- captured as a rule below, not a sibling brand. Range also includes a "Bavarian RYE"; defaultTypeName left empty since the range spans malt and rye.
smokehead	Smokehead	brand	GB-SCT	islay	islay	Ian Macleod Distillers	single malt	heavy			auto	high	https://en.wikipedia.org/wiki/Ian_Macleod_Distillers	Marketed explicitly as a heavily-peated Islay single malt (the "Smokehead" name is built on that identity). Source distillery is officially undisclosed by Ian Macleod; widely rumoured in the trade press to be Bunnahabhain but not confirmed by the producer, so parentSlug is left empty per the brief's rule 3 on undisclosed labels.
smokey-joe	Smokey Joe	blend	XX					unknown			unverified	unknown		Single-product own label; could not identify a source this session (WebSearch budget exhausted). The name itself suggests possible smokiness/peat, which is exactly why it is left unknown rather than guessed - flagged for a human reviewer.
smooth-ambler	Smooth Ambler	distillery	US					none			unverified	low	https://en.wikipedia.org/wiki/American_Whiskey_Trail https://en.wikipedia.org/wiki/Bourbon_whiskey	Confirmed as a real distillery via its inclusion in Wikipedia's American Whiskey Trail list (West Virginia craft distillery per general knowledge, not itself stated on that page). Makes bourbon, rye and a 'Contradiction' wheated bourbon (per my sample); defaultTypeName left empty since the range spans types. peatProfile via the generic bourbon/rye-category fact.
spearhead	Spearhead	blend	XX					unknown			unverified	low		No web presence found this session; country and style could not be identified.
speciality-drinks	Speciality Drinks	bottler	GB-ENG					unknown			auto	low		Independent bottler (Speciality Drinks Ltd / Elixir Distillers / The Whisky Exchange group); England-based per general knowledge, not independently re-verified this session (low confidence on countryCode specifically). Samples name Port Askaig (own row below), Macduff and Teaninich (distillery rows below); "Speciality Drinks Speyside Marriage of cask" names no specific distillery and is left unresolved.
spey-river	Spey River	blend	GB-SCT				blend	none			unverified	low	https://en.wikipedia.org/wiki/Scotch_whisky	No brand-specific source found. Name invokes the River Spey/Speyside but region left empty since actual sourcing is unconfirmed; treated as ordinary blended Scotch per category convention.
speyburn	Speyburn	distillery	GB-SCT	speyside	speyside	Inver House Distillers (International Beverage)	single malt	light			auto	high	https://en.wikipedia.org/wiki/Speyburn_distillery https://scotchwhisky.com/whiskypedia/1890/speyburn/	Lightly peated - easy to mis-assume 'none' for an ordinary-looking Speyside malt; sources are explicit that it is not fully unpeated.
speymalt	Speymalt	brand	GB-SCT	speyside	speyside		single malt	none	macallan	gordon-macphail	auto	high	https://www.gordonandmacphail.com/our-whiskies/ranges/speymalt	Gordon & MacPhail's dedicated range name reserved for independently-bottled Macallan; spirit is distilled at Macallan so peat profile is identical (none), not merely inherited.
speyside-distillery	Spey	distillery	GB-SCT	speyside	speyside	Speyside Distillers (Harvey's of Edinburgh)	single malt	none			auto	high	https://www.masterofmalt.com/whiskies/speyside/spey-fumare-whisky/ https://www.htfw.com/speyside-distillery-spey-fumare-peated-single-malt-scotch-whisky	Core Spey range (Tenne, Royal Choice, etc.) is unpeated. 'Spey Fumare' (2016) was explicitly the distillery's first-ever peated release - see rule.
spice-king	Spice King	blend	GB-SCT				blend	unknown		wemyss-malts	unverified	low		Widely known in general whisky knowledge as a Wemyss Malts blended malt (bourbon-cask/spice-forward, reputed to be unpeated), but no citation could be opened this session confirming this (same access failures as peat-chimney). Left peatProfile unknown per the no-citation rule -- flagging as a likely "none" for reviewer confirmation.
spice-monkey	Spice Monkey	blend						unknown			unverified	unknown		No web presence found (zero Wikipedia hits). Flavoured-sounding name; category and country of origin unconfirmed.
spicebox	Spicebox	blend	CA			Maison des Futailles		none			unverified	low	https://en.wikipedia.org/wiki/Canadian_whisky	Canadian spiced/flavored whisky (Cinnamon, Pumpkin, Ginger Bread, Chocolat editions); maker confirmed via the samples themselves ("Maison des Futailles Spicebox ..."). The official spiceboxwhisky domain no longer resolves to the brand (parked/expired), so the peat claim is only backed by the general Canadian-whisky category page, which does not discuss peat explicitly - kept low confidence.
spirit-of-voodoo	Spirit of Voodoo	blend	XX					unknown			unverified	unknown		Catalogue brand string is "Whisky of Voodoo" but every sampled product actually reads "Spirit of Voodoo ..." - modelled under the real product-line name with both spellings aliased. Could not identify the producer/country (WebSearch budget exhausted; the guessed domain spiritofvoodoo.com does not resolve). Flagged for a human reviewer.
springbank	Springbank	distillery	GB-SCT	campbeltown	campbeltown	J&A Mitchell & Company	single malt	light			unverified	high	https://en.wikipedia.org/wiki/Springbank_(distillery)	Parent of Longrow (heavy) and Hazelburn (unpeated, not in this batch). Core Springbank itself is medium-peated per the distillery's own process (6h peat smoke + 30h hot air, "medium-peated" per the cited article).
st-kilian	St Kilian	distillery	DE			St. Kilian Distillers		unknown			unverified	low	https://en.wikipedia.org/wiki/German_whisky	Founded 2014 in Rüdenau, Bavaria, Germany. Catalogue lists both "St.Kilian Classic" and "St.Kilian Peated" — could not confirm which is the true baseline or the peated variant's level; producer's own site was unreachable (TLS certificate mismatch on st-kilian-distillers.com) and no other source with the detail was found. Flagged for reviewer; no rule added for the Peated variant given the lack of a citation.
st-magdalene	St Magdalene	distillery	GB-SCT	lowland	lowland	Diageo	single malt	unknown			auto	high	https://en.wikipedia.org/wiki/St_Magdalene_distillery https://en.wikipedia.org/wiki/List_of_whisky_distilleries_in_Scotland	Linlithgow, Lowland distillery, closed 1983 (Diageo is the corporate successor of DCL; the physical site is now flats). No peat statement found in the fetched article, left unknown rather than assume the general Lowland-style convention. This batch's sample references an "Authentic Collection" bottler range, which could not be independently confirmed this session (Wikipedia's Duncan Taylor page is a bare disambiguation stub), so no bottlerSlug is set.
stag-hunter	Stag Hunter	blend	GB-SCT					unknown			unverified	low		Own-label blend ("Special Reserve"), no web presence found this session.
stannergill	Stannergill	distillery	GB-SCT	highland	highland	Dunnet Bay Distillers	single malt	unknown			auto	high	https://en.wikipedia.org/wiki/List_of_whisky_distilleries_in_Scotland	No dedicated Wikipedia article; parent company Dunnet Bay Distillers' official site (checked this session) shows only its established gin/vodka/rum range (Rock Rose Gin, Holy Grass Vodka, Mapmaker's Rum) with no live whisky operation or 'Stannergill' mention anywhere - consistent with a very early-stage or announced-only project. No basis for any peat claim.
star-stripes	Star & Stripes	blend	US					none			unverified	low	https://en.wikipedia.org/wiki/Whisky	Brand not independently verified via any source actually opened; American-themed name, category default (peat is a Scotch-specific practice) applied.
starlaw	Starlaw	distillery	GB-SCT			La Martiniquaise	grain	none			auto	high	https://en.wikipedia.org/wiki/Starlaw_distillery	Large grain whisky distillery plus vatting/blending/bottling plant (Livingston, West Lothian; 25 million litres/year capacity) feeding La Martiniquaise's blends. Conventional column-still grain whisky, not peated.
starward	Starward	distillery	AU			Starward Distillery	single malt	none			auto	high	https://winesellersdirect.com.au/pages/starward-australian-whisky https://starward.com.au/products/peated-finish	Melbourne distillery (est. about 2015), matures exclusively in ex-red-wine casks; core range uses unpeated Australian malt. "Peated Finish" is base spirit finished about 18 months in peated Islay casks, see rule -- rated medium rather than heavy since it is a cask finish, not primary peated-malt maturation.
stateless	Stateless	blend						unknown			unverified	unknown		Samples ("Banana", "Green Apple", "Banana Flavored") indicate a flavored whiskey/spirit-drink line rather than a conventional whisky; identity, origin and peat left unknown -- no search performed.
stirling	Stirling	distillery	GB-SCT	lowland	lowland	June & Cameron McCann	single malt	unknown			auto	high	https://en.wikipedia.org/wiki/Stirling_distillery	Confirmed correct entity via the owner match (June and Cameron McCann). First whisky new-make run Oct 2023 - reported as the first whisky distilled in Stirling since 1852; no peat statement found. Currently better known for Stirling Gin (stocked in Co-op since 2024) than for its whisky, which may not yet be legally aged Scotch.
strathclyde	Strathclyde	distillery	GB-SCT			Chivas Brothers	grain	none			auto	high	https://en.wikipedia.org/wiki/Strathclyde_distillery	Wikipedia: 'there is no official bottling. However, the Scotch Malt Whisky Society and other independent bottlers have purchased and bottled some aged casks of this as Single Cask Single Grain whisky' - confirms real independent-bottler activity (the exact scenario this research batch targets) for this conventional, unpeated grain whisky distillery (Gorbals, Glasgow; est. 1927).
strathearn	Strathearn	distillery	GB-SCT	highland	highland	Douglas Laing & Co.	single malt	unknown			auto	high	https://en.wikipedia.org/wiki/Strathearn_distillery	Small craft distillery (2013), acquired by independent bottler Douglas Laing & Co in 2019 (first Strathearn single malt under the new ownership, 'The Heart', released 2022). Also blends a honey-based whisky. No peat statement found in the source checked.
strathisla	Strathisla	distillery	GB-SCT	speyside	speyside	Chivas Brothers	single malt	none			auto	high	https://en.wikipedia.org/wiki/List_of_whisky_distilleries_in_Scotland https://en.wikipedia.org/wiki/Speyside_single_malt	Main malt component of Chivas Regal; unpeated Speyside default. Added because Darkness!'s samples name it.
strathmill	Strathmill	distillery	GB-SCT	speyside	speyside	Diageo	single malt	unknown			auto	high	https://en.wikipedia.org/wiki/Strathmill_distillery	Diageo Speyside malt distillery (Keith) whose output is used 'primarily for the production of blends such as J&B whisky' per Wikipedia; the article covers history/ownership only and states nothing about flavour or peat either way, so left unknown rather than assumed from Speyside/blending-component convention.
stronachie	Stronachie	blend	GB-SCT				blend	unknown		dewar-rattray	unverified	low		Dewar Rattray's own recreated blended-malt brand, named after a long-closed distillery not present in the Wikipedia operating-distilleries authority file; no further citation found this session.
suntory	Suntory	blend	JP			Suntory Holdings		none			unverified	low	https://en.wikipedia.org/wiki/Hibiki_(whisky)	Umbrella brand name covering multiple distinct Suntory malts/grains/blends - Hakushu, Chita and Hibiki are modeled as separate rows since their facts differ. This generic row is a low-confidence fallback for catalogue rows tagged only "Suntory" (e.g. Toki, Ao) with no more specific in-name match; a handful of limited/special Suntory editions ARE peated (see hakushu note) so do not treat this as a guarantee.
syndicate-58-6	Syndicate 58/6	blend	GB-SCT				blend	none			unverified	low	https://en.wikipedia.org/wiki/Scotch_whisky	Name plausibly references "58 malts, 6 grains" blended together (unverified this session); assumed ordinary blend per budget guidance, no indication of peat.
take-it-to-the-brig	Take It To The Brig	blend	XX					unknown			unverified	unknown		Could not identify producer this session. Brig is Scots dialect for bridge, hinting at a Scottish bottling, but this is inference rather than a source, so country left unknown too. Flag for reviewer.
taketsuru	Taketsuru	blend	JP			Asahi Group Holdings	malt	unknown			unverified	low	https://en.wikipedia.org/wiki/Nikka_Whisky_Distilling	Nikka's "Pure Malt" vatting of Yoichi and Miyagikyo malt whiskies (named for founder Masataka Taketsuru), owned by Asahi Group Holdings via Nikka. Yoichi is widely understood to contribute a peated component but the fetched Wikipedia article states no peat/smoke detail and whisky.com returned 403, so left unknown rather than assert a level from memory. REVIEWER FLAG: likely 'light' if independently confirmed -- matches this project's existing 'nikka' row's identical flag for Yoichi.
takumi	Takumi	blend	XX					unknown			unverified	unknown		Catalogue supplied no type/country guess at all (unusual -- even the shop could not classify it), and no web presence found this session. Flagged for human review of authenticity; "Takumi" (Japanese for 'artisan/craftsman') is also a generic marketing word used by unrelated brands, which is why its alias below is scope=brand rather than any.
talisker	Talisker	distillery	GB-SCT	islands	highland	Diageo	single malt	medium			auto	high	https://en.wikipedia.org/wiki/Talisker_distillery https://www.diageo.com/en/our-brands/scotch-whisky/talisker	~18-22ppm, roughly 75% peated / 25% unpeated malt.
tamdhu	Tamdhu	distillery	GB-SCT	speyside	speyside	Ian Macleod Distillers	single malt	none			auto	high	https://glassandnote.com/beer/tamdhu-unveils-its-cigar-malt-iii-single-malt https://maltspedia.com/distilleries/tamdhu-distillery/	Air-dried, unpeated barley ('no peat is used, differentiating Tamdhu from Highland Park'); sherry-cask-only maturation is the house signature.
tamnavulin	Tamnavulin	distillery	GB-SCT	speyside	speyside	Whyte & Mackay	single malt	none			auto	high	https://en.wikipedia.org/wiki/Tamnavulin_distillery	Standard unpeated Speyside single malt. Owner Whyte & Mackay is itself owned by Philippines-based Emperador/Alliance Global since 2014.
tbwc	That Boutique-y Whisky Company	bottler	GB-ENG			Atom Supplies Limited (Atom Brands)		unknown			auto	high	https://www.thatboutiqueywhiskycompany.com/	Independent bottler - single cask/small batch/limited-edition bottlings; official site states it is a trading name of Atom Supplies Limited (England and Wales). No house peat level. Sample product names (FEW, Puni, TBWC, Helsinki, Mackmyra, Paul John) span distilleries worldwide; distillery rows emitted for few/puni/helsinki-distilling/mackmyra/paul-john per rule 2.
teachers	Teacher's	blend	GB-SCT			Suntory Global Spirits	blend	light			unverified	high	https://en.wikipedia.org/wiki/Teacher%27s_Highland_Cream	Blend's stated fingerprint malt is fully peated Ardmore among about 30 malts; comparable overall smoke level to Johnnie Walker Black (the brief's own light example), not a peated whisky in its own right. Positive peat claim, flag for reviewer.
teaninich	Teaninich	distillery	GB-SCT	highland	highland	Diageo	single malt	none			auto	high	https://en.wikipedia.org/wiki/Teaninich_distillery	Alness; mainly a blending workhorse, unpeated. Named in Yellow Edition samples (this batch).
teeling	Teeling	distillery	IE			Bacardi Limited		none			auto	high	https://en.wikipedia.org/wiki/Teeling_Distillery https://www.teelingwhiskey.com/	Dublin (Blackpitts area) distillery, owned by Bacardi. Core range is unpeated; Blackpitts is an explicit exception, officially branded 'Blackpitts Peated Single Malt' on teelingwhiskey.com - see rule.tsv. defaultTypeName left empty because the range spans single malt, single grain and small-batch blends.
teerenpeli	Teerenpeli	distillery	FI				single malt	none			auto	high	https://www.masterofmalt.com/distilleries/teerenpeli-whisky-distillery/ https://en.wikipedia.org/wiki/Teerenpeli	Core range unpeated; "Savu" ("smoke") is their distinct peated single malt (~5ppm, light) - see rule.tsv, not itself in this batch's samples
templeton-rye	Templeton Rye	blend	US				rye	none			auto	high	https://en.wikipedia.org/wiki/Templeton_Rye https://en.wikipedia.org/wiki/Rye_whiskey	American rye whiskey, historically distilled by MGP of Indiana under contract (plus an added flavoring formulation per Wikipedia), now transitioning to its own Iowa distillery; American rye is categorically unpeated.
tenjaku	Tenjaku	blend	JP				blend	unknown			unverified	low		Blend of malt and corn-heavy grain whisky from a distillery near Mt. Fuji (Fuefuki). Reviews mention "a touch of smoke" but it is unclear whether this is from peated malt or a generic cask/tasting descriptor, so left unknown rather than guessed.
terence-hill	Terence Hill	blend	GB-SCT				blend	none			unverified	low	https://en.wikipedia.org/wiki/Scotch_whisky	Likely a celebrity/novelty Scotch blend (named for actor Terence Hill, popular in the German market) bottled for export; not verified this session, treated as an ordinary blend per budget guidance.
the-busker	The Busker	blend	IE					none			unverified	low	https://en.wikipedia.org/wiki/Irish_whiskey	Irish whiskey brand (believed Royal Oak Distillery); ownership not independently confirmed this session, no Wikipedia article found. Peat rare outside Scotland per cited page.
the-charles-house	The Charles House	blend					blend	none			unverified	low	https://en.wikipedia.org/wiki/Blended_whiskey	No web presence found (Wikipedia search empty). All 3 samples are just 'Charles House' with no other descriptor. Treated as an ordinary own-label blend per the brief's long-tail rule; country left unknown rather than guessed.
the-deacon	The Deacon	blend	GB-SCT			Sovereign Brands / Pernod Ricard	blend	medium			auto	high	https://distiller.com/spirits/the-deacon-blended-scotch-whisky https://www.totalwine.com/spirits/scotch/the-deacon-scotland-blended-whisky/p/2126227161	Deliberately smoky blend of Islay (peaty) and Speyside malts; tasting notes describe 'tangy peat' and a 'smoky dram' throughout - more pronounced than a trace.
the-dead-rabbit	The Dead Rabbit	blend	IE					none			unverified	low	https://en.wikipedia.org/wiki/Irish_whiskey	Irish whiskey blend named for the 1850s NYC gang / present-day NYC bar. No distillery/ownership citation found this session. Category default applied (Irish whiskey almost always unpeated, Connemara being the well-known exception).
the-deveron	The Deveron	brand	GB-SCT	highland	highland	John Dewar & Sons (Bacardi)	single malt	light	macduff		auto	high	https://en.wikipedia.org/wiki/Macduff_distillery https://www.thewhiskyexchange.com/b/40/glen-deveron-single-malt-scotch-whisky	Owner's own-bottled name for Macduff distillery's single malt. Sold as "Glen Deveron" historically (notably for the Italian market under Martini Rossi) and as "The Deveron" since October 2015; lightly peated. Catalogue sample "Glen Deveron" is the older name for this same brand.
the-epicurean	The Epicurean	blend	GB-SCT	lowland	lowland		blend	none		douglas-laing	auto	high	https://www.douglaslaing.com/	Confirmed blended malt Lowland Scotch whisky, explicitly described by Douglas Laing as unpeated ("a marriage of Single Malts from Scotland's Lowlands"). bottlerSlug=douglas-laing is not defined in this batch's own producer.tsv -- Douglas Laing is named directly in the brief's own kind=bottler examples, so another batch will almost certainly define it.
the-forge	The Forge	blend	IE			Hibernia Distillers		unknown			unverified	low		Owner stated directly by the catalogue's own product name ("The Forge Hibernia Distillers"); hiberniadistillers.com resolves (real domain) but is currently just a "coming soon" placeholder with no product content, so range/peat details could not be confirmed.
the-gild	The Gild	blend	XX					unknown			unverified	unknown		Could not identify this brand within budget; left entirely unknown.
the-glenlee	The Glenlee	blend	GB-SCT			Aceo Spirits	blend	none			unverified	low	https://www.passionforwhisky.com/en/whisky/scotch-whisky/blended-whisky/40110-the-glenlee.html https://www.whiskymag.com/articles/aceo-spirits-releases-a-special-blend-to-celebrate-the-125th-birthday-of-the-tall-ship-glenlee/	Named for the historic Glasgow tall ship, NOT related to Glenlivet - verified as a distinct brand. 40% malt/60% grain blend by Aceo Spirits (parent of independent bottler Murray McDavid). No explicit peat statement; inferred unpeated from tasting notes (malty, honeyed, spiced oak, orange zest, vanilla, toffee) with no smoke mentioned
the-gospel	The Gospel	distillery	AU				rye	none			auto	high	https://www.thegospelwhiskey.com	Own distillery in Melbourne, Australia (not the US, despite what the name might suggest), using rye grown on a single farm in the Mallee region. A limited 'Resurrection' release mentions a gentle hint of smoke, but that release is not among this batch's samples (plain 'The Gospel' + 'Solera Rye').
the-hearach	The Hearach	brand	GB-SCT	islands	highland	Isle of Harris Distillers Ltd.	single malt	unknown	isle-of-harris		unverified	low	https://en.wikipedia.org/wiki/Isle_of_Harris_distillery	Wikipedia: 'a single malt whisky called The Hearach, the Gaelic word for a resident of Harris'. No fetched source states a peat level (see the isle-of-harris row's note for the sources checked and their outcome); folklore among reviewers suggests lightly peated but this was deliberately not asserted without a citation. ALIAS NOTE: out/15/alias.tsv already maps 'The Hearach' directly to slug isle-of-harris (no separate brand row there); this batch instead creates a dedicated kind=brand row per its task instructions, so 'The Hearach' now aliases to two different slugs across batches -- a human reviewer must pick one (recommend keeping this brand-row version for consistency with the Glengyle/Kilkerran pattern).
the-highland-shepherd	The Highland Shepherd	blend	GB-SCT				blend	none			unverified	low	https://en.wikipedia.org/wiki/Scotch_whisky	No source found for this specific brand. 'Highland Shepherd' reads as a generic pastoral-themed Scotch own-label name; treated as a supermarket-style blend by convention, not confirmed. peatProfile via general blend-character inference - genuinely marginal, could reasonably also be left unknown.
the-hive	The Hive	blend	GB-SCT			Wemyss Malts	blend	none		wemyss-malts	auto	high	https://scotchwhisky.com/whiskypedia/2821/the-hive/ https://www.masterofmalt.com/whiskies/wemyss-malts/the-hive-wemyss-malts-whisky/	Blended malt built on a Speyside signature malt + 16 others across regions; explicitly described as 'a base of un-peated core malts'.
the-irishman	The Irishman	blend	IE					none			unverified	low	https://en.wikipedia.org/wiki/Whisky	Irish whiskey range (Founder's Reserve style blend + Harvest editions) by Walsh Whiskey; ownership not independently re-verified this session. Irish whiskey is 'almost always' unpeated per the general Whisky article; defaultTypeName left empty since the range spans blend and single-malt-style expressions.
the-king-of-scots	King of Scots	blend	GB-SCT				blend	unknown		douglas-laing	unverified	medium	https://www.douglaslaing.com/en-us	Confirmed via Douglas Laing's own site as part of their "Specialist Selection" blended range; no tasting notes/peat statement found there.
the-kinship	The Kinship	bottler	GB-SCT			Hunter Laing & Co		unknown			auto	high	https://malt-review.com/2017/07/31/hunter-laings-the-kinship-series/ https://whiskyauctioneer.com/learn/explore-whisky/bottles/bowmore-kinship-27-year-old-edition-no1	Annual Feis Ile release series from family-owned independent bottler Hunter Laing, mostly aged Islay single casks (Bowmore, Caol Ila, Bunnahabhain seen in this batch's samples; also historically Laphroaig, Ardbeg, Port Ellen). Peat varies by underlying distillery - resolve via in-name match.
the-kyoto	The Kyoto	blend	JP					unknown			unverified	low		"The Kyoto Aka-Obi Red Nishijin-ori" -- Nishijin-ori is a real, famous Kyoto textile; Japan is a reasonably confident country guess from the name/theming alone, but no citation confirms the producer, and Japanese blends can legitimately be peated (some Nikka/other blends use peated malt), so peatProfile is left unknown rather than assumed.
the-old-barrel	The Old Barrel	blend	GB-SCT				blend	none			unverified	low	https://en.wikipedia.org/wiki/Scotch_whisky	No source found (single-product own label); treated as ordinary blended Scotch per category convention.
the-pogues	The Pogues	blend	IE			West Cork Distillers	blend	none			unverified	low	https://www.htfw.com/west-cork-distillers-the-pogues-irish-whiskey-13380 https://www.masterofmalt.com/whiskies/west-cork-distillers/the-pogues-whiskey/	Blend of 50% single malt / 50% single grain, produced by West Cork Distillers. No explicit peat statement; inferred unpeated from Irish tradition and absence of smoke in tasting notes
the-singleton	The Singleton	brand	GB-SCT			Diageo	single malt	none			auto	high	https://www.diageo.com/en/our-brands/scotch-whisky/the-singleton https://www.diageobaracademy.com/en-zz/home/our-brands/the-singleton/the-singleton-distilleries	Umbrella brand spanning THREE Diageo distilleries marketed regionally -- Glen Ord (Highland), Glendullan (Speyside) and Dufftown (Speyside); no single parentSlug applies, left empty. All three are conventional fruity/nutty unpeated malts, so peat is confidently none regardless of which one a given bottling is. region/legalRegion left empty since it spans Highland and Speyside.
the-speaker	The Speaker	blend	GB-SCT			Block, Grey & Block Ltd	blend	none			unverified	low	https://www.whiskybase.com/whiskies/brand/85673/the-speaker?language=en	Blended Scotch whisky, limited information available; 5- and 12-year expressions listed on Whiskybase. No peat/smoke character found in available sources, hence low confidence despite the citation.
the-talisman	Talisman	blend	GB-SCT			Takara Shuzo Co.	blend	none	tomatin		auto	high	https://en.wikipedia.org/wiki/Tomatin_distillery	Confirmed as one of Tomatin distillery's own blend brands (alongside Antiquary); the infobox marks only the separate Cu Bocan brand as peated, so Talisman/Antiquary/core Tomatin are not peated.
the-whistler	The Whistler	blend	IE			Prestige Beverage Group		none			unverified	medium	https://thewhistlerwhiskey.com/	Own site (fetched) confirms production at Boann Distillery, Co. Meath, by Prestige Beverage Group; range spans blend and single malt lines (Double Oaked, Trilogy, Cask Finish series, plus a dedicated Single Malt line) so defaultTypeName is left empty. No peat/smoke mentioned in the fetched range description; standard Irish whiskey.
the-wild-north	The Wild North	blend	XX					unknown			unverified	unknown		No web presence found this session; country/origin genuinely unclear (name could suit a Canadian or generic export blend) - left unknown rather than guessed.
the-woodsman	The Woodsman	blend	XX					unknown			unverified	unknown		Could not identify producer or origin this session. Flag for reviewer.
thin-lizzy	Thin Lizzy	blend	IE				blend	none			unverified	low	https://en.wikipedia.org/wiki/Irish_whiskey	Officially-licensed Irish whiskey blend named after the rock band. No distillery/producer confirmed via citation this session. Category default applied.
thompson-bros	Thompson Bros	bottler	GB-SCT			Thompson Independent Traders Ltd.		unknown			auto	low	https://en.wikipedia.org/wiki/Dornoch_distillery	Retail label covering both Dornoch distillery's own output and independent bottlings of other distilleries (Wikipedia: 'products from the distillery, as well as independent bottlings from other distilleries, are released under the Thompson Bros brand name'). Added as a bonus row while researching Dornoch; no sample product names were available in this task to identify which other distilleries it bottles, so no further distillery rows were added for it here.
three-ships	Three Ships	blend	ZA			Distell		unknown			unverified	low	https://en.wikipedia.org/wiki/Three_Ships https://threeshipswhisky.co.za/about	Made at James Sedgwick Distillery, Wellington. Range spans blended and single malt so defaultTypeName left empty. No peat/smoke statement found in any source opened, left unknown rather than assumed
tincup	Tincup	blend	US			Proximo Spirits		none			auto	high	https://www.diffordsguide.com/beer-wine-spirits/4368/tincup-american-whiskey https://www.bevnet.com/spirits/2014/proximo-launches-tincup-american-whiskey	Colorado-blended American whiskey created by Jess Graber (Stranahan's founder), mash mostly corn/rye. Marketed as 'American Whiskey' rather than 'bourbon' so defaultTypeName left empty rather than forced.
tiree	Tiree	distillery	GB-SCT	islands	highland	Tiree Whisky Company Ltd.	single malt	unknown			auto	high	https://en.wikipedia.org/wiki/Isle_of_Tiree_distillery	First single malt released Jan 2025 (matured across virgin oak, Heaven Hill bourbon and two oloroso sherry casks; 800 bottles); also makes gin, corn whisky and rye whisky. No peat statement found.
tobermory	Tobermory	distillery	GB-SCT	islands	highland	Distell Group (Heineken)	single malt	none			auto	high	https://en.wikipedia.org/wiki/Tobermory_distillery https://scotchwhisky.com/whiskypedia/1900/tobermory/	This is the motivating example from BRIEF.md: unpeated, made about half the year; sibling Ledaig (this batch) is the heavily-peated malt made from the same stills the other half of the year. Owner Distell Group was itself acquired into Heineken N.V.
togouchi	Togouchi	blend	JP			Sakurao Distillery (Chugoku Jozo)	blend	none			unverified	low	https://www.comptoir-irlandais.com/en/250-togouchi.htm https://www.masterofmalt.com/whiskies/chugoku-jozo/togouchi-premium-blended-japanese-whisky/	Malt/grain sourced from Canada and Scotland, aged/blended/bottled in Japan inside a disused railway tunnel near Hiroshima. Base range (standard/Kiwami/Premium) is not peated -- see rule.tsv for the separate 'Togouchi Peated' line.
tokinoka	Tokinoka	brand	JP			Eigashima Shuzo Co., Ltd.		unknown	eigashima		unverified	low		Sample name "Eigashima Shuzo Tokinoka White Oak Distillery" is strong self-evidence that Tokinoka is a label of Eigashima Shuzo's White Oak (Akashi) distillery - Eigashima Shuzo's existence and operation of White Oak was confirmed via Wikipedia (see the eigashima row), but that source does not mention "Tokinoka" by name or discuss peat, so left without its own sourceUrls and peatProfile=unknown rather than assumed.
tomatin	Tomatin	distillery	GB-SCT	highland	highland	Takara Shuzo	single malt	none			auto	high	https://en.wikipedia.org/wiki/Tomatin_distillery	Parent of the Cù Bòcan brand (this batch). Standard range is unpeated per the cited page; Cù Bòcan is the lightly-peated exception, recorded as its own sibling row.
tomintoul	Tomintoul	distillery	GB-SCT	speyside	speyside	Angus Dundee Distillers	single malt	none			auto	high	https://en.wikipedia.org/wiki/Tomintoul_distillery	Core range (10/12/14/16/21yo, vintages) is unpeated. The distillery separately bottles a "Peaty Tang" expression (see rule) and the much heavier Old Ballantruan, which is not in this batch's samples.
torabhaig	Torabhaig	distillery	GB-SCT	islands	highland	Mossburn Distillers	single malt	heavy			auto	high	https://torabhaig.com/collections/the-legacy-series https://en.wikipedia.org/wiki/Torabhaig_distillery	Sleat peninsula, Isle of Skye; first distilled 2017. House style described as "elegantly rugged peat"; the Legacy Series' Allt Gleann is cited at roughly 77ppm malt phenol. Both this batch's samples ("Torabhaig The Legacy", "Torabhaig Allt Gleann") are from the peated Legacy Series; the catalogue brand string for this row is actually "The Legacy Series", aliased here.
tormore	Tormore	distillery	GB-SCT	speyside	speyside	Elixir Distillers	single malt	none			auto	high	https://thewhiskeywash.com/whiskey-articles/everything-you-need-to-know-about-tormore-distillery/ https://en.wikipedia.org/wiki/Tormore_distillery	Added because Gordon & MacPhail bottles Tormore single casks. Built 1958-60, the first new Speyside distillery of the 20th century; unpeated, historically mostly used in blends. Acquired by Elixir Distillers in 2022.
tottori	Tottori	blend	JP			Matsui Shuzo (Matsui Whisky)		unknown			unverified	low		Japanese blended whisky (Matsui Whisky); lookup attempt for this brand returned no usable page content (marketing-asset page only), so peat left unknown.
toulvaddie	Toulvaddie	distillery	GB-SCT	highland	highland	Heather & Bobby Nelson	single malt	unknown			auto	high	https://en.wikipedia.org/wiki/List_of_whisky_distilleries_in_Scotland	No dedicated Wikipedia article; the official site (toulvaddiedistillery.com) answered 200 but rendered only script/style content on a plain-text fetch (JS-heavy site), so no citable content was retrieved. No information found on production status or peat.
town-branch	Town Branch	distillery	US			Alltech		none			auto	high	https://en.wikipedia.org/wiki/Town_Branch	Lexington, Kentucky distillery (Lexington Brewing and Distilling Co./Alltech); brand spans bourbon AND rye (Town Branch Rye Whiskey also exists) so defaultTypeName left empty. No peat in mashbill/process; standard American whiskey.
trails-end	Trail's End	blend	US			Hood River Distillers	bourbon	none			auto	high	https://en.wikipedia.org/wiki/Trail%27s_End_Kentucky_Straight_Bourbon_Whiskey	Confirmed: Kentucky Straight Bourbon Whiskey distributed exclusively by Hood River Distillers, aged in new charred oak.
tullamore-dew	Tullamore Dew	blend	IE			William Grant & Sons		none			auto	high	https://en.wikipedia.org/wiki/Tullamore_Dew	Irish blend (pot still + malt + grain); William Grant & Sons since 2010, new Tullamore distillery opened 2014. defaultTypeName left empty: the wider range also includes single malt and single pot still expressions beyond the flagship blend.
tullibardine	Tullibardine	distillery	GB-SCT	highland	highland	Picard Vins & Spiritueux	single malt	none			auto	high	https://en.wikipedia.org/wiki/Tullibardine_distillery	Highland distillery in Blackford, Perth and Kinross, owned by Picard Vins & Spiritueux (Terroirs Distillers) since 2011. Source describes cask-finish range but does not explicitly state "unpeated"; kept low confidence for that reason.
turning-point	Turning Point	blend					rye	unknown			unverified	low		Not researched (budget). Sample "Turning Point Rye" -- defaultTypeName inferred from the name; countryCode left empty since rye whiskey naming is used both in the US and Canada.
two-drams	Two Drams	blend	GB-SCT				blend	none			unverified	low	https://en.wikipedia.org/wiki/Scotch_whisky	No web presence found; treated as an ordinary own-label blended Scotch per budget policy.
tyrconnell	Tyrconnell	brand	IE			Beam Suntory (Suntory Global Spirits)	single malt	none	cooley		auto	high	https://en.wikipedia.org/wiki/Cooley_Distillery	Unpeated single malt range from Cooley, explicitly distinguished by Wikipedia from Cooley's peated Connemara brand
uile-bheist	Uile-bheist	distillery	GB-SCT	highland	highland	Victoria and John Erasmus	single malt	unknown			auto	high	https://en.wikipedia.org/wiki/List_of_whisky_distilleries_in_Scotland	No dedicated Wikipedia article beyond the list page (which places it in Inverness, Highland, matching the given region); no official site resolved under an obvious domain guess. Name is Scottish Gaelic for 'monster'. No information found on production status or peat.
umiki	Umiki	blend	JP			Yoshino Spirits / Kamiki Shuzo	blend	none			unverified	low	https://www.umikiwhisky.com/ https://insidethecask.com/2025/05/19/new-product-godzilla-umiki-blended-whisky/	'Ocean-fused' blended whisky using malt from coastal Japanese distilleries plus grain whisky, matured in pine barrels; Osaka-based Yoshino Spirits/Kamiki Shuzo. 'Godzilla' edition (in samples) is a 70th-anniversary collaboration with Toho Co. No peat/smoke reported in tasting descriptions, hence still only low confidence.
undone	Undone	blend	US				blend	unknown			unverified	low		Product name explicitly says 'American Blend', the basis for countryCode=US/defaultTypeName=blend; producer not identified this session
valdespino	Valdespino	blend	ES					unknown			unverified	unknown		Valdespino is a historic Jerez sherry bodega, not normally a whisky producer. The single sample "Malt" is likely a mislabelled/miscategorised catalogue entry (perhaps a sherry, or a whisky finished in a Valdespino cask attributed to the cask supplier). REVIEWER FLAG: this row may not be a whisky at all - recommend manual inspection of the underlying product rather than trusting this KB row.
vat-69	VAT 69	blend	GB-SCT			Diageo	blend	none			unverified	low	https://en.wikipedia.org/wiki/VAT_69 https://en.wikipedia.org/wiki/Scotch_whisky	Wikipedia confirms Diageo ownership and "a blend of about 40 malt and grain whiskies"; no peat statement, defaulted to unpeated per ordinary-blend category norm.
velvet-cap	Velvet Cap	blend	IE					none			unverified	low	https://thewhiskeywash.com/scotch-whiskey/from-mild-to-wild-understanding-peat-levels-in-scotch-whisky/	"Irish Triple Cask" sample indicates Irish whiskey; ordinary Irish whiskey is unpeated (the brief's own example category). Not independently brand-verified.
virginia-distillery	Virginia Distillery Company	distillery	US				single malt	none			unverified	low	https://vadistillery.com/	Own site (fetched) confirms "American Single Malt" whisky, self-described as "the most awarded single malt whisky distillery in America"; no explicit peat/smoke statement found, but no peated expression is known in their range either -- standard unpeated American single malt. This batch's sample is a Port Cask finish.
virginia-distillery-company	Virginia Distillery Company	distillery	US				single malt	none			unverified	low	https://vadistillery.com/	Official site (fetched this session): "The most awarded single malt whisky distillery in America", Blue Ridge Mountains, Virginia. No peat/smoke mention anywhere on the fetched page; American single malt without a stated peated line, so peatProfile=none rests on that absence plus general category convention rather than an explicit "unpeated" statement. "Courage & Conviction" is confirmed on the same page as a distinct in-house brand -- see that row (parentSlug points here).
vulson	Vulson	blend	XX					unknown			unverified	unknown		Samples ("Rhino's Pastoral", "Old Rhino Rye Spirit") -- the "Spirit" wording may mean this does not even meet whisky's minimum-aging definition (an EU "spirit drink" rather than whisky). No web presence found; country/category undetermined, flagging for reviewer attention.
waterproof	Waterproof	blend	XX					unknown			unverified	unknown		Single-product own label; could not identify a source this session (WebSearch budget exhausted). Generic English word as a brand name - left fully unknown.
wemyss-malts	Wemyss Malts	bottler	GB-SCT			Wemyss family		unknown			auto	high	https://scotchwhisky.com/whiskypedia/2821/the-hive/	Independent bottler/blender. Other ranges include The Spice King and The Peat Chimney (peated) - not in this batch. Added as bottlerSlug parent of The Hive (this batch).
west-cork	West Cork	distillery	IE			West Cork Distillers		none			unverified	low	https://en.wikipedia.org/wiki/Irish_whiskey https://www.westcorkdistillers.com/about-us/	Range spans blended and single pot still (base, IPA Cask, Rum Cask, Pot Still); type left empty. Own site shows no peat mention; Irish whiskey conventionally unpeated outside named exceptions (Connemara, Pearse, Dunville's).
westland	Westland	distillery	US				single malt	none			unverified	low	https://en.wikipedia.org/wiki/Westland_Distillery	Seattle, WA American single malt distillery. Cited page does not address peat for the core range, and does not mention a "Peated" expression at all, but this batch's own samples include "Westland Peated" -- captured as a rule below from that direct evidence (sourceUrls left empty on the rule; exact intensity not independently confirmed, heavy is this session's best estimate for a dedicated peated craft release).
westport	Westport	brand	GB-SCT	highland	highland	The Glenmorangie Company (LVMH)	single malt	none	glenmorangie		unverified	low	https://en.wikipedia.org/wiki/Glenmorangie_distillery	Westport=Glenmorangie is one of BRIEF.md's own named well-documented teaspooned exceptions. The cited URL confirms parent Glenmorangie's unpeated house style; two attempts to find a citation naming the Westport pseudonym itself specifically both returned 403. parentSlug=glenmorangie is NOT created in this batch's own producer.tsv - confirmed already present in out/04/producer.tsv (checked directly on disk)
westward	Westward	distillery	US			House Spirits Distillery	single malt	none			auto	high	https://en.wikipedia.org/wiki/House_Spirits_Distillery	Westward Oregon Straight Malt Whiskey, House Spirits Distillery, Portland OR; malted barley grown in the Pacific Northwest, no peat mentioned.
whistlepig	WhistlePig	distillery	US				rye	none			unverified	low	https://en.wikipedia.org/wiki/WhistlePig https://en.wikipedia.org/wiki/Irish_whiskey	Vermont rye whiskey producer, Shoreham. peatProfile via the general 'peat rarely used outside Scotland' category fact plus the well-established production fact that American rye/bourbon malting does not use peat smoke; not a WhistlePig-specific statement. Catalogue spells the brand 'Whistlepig' (lowercase p); official spelling is 'WhistlePig'.
white-heather	White Heather	blend	GB-SCT			The GlenAllachie Distillers Co Limited	blend	none			auto	high	https://en.wikipedia.org/wiki/Glenallachie_distillery	Confirmed blended Scotch whisky brand owned by GlenAllachie Distillers (acquired together with the distillery in the 2017 Billy Walker buyout from Chivas Brothers); no peat indication.
white-horse	White Horse	blend	GB-SCT			Diageo	blend	light			unverified	low	https://theliquorbarn.com/products/white-horse-blended-scotch-750ml https://whiskyoftheweek.co.uk/white-horse-whisky/	Built around Lagavulin, with Caol Ila and Talisker also in the vatting, balanced by Speyside malt (Linkwood). Sources describe 'restrained smokiness' rather than a fully peated character despite the three peated malts, so recorded light rather than medium - flagging for reviewer given the pedigree of its component malts
whyte-mackay	Whyte & Mackay	blend	GB-SCT			Emperador Inc.	blend	none			unverified	low	https://scotchwhisky.com/whiskypedia/2553/whyte-mackay/ https://en.wikipedia.org/wiki/Whyte_%26_Mackay	Blend of 41 Highland/Speyside malt+grain whiskies, triple-matured with an ex-sherry-cask marrying stage; no peat character reported. Input brand string 'Whyte Mackay' is missing the ampersand.
widow-jane	Widow Jane	blend	US					none			unverified	low	https://www.widowjane.com/ https://en.wikipedia.org/wiki/Irish_whiskey	Brooklyn, NY brand; official site describes proofing/finishing sourced whiskey with Rosendale-mine limestone water rather than a full grain-to-bottle claim, so kept as kind=blend rather than distillery. Range spans bourbon and rye (defaultTypeName left empty). No peat mentioned; peat=none per general American-whiskey category norm (peat is rarely used outside Scotland, per the cited page).
wild-geese	The Wild Geese	blend	IE				blend	none			unverified	low	https://en.wikipedia.org/wiki/Irish_whiskey	"Peat is rarely used in the malting process outside of Scotland" per the Irish whiskey article; producer not independently confirmed beyond the category default.
wild-turkey	Wild Turkey	distillery	US			Campari Group		none			auto	high	https://en.wikipedia.org/wiki/Wild_Turkey_(bourbon)	Range spans bourbon and rye (Wild Turkey Rye, Russell's Reserve), so defaultTypeName left empty. Standard Kentucky mash bill, unpeated.
wilderness-trail	Wilderness Trail	distillery	US					none			unverified	low	https://en.wikipedia.org/wiki/Wilderness_Trail_Distillery https://en.wikipedia.org/wiki/Bourbon_whiskey	Danville, Kentucky; founded 2013 by Dr. Pat Heist and Shane Baker (Wikipedia). Makes wheated bourbon, rye-forward bourbon and rye whiskey - defaultTypeName left empty since the range spans types. peatProfile via the generic bourbon/rye-category fact.
willett	Willett	distillery	US			Kentucky Bourbon Distillers		none			auto	high	https://en.wikipedia.org/wiki/Willett_Distillery https://en.wikipedia.org/wiki/Bourbon_whiskey	Bardstown, KY. Parent distillery for Kentucky Vintage and Noah's Mill in this batch. defaultTypeName left empty - Willett bottles both bourbon and rye whiskey.
william-lawsons	William Lawson's	blend	GB-SCT			Bacardi (John Dewar & Sons)	blend	none			unverified	low	https://en.wikipedia.org/wiki/William_Lawson%27s https://en.wikipedia.org/wiki/Scotch_whisky	Wikipedia confirms Bacardi/Dewar's ownership; no peat statement there, defaulted to unpeated per ordinary-blend category norm.
william-peel	William Peel	blend	GB-SCT			Marie Brizard Wine & Spirits (La Martiniquaise-Bardinet)	blend	none			auto	high	https://scotchwhisky.com/whiskypedia/4870/william-peel/	Genuine Scotch whisky (18 Highland/Speyside malts + Lowland grain) blended in Scotland for a French-owned company, best-seller in France; not a French-made whisky. No smoke/peat noted in flavour profile (vanilla, malt, oak). Blend spans regions so region left empty.
wilson	Wilson	blend	GB-SCT				blend	none			unverified	low	https://en.wikipedia.org/wiki/Scotch_whisky	No web presence found this session; assumed ordinary own-label blended Scotch per budget guidance.
wilson-ford	Wilson & Ford	bottler	XX					unknown			auto	low		No web presence confirmed this session (official-looking domains either failed to resolve or served an unrelated parked/mismatched cert page, no Wikipedia article). Naming convention (surname & surname) matches an independent-bottler range.
wilson-morgan	Wilson & Morgan	bottler	IT					unknown			auto	high	https://www.wilsonandmorgan.com/history/	Italian independent bottler based in Treviso, founded 1992 by Fabio Rossi (family import business since the 1920s/60s). Samples name Westport (=Glenmorangie, see that row), Caol Ila, Benrinnes, Bowmore, Glen Moray (all added as distillery/brand rows this batch) and 'Speybridge', which I could not confirm as a real distillery name (checked Speyside Distillery's Wikipedia page for an alt-name match, none found) - left unresolved, no row or alias created for it
wilton-house	Wilton House	blend	GB-SCT			La Martiniquaise		unknown			unverified	low	https://www.spiritradar.com/whisky-db/wilton-house-speyside-single-malt-scotch-whisky-peated-cmi-94227-charenton-france-40-percent-700ml/ https://caskcartel.com/products/wilton-house-10-year-old-highland-single-malt-scotch-whisky-700ml	Private-label range (bottled by First Blending Co / SVS La Martiniquaise) spanning at least Speyside and Highland single malt bottlings under one name; base/default peat level unclear so left unknown - see rule.tsv for the explicit "Peated" bottling
wise-salmon	Wise Salmon	blend	XX					unknown			unverified	low		No web presence found this session; country and style could not be identified.
wolfburn	Wolfburn	distillery	GB-SCT	highland	highland	Aurora Brewing	single malt	none			auto	high	https://www.wolfburn.com/	Thurso, Caithness -- Scotland's most northerly mainland distillery (authority TSV: Highland/Aurora Brewing). Official site confirms the core range (Northland, Aurora, 10yo, 12yo, Langskip -- the sample product in this batch) is unpeated; Morven is the one peated exception (see rule row). Owner name "Aurora Brewing" as given by the authority TSV; unusual for a distillery but not contradicted elsewhere.
wolfe-tone	Wolfe Tone	blend	IE					unknown			unverified	low		Named for the Irish revolutionary; catalogue has both a "single malt" (Beara) and a "blend" (Rich Blend Beara) variant of this brand, so defaultTypeName is left empty and kind is kept as blend (undisclosed single distillery of origin) rather than asserting one. No web presence found this session; "Beara" suggests a West Cork-area connection but this is unconfirmed, so no owner/parentSlug is guessed.
woodford-reserve	Woodford Reserve	distillery	US			Brown-Forman	bourbon	none			auto	high	https://en.wikipedia.org/wiki/Woodford_Reserve	Premium small-batch Kentucky straight bourbon, unpeated. Catalogue brand string is the single word 'Woodford' (sample: 'Woodford Резерв' = Woodford Reserve).
woody-creek	Woody Creek Distillers	distillery	US					none			unverified	low	https://en.wikipedia.org/wiki/Whisky	Basalt, Colorado craft distillery; identity confirmed only via Wikipedia search snippets (William H. Macy and Alberta Premium articles mention it as a Colorado Straight Rye Whiskey producer), no dedicated article opened directly. No peat indication.
wormtub	Wormtub	bottler	GB-SCT					unknown			auto	low		Presumed independent-bottler/single-cask range, named for the traditional worm-tub condenser (a term associated with a handful of old-style Scottish distilleries). No dedicated citation found this session. No distillery is named in its own samples ('Wormtub', 'Wormtub Single Cask - Batch 6'), so no additional distillery row was emitted for it.
writers-tears	Writers Tears	blend	IE			Walsh Whiskey	blend	none			auto	high	https://thewhiskeywash.com/whiskey-styles/irish-whiskey/writers-tears-launches-its-first-irish-single-pot-still-whiskey/ https://www.walshwhiskey.com/our-whiskeys/our-whiskeys-writers-tears/	Marriage of Single Pot Still and Single Malt Irish whiskey; explicitly confirmed non-peated.
yakusun	Yakusun	blend	XX					unknown			unverified	unknown		Samples (Yuzu, Classic, Passion Fruit) read as a flavoured whisky-based drink rather than a conventional Scotch/Japanese whisky; zero Wikipedia search hits. Likely a fantasy/evocative brand name for the Eastern European market rather than an actual Japanese producer -- left fully unknown rather than assume Japan from the name alone.
yamazaki	Yamazaki	distillery	JP			Suntory	single malt	none			unverified	low	https://en.wikipedia.org/wiki/Yamazaki_distillery https://en.wikipedia.org/wiki/Irish_whiskey	Suntory's flagship single malt distillery (Osaka). The Wikipedia article makes no mention of peat or smoke anywhere in its text, consistent with Yamazaki's well-known fruity/sherry-driven house style (contrast sister distillery Hakushu, which has an explicit peated limited line). No sentence directly states 'unpeated', so kept at low confidence.
yamazakura	Yamazakura	blend	JP			Sasanokawa Shuzo	blend	none			unverified	low	https://www.masterofmalt.com/whiskies/yamazakura/yamazakura-blended-whisky/ https://www.thewhiskyexchange.com/p/36505/yamazakura-blended-whisky	Verified distinct from Yamazaki - made at Asaka Distillery by Sasanokawa Shuzo. Malt + grain blend. No explicit peat statement; inferred unpeated from tasting notes (orchard fruit, salted caramel, vanilla) with no smoke mentioned
yellow-edition	Yellow Edition	bottler	GB-SCT			Brave New Spirits		unknown			auto	high	https://www.bravenewspirits.com/news/introducing-our-yellow-edition-range https://www.htfw.com/blair-athol-the-yellow-edition-single-cask-308039-2011-10-year-old-whisky	Independent bottler's single-cask range; releases seen in samples are Teaninich and Blair Athol. Peat varies by underlying distillery - resolve via in-name match.
yellow-rose	Yellow Rose	distillery	US			Yellow Rose Distilling		none			auto	high	https://www.bevnet.com/spirits/2021/yellow-rose-distilling-unveils-harris-county-whiskey/ https://yellowrosedistilling.com/products/	Houston, Texas (founded 2010, Houston's first legal whiskey distillery). Portfolio spans Outlaw Bourbon, Harris County high-rye Bourbon, Premium American and Straight Rye, so defaultTypeName left empty. Standard American mash bills, no peated malt.
yellow-spot	Yellow Spot	brand	IE			Irish Distillers (Pernod Ricard)	single pot still	none	midleton		auto	high	https://en.wikipedia.org/wiki/Green_Spot_(whiskey)	Single pot still Irish whiskey, part of Mitchell & Son's "Spot" range, matured partly in Malaga wine casks; produced by Irish Distillers at (New) Midleton Distillery. No peat; standard Irish pot still.
yellowstone	Yellowstone	blend	US				bourbon	unknown			unverified	low		Believed to be Limestone Branch Distillery / Lux Row Distillers, Bardstown KY, per general trade knowledge; three separate fetch attempts to confirm this failed (404), so left uncited and owner empty rather than asserted; peat unknown per BRIEF.md's no-citation rule
yoichi	Yoichi	distillery	JP			Nikka Whisky Distilling	single malt	medium			unverified	low	https://nonjatta.blogspot.com/search?q=yoichi+peat https://en.wikipedia.org/wiki/Yoichi_distillery	Nikka's original 1934 Hokkaido distillery, coal-fired direct-flame stills; traditionally the peatier/smokier half of Nikka's pair (vs Miyagikyo). Wikipedia's own distillery article is a peat-silent stub; the only citation reachable this session is a Nonjatta blog search hit titled "Yoichi 12 - fruit and peat" -- real but weak evidence. Official Nikka pages, distiller.com, dekanta.com and whisky.com/whiskybase were all blocked (403/404/cert errors) this session. Set medium rather than heavy since Yoichi is generally described as less extreme than Islay's heaviest malts, but a human should re-verify against a stronger source. One of this batch's highest-value rows per the brief.
