15-stars	15 Stars	brand	US				bourbon	none			auto	high	https://15stars.com/first-west/	Fully verified this session (quota-starved before). 15stars.com (opened) states its bourbon is "Blended and Bottled in Bardstown, Kentucky USA" -- confirms countryCode=US. "15 Stars" honors Kentucky as America's 15th state; "First West" is a sub-line name (Explorer/Small Batch/Extra Aged/Toasted Oak), not a separate producer -- both the "15 Stars Platinum" and "15 Stars First West" catalogue samples are bourbon. Corrected kind from blend to brand (bourbon is not a blend) and set defaultTypeName=bourbon. Trade press (not independently opened this session) additionally names founders Rick & Ricky Johnson and contract distillation at Bardstown Bourbon Co. peat=none: no smoke/peat mentioned; bourbon mash bill.
36-south	36 South	brand	AU			Morris of Rutherglen	grain	none			auto	high	https://www.morrisofrutherglen.com/pages/36-south-whisky	Re-verified producer's own page directly this session (confirms Double Grain Whisky, Morris of Rutherglen, Victoria, since 1859, no peat). kind corrected distillery -> brand: 36 South is a whisky label made inside Morris of Rutherglen's existing winery/distillery, not a separate physical distillery.
aber-falls	Aber Falls	distillery	GB-WLS			Halewood Artisanal Spirits	single malt	none			auto	high	https://www.aberfallsdistillery.com	North Wales single malt distillery (first in North Wales since the early 1900s), Station Road, Abergwyngregyn. Re-fetched the official site directly this session: confirms Halewood Artisanal Spirits PLC ownership and the single malt focus; still no peat/smoke mention anywhere on the site. Confidence raised from low to high given this session's direct re-verification of every asserted field.
aberdour	Aberdour	blend	GB-SCT				blend	none			auto	high	https://www.diffordsguide.com/beer-wine-spirits/1275/aberdour-piper	Upgraded to high: "Aberdour Piper" is a genuine, currently-sold Standard/premium Blended Scotch (40% ABV, malt+grain aged min. 3 years) per Difford's Guide; no producer/bottler name found, no peat/smoke mentioned anywhere.
agitator	Agitator	distillery	SE				single malt	unknown			auto	high	https://agitatordistillery.com/en/ https://agitatordistillery.com/en/single-malt-whisky-rok/	Confirmed real Swedish single malt distillery in Arboga via its own domain (agitatordistillery.com, opened). Added defaultTypeName=single malt (the whole range - base, Rok/Rok, Argument series - is single malt whisky; no grain or blended product found). REVIEWER FLAG RESOLVED: 'Agitator Rok' is real and matches 'Rok' (Swedish for smoke) on the official site, which IS a smoky/peated expression - confirmed on the producer's own product page (opened): 'a smooth smokey single malt whisky' with 'flattering peaty notes', matured in ex-Islay and chestnut casks. Wrote a peat rule for pattern 'rok' (peatProfile=light, per independent reviews calling it mild/'far from Islay-level' smoke) - see rule.tsv. The umbrella row's peat stays unknown: whiskynotes.be documents both an unpeated 2019 release and a peated 2020 release under the plain 'Agitator' name, so no single level applies to the base range either.
aikan	Aikan	brand	FR				blend	unknown			auto	high	https://www.aikanwhisky.com/en-extra-collection/	Real, well-documented brand (own site aikanwhisky.com): a blended Scotch whisky aged 3+ years in Scotland, then further matured 2-4 years in Le Lamentin, Martinique in aged-rum and French-oak casks -- "Aikan" is Arawak for "marriage" (of Scotch and Caribbean rum-ageing traditions). countryCode set to FR because Martinique is French territory and the finished, further-aged product is a French-finished whisky, not legally Scotch. peatProfile withheld as unknown: one retailer description of the wider Aikan range lists "smoky" among eight flavour variants, but the Extra Collection's own tasting notes (woody, spicy, chocolate, dry finish) show no smoke and no producer-domain source specifies which SKU, if any, is peated.
ailsa-bay	Ailsa Bay	distillery	GB-SCT	lowland	lowland	William Grant & Sons	single malt	medium			auto	high	https://www.williamgrant.com/Create	Peat claim now corroborated by the producer's own domain (williamgrant.com/Create): "a unique, sweet, smoke single malt peated whisky" at "022 parts peat" (~21-22 ppm on Ailsa Bay's own SPPM/PPPM scale), consistent with medium. Previously only cited via Wikipedia, which would not satisfy the domain-corroboration requirement for a positive peat claim.
alexander	Alexander	brand	IT			Bottega Spa	single malt	none			auto	high	https://www.bottegaspa.com/en/the-collections/whisky-alexander-en/	Fully verified this session, resolving the seed's unconfirmed Italian guess. bottegaspa.com (opened) confirms Alexander Single Malt is distilled by the Bottega family itself (Bibano di Godega di Sant'Urbano, Treviso, Italy) -- Sandro Bottega learned distilling in Brazil in 1985 and built his own whisky; double-distilled, matured a minimum of 4 years in oak, then finished at least 2 more years in barrels that previously held the family's own Chianti/Montalcino(Brunello)/Valpolicella(Amarone) wines. Three cask-finish variants (red wine, Brunello, Amarone) are all single malt, matching the catalogue's "Amarone Cask Finish" sample. Corrected countryCode from XX to IT, kind from blend to brand (this is single malt, self-distilled by Bottega, not a blend), and set defaultTypeName=single malt and owner=Bottega Spa. peat=none: no smoke/peat mentioned across the whole range description.
amahagan	Amahagan	blend	JP			Nagahama Roman Beer Co., Ltd.		unknown			auto	high	https://www.romanbeer.com/whisky/ https://jwhisky.com/distillery/nagahama-amahgan https://www.hombo.co.jp/en/item/whisky/marswhisky/	Owner corrected: Amahagan is the World Malt line of Nagahama Distillery (Nagahama Roman Beer Co, Shiga), NOT Hombo Shuzo/Mars - Amahagan is absent from Mars Whisky's own lineup page. Distillery uses both unpeated German and peated Scottish malt per jwhisky.com, peat varies by release; the World Malt Edition Peated SKU (search-level evidence only) is caught by the global peated keyword rule.
american-distilling-co	American Distilling Co.	bottler	US					unknown			auto	high	https://www.conciere.com/our-products	New row for conciere: bottling company named on Conciere's own product page ("Bottled by American Distilling Co., Mira Loma, CA"), a well/value-spirits line spanning whiskey, rum, gin, vodka, tequila. No further detail confirmed this session beyond the bottling credit.
an-orkney	An Orkney	brand	GB-SCT	islands	highland	Edrington	single malt	light	highland-park		auto	high	https://www.highlandparkwhisky.com/en/collection	Corrected peatProfile medium -> light: Highland Park's own official site self-describes its whole range as "Lightly-Peated & Subtly Smoky Single Malt Scotch Whisky" (page title and body text), not medium. An Orkney is treated as Highland Park's identical liquid under an undisclosed/teaspoon label (Orkney has only two distilleries and the other, Scapa, is wholly unpeated, so a peated "An Orkney" release can only be Highland Park) -- this citation describes the parent distillery's own peat level, not an official Highland Park acknowledgment of "An Orkney" by name.
angels-envy	Angel's Envy	distillery	US			Bacardi Limited		none			auto	high	https://www.angelsenvy.com/	Louisville, Kentucky distillery (Louisville Distilling Co LLC), known for port-cask-finished bourbon. Corrected defaultTypeName from bourbon to empty: the official site (fetched this session) confirms a rye whiskey (finished in Caribbean rum casks) alongside the bourbon range, so not every bottling is bourbon. Bacardi Limited ownership (acquired 2015) now directly confirmed via the official site's own footer/brand-partnership references, replacing the seed round's unconfirmed general-knowledge claim. No peat mentioned anywhere. Confidence raised from low to high.
antiquary	Antiquary	blend	GB-SCT			Tomatin Distillery Company	blend	none			auto	high	https://scotchwhisky.com/whiskypedia/2305/the-antiquary/ https://tomatin.com/blog/antiquary/the-return-of-the-antiquary-a-modern-whisky-revival-in-bold-new-packaging-with-three-exceptional-whiskies/	Confirmed: founded 1857 Edinburgh by J&W Hardie; blend acquired by Tomatin (owned by Takara Shuzo) with the J&W Hardie firm in 1996/97. Flag for reviewer: scotchwhisky.com's Whiskypedia entry says "a dash of Islay malt accounts for its light smokiness", but Tomatin's own current site (2024 relaunch, three cask-finish expressions) states only "the finest Highland and Speyside malts with Lowland grains" and does not mention Islay or smoke at all -- trusted the producer's own, more current statement and kept none rather than asserting the withheld light-peat claim from the older trade source, since that source isn't Tomatin's own domain and conflicts with Tomatin's current copy.
armorik	Armorik	distillery	FR			Distillerie Warenghem		none			auto	high	https://armorik.bzh/en/our-distillery/ https://armorik.bzh/en/our-single-malts/ https://armorik.bzh/en/our-peated-single-malt-whisky/	Core range (Classic, Double Maturation, Sherry Cask) unpeated per the producer's own site and retailers (non tourbe); two peated variants documented on the producer's own domain, covered by rules for Yeun Elez (50ppm Scottish peated malt) and Roch Du (lightly peated). defaultTypeName cleared: Warenghem also makes the WB blend (25% malt, 75% grain). Family-owned, led by David Roussier.
azabu	Azabu	blend	JP				blend	unknown			auto	high	https://www.fromthemalt.com/en/products/azabu-zabu-pure-malt-whisky-700ml https://dekanta.com/products/azabu-pure-malt-whisky	countryCode filled in (was empty): "Azabu Pure Malt Whisky", Product of Japan, bottled 2020, 40% ABV -- a vatted blend of peated malt (aged in bourbon casks) and Scottish malt whisky, finished in sherry casks. peatProfile left unknown/withheld: the peated-malt component is described consistently by retailers (fromthemalt.com) but no producer-own-domain page was found to corroborate a specific level -- withheld peat proposal: contains a peated-malt component per fromthemalt.com.
back-to-black	Back to Black	blend	GB-SCT			Sodiko NV	blend	none			auto	high	https://novus.zakaz.ua/en/products/viski-700ml-velikobritaniia--05414145034311/ https://balticwhiskyshop.com/en/product/the-story-of-back-to-black/	Fully verified this session (quota-starved before). Two independently-opened retail listings agree: novus.zakaz.ua (opened) names it "Blended Scotch whiskey" from "Great Britain," bottled by Sodiko NV (the same Belgian private-label bottler behind this batch's Kentucky Jack); balticwhiskyshop.com (opened) confirms Scotland and a "Light & Floral" honey/vanilla/buttery-biscuit profile with no smoke, crediting "Artisan Spirits Box" as producer (likely the brand-owner/trademark holder commissioning Sodiko as contract bottler -- both names may be correct at different levels, flagging for a human). One retailer (caskcartel.com, opened) contradicts itself, labeling "Origin: Scotland" in its own spec field while pasting templated prose about "Walsh Whiskey Distillery ... Ireland" and "faint smoke notes" -- treated as a templated copy-paste error, not evidence, since it conflicts with its own spec field and with two other independent sources. Confirms countryCode=GB-SCT, owner=Sodiko NV, peat=none.
bagots	Bagots	brand	IE					unknown			auto	high	https://www.bagotswhiskey.com/core-collection	Resolved (seed found nothing): official site (bagotswhiskey.com) confirms Irish whiskey; Core Collection spans Grain Game (grain), Triple Batch (grain+malt blend) and a Single Malt (100% malted barley) -- defaultTypeName stays empty, kind changed blend->brand since the range isn't a single "blend" product. No producer/distillery named on the site (may source from a contract distillery, as is common in Ireland). No peat mentioned; kept unknown rather than none given the single malt line's status is unconfirmed.
bakers	Baker's	brand	US			Suntory Global Spirits	bourbon	none	jim-beam		auto	high	https://www.beamdistilling.com/bakers/bourbon	Confirmed via the producer's own official domain (beamdistilling.com): James B. Beam Distilling Co. (Suntory Global Spirits), Clermont, KY; named after Baker Beam; part of the Jim Beam Small Batch Collection; Kentucky Straight Bourbon, no peat.
ballantines-brasil	Ballantine's Brasil	blend	GB-SCT			Pernod Ricard		unknown			rejected	low	https://www.diffordsguide.com/beer-wine-spirits/4419/ballantines-brasil	Rejected by the verification round: Legally a "Spirit Drink", not Scotch Whisky: 35% ABV (below the 40% Scotch minimum), made with added Brazilian lime peel, vanilla essence and sugar. Produced by George Ballantine & Son Ltd/Pernod Ricard from a Scotch whisky base, but the finished product itself does not qualify as whisky under Scotch Whisky Regulations.. A lime-infused, sweetened Scotch-based "spirit drink" (35% ABV, sugar + vanilla extract added) rather than a standard whisky - FLAG FOR HUMAN REVIEW of categorisation. Base Ballantine's blend is generally light/touch-of-smoke, but given the heavy flavouring/dilution here peat character is uncertain, left unknown rather than inherited
ballina	Ballina	distillery	IE			Terroirs Distillers	single malt	none			auto	high	https://www.thespiritsbusiness.com/2025/11/connacht-distillery-becomes-ballina/ https://www.irishwhiskeymagazine.com/news/latest-news/ballina-irish-single-malt-debuts-first-expressions/	Formerly Connacht Distillery (Co. Mayo, est. 2015), rebranded Ballina in 2025 after acquisition by Terroirs Distillers (also Tullibardine's owner). Directly re-fetched the Irish Whiskey Magazine article this session, confirming the ownership, Co. Mayo/River Moy location and the two debut expressions (Dubailte Double Wood, Triarach Triple Wood), both 100% Irish malted barley. No peat mentioned in either source. Confidence raised from low to high given this session's direct re-verification.
bandwagon	Bandwagon	brand	US				bourbon	none			auto	high	https://www.milerpije.pl/bandwagon-whiskey-nowy-bourbon-na-polkach-biedronki.html	countryCode filled in (was empty): "Bandwagon Original Straight Bourbon Whiskey" (41.3% ABV), USA-labelled, distributed into European retail (Biedronka, Poland) by Sodiko, a Belgian alcohol producer/bottler (est. 1991) that "has no distillery bearing its name" of its own -- i.e. a private-label sourced bourbon rather than a named single distillery. No peat (bourbon).
barclays	Barclays	blend	GB-SCT			Campbell Meyer & Company Ltd	blend	light			auto	high	https://campbellmeyer.com/barclays-blended-scotch-whisky/	Confirmed real own-label blended Scotch (not the bank) by Campbell Meyer & Company Ltd, East Kilbride, Scotland -- verified on their own product page, which also states peatProfile=light ("a trace of peat smoke, suggesting some Islay malt has been used", "hint of smoke in the finish"), satisfying producer-domain corroboration for the positive peat claim.
barry-bernard	Barry Bernard	blend	IT			Polini Group Italia srl		unknown			auto	high	https://winestore.com.ua/uk/malt-blended/15113/ https://maudau.com.ua/product/viski-barry-bernard-3yo-blended-whisky-40-07-l https://polinigroup.com/en/the-group/	Italian private-label export brand for the Ukrainian market, manufactured by Polini (Bergamo, ~150 registered private labels) - attribution consistent across every Ukrainian retail listing, though Polini's own site does not showcase the brand. Base 3yo is a genuine blended whisky; Honey and Spicy variants are whisky-based flavored drinks, so defaultTypeName stays empty. Retailer copy conflicts on smoke (maudau says smoky-peaty, winestore floral-fruity), so peat stays unknown; withheld peat proposal: light per retailer copy only.
barts	Bart's	blend	IE			Lough Ree Distillery	blend	unknown	lough-ree		auto	high	https://www.whiskymag.com/tastings/barts-blended-irish-whiskey/	Corrected: real blended Irish whiskey, core release of Lough Ree Distillery (Lanesborough, Co. Longford) sold ahead of their own single malt maturing -- new row lough-ree added, parentSlug set. A search summary described the blend as including "peated malt" among grain/pot-still components, but Whisky Magazine's tasting notes (opened this session) show no smoky/peaty character at all, so peatProfile kept unknown rather than asserted; withheld peat proposal: possibly light if the peated-malt component is confirmed material, per an unopened secondary source.
bastille	Bastille	brand	FR					unknown	maison-daucourt		auto	high	https://bastillewhisky.com/en/ https://daucourt.com/en	Corrected kind to brand (spans single malt and blended releases, not one blend recipe). Confirmed via the producer's own domain: made by Maison Daucourt, a French spirits house ("four generations of Charente expertise"), founded by Edouard Daucourt in 2010, produced entirely in France -- new row maison-daucourt added (also makes D.U.C, see d-u-c row), parentSlug set. No peat/smoke mentioned. The seed's note that "Daucourt" was "only a French surname, not a spirits company" was wrong -- Maison Daucourt is exactly the company behind this brand.
bayadera	Bayadera	blend	UA					unknown			rejected	unknown	https://bayadera.ua/product/kokteylnyy-nabor-penicillin-penicillin-11-porc	Rejected by the verification round: Not a whisky producer: "Bayadera" in this catalogue is BAYADERA.UA's own retail gift-set line (breadcrumb: Vis'ki / BAYADERA), specifically cocktail kits -- "Penicillin (11 servings)" bundles a bottle of Johnnie Walker Red Label plus a small bottle of Talisker with honey/ginger-syrup/lemon-juice mixers so the buyer can make the Penicillin cocktail at home, and "Whiskey and Apple Juice" is the same style of mixer-plus-spirit gift set. This is a retailer's own-brand product bundle, not a whisky brand or producer -- distinct from the codebase's existing bayadera store row.. Could not identify what this producer actually is. Samples ("Whiskey and Apple Juice", "Penicillin (Пеніцилін) 11 порцій") read as a flavoured/cocktail-kit product line (Penicillin is a well-known Scotch cocktail) rather than a conventional whisky brand; no dedicated Wikipedia article found. REVIEWER FLAG: this is a different entity from the "bayadera" store already in this codebase (a Ukrainian retailer) - no technical collision since producers and stores are separate tables, but worth a human sanity check on whether these SKUs belong in the whisky KB at all.
beara	Beara	distillery	IE					unknown			auto	high	https://www.thebearadistillery.ie/beara-distillery-whiskey/beara-black-cask-blend-irish-whiskey/	Corrected kind from blend to distillery: Beara Distillery Ltd, Castletownbere Commercial Park, Co. Cork, Ireland. Makes single malt, single grain AND the Black Cask Blend (matches both catalogue samples exactly), so defaultTypeName left empty (multi-type range). No peat/smoke mentioned in the official description (toasted oak, malt, fruit, spice notes only).
beara-distillery	The Beara Distillery	distillery	IE					none			auto	high	https://www.thebearadistillery.ie/wolfetone/	New row for wolfe-tone (parentSlug). Irish whiskey (and poitin) distillery in Castletownbere, Co. Cork (Beara Peninsula), Ireland; makes the Wolfe Tone range. No peat evidence.
beauchamp	Beauchamp	distillery	FR			Les Bienheureux		unknown			auto	high	https://www.whisky.fr/en/beauchamp-triple-grain.html	Corrected: countryCode filled FR (was empty) and kind confirmed distillery -- produced by Les Bienheureux SAS, St Andre de Cubzac, France, who distil in Charentais pot stills and column stills ("reindustrializing French whiskey production"). Also makes a "Pur Malt" (single malt) expression besides Triple Grain, so defaultTypeName left empty rather than "grain". A secondary source (not opened this session) described Triple Grain as "not peated", but the whisky.fr product page itself (opened) makes no peat/smoke statement, so peatProfile kept unknown rather than asserted as none.
beinn-dubh	Beinn Dubh	brand	GB-SCT	speyside	speyside	Speyside Distillery	single malt	none	speyside-distillery		auto	high	https://speysidedistillery.co.uk/products/BEINN-DUBH-single-malt	Major correction -- NOT a generic own-label blend. Beinn Dubh is a single malt brand of the Speyside Distillery (Kingussie/Cairngorms area), confirmed via the producer's own domain (speysidedistillery.co.uk); "Beinn Dubh" is Gaelic for "Black Mountain" (Ben Macdui), finished in toasted ruby port casks from Portugal. No peat mentioned. kind corrected blend -> brand, defaultTypeName set to single malt, region/legalRegion set to speyside, parentSlug set to the already-live speyside-distillery slug.
bell-rock	Bell Rock	brand	US			Global Spirits		unknown			auto	high	https://globalspirits.com/usa/brand/bell-rock https://globalspirits.com/usa	Corrected kind to brand: Bell Rock American Whiskey is one of several brands (also Cumberland Falls Bourbon, plus vodka/gin/rum/tequila) owned by Global Spirits, a large European alcohol holding (Khortytsa Distillery, Odessa Cognac Factory); the liquid itself is made at a family-owned distillery in Florida. Four flavored/plain expressions (American Whiskey, Apple & Honey, Butterscotch Bourbon, Cinnamon), so defaultTypeName left empty. No peat/smoke mentioned.
bercloux	Bercloux	distillery	FR					unknown			auto	high	https://privatewhiskysociety.com/distillerie-bercloux/ https://bercloux.fr/index.php/hstory/	Confirmed real: Distillerie de Bercloux, founded 2002 by Philippe Laclie in the Cognac region of Charente-Maritime, France (16 Rue de la Mairie, Bercloux) -- began offering Single Malt Bercloux in 2016, confirmed via the distillery's own site (bercloux.fr) and a whisky retailer's history page. Corrected kind from blend to distillery (a real, named, operating French distillery, not an undisclosed-origin label). Third-party sources describe "future" peated/smoked whiskies as merely planned circa 2018; no producer-domain confirmation that a peated release exists today, so kept unknown rather than asserted.
bernheim	Bernheim	brand	US			Heaven Hill		none	heaven-hill		auto	high	https://heavenhilldistillery.com/bernheim-straight-wheat-whiskey.php https://en.wikipedia.org/wiki/Bernheim_Original	Confirmed via Heaven Hill's own product page (corrected the seed's unrelated Irish-whiskey Wikipedia link): Bernheim Original is a 7-year-old Kentucky Straight Wheat Whiskey made at Heaven Hill's Bernheim plant in Louisville -- "the first new style of American whiskey since Prohibition." defaultTypeName stays empty (wheat whiskey has no match in the closed list). peatProfile=none: no peat/smoke on the producer's own page; American-whiskey convention (not a positive claim, so no domain corroboration required).
beverbach	Beverbach	distillery	DE			Hardenberg-Wilthen AG	single malt	unknown			auto	high	https://hardenbergdistillery.com/produkte/single-estate-whiskey/	Verified via producer's own site: Beverbach is the single malt of Hardenberg Distillery (Hardenberg-Wilthen AG), Noerten-Hardenberg, Germany; pot-still double distillation, locally-sourced barley. Corrected kind blend->distillery: every sample (Craftbeer/Mizunara/Sherry/Tequila/Tri Cask) is a cask finish of the same single malt, not a blend. No peat mentioned across any expression on the official site; kept unknown rather than none since an unconfirmed retailer note mentioned a faint smoke character the producer's own copy never corroborates.
bib-tucker	Bib & Tucker	brand	US			Deutsch Family Wine & Spirits	bourbon	none			auto	high	https://bibandtuckerbourbon.com/our-process/ https://oakr.com/bib-tucker-bourbon-ndp-guide/	Confirmed via the brand's own site (bibandtuckerbourbon.com): small-batch bourbon aged a minimum of 6 years in Tennessee, corn/rye/barley mash bill, matching the sample "Bib&Tucker Small Batch." Owner corrected via oakr.com's deep-dive: Deutsch Family Wine & Spirits owns it as a non-distiller producer sourcing Tennessee bourbon (widely attributed to Cascade Hollow/George Dickel, though officially undisclosed, so no distillery asserted). Kind corrected from blend to brand. peatProfile=none, no peat/smoke on the producer's own page; American-bourbon convention.
big-moustache	Big Moustache	brand	US			BBC Spirits (Bogdan and Bertrand Company)		none			auto	high	https://flaviar.com/products/big-moustache-tennessee-whiskey-750 https://bartenderspiritsawards.com/en/blog/producer-profiles-2506/bogdan-and-bertrand-company-bbc-the-only-trusted-and-world-wide-distribution-channel-for-wines-and-spirits-174.htm https://sklep-domwhisky.pl/product-eng-30869-Big-Mustache-100-PROOF-Tennessee-Whiskey-50-0-7l.html	Fully verified this session (never searched before -- quota). Big Moustache is a Tennessee whiskey + American single malt brand from BBC Spirits (Bogdan and Bertrand Company, Bordeaux, France; founded 2010 by Bogdan Tanasoiu and Bertrand Fradin), distilled/bottled in the US -- flaviar.com states "made and bottled in Tennessee" via the Lincoln County maple-charcoal process, and sklep-domwhisky.pl names the actual distiller as "Tennessee Distilling Co." Corrected kind from blend to brand (Tennessee whiskey and single malt are not blends) and countryCode from the catalogue's inconsistent DE/US majority-vote to a confirmed US (production origin); BBC Spirits is a French marketer of an American-made spirit. defaultTypeName left empty: the portfolio spans Tennessee whiskey and American single malt. peatProfile=none: sources describe "slightly smoky"/"a distant trace of smoke" tasting notes explicitly attributed to the maple-charcoal mellowing (Lincoln County Process), not peated malt -- no peat mentioned anywhere.
billy-bong	Billy Bong	brand	US			Les Producteurs Réunis		none			auto	high	https://billy-bong.com https://www.lesproducteursreunis.com/product/billy-bong-straight-bourbon	Corrected: real cowboy-themed brand with its own site (billy-bong.com), owned by Les Producteurs Réunis (French spirits company) per their own product listing, which states the Straight Bourbon's origin as "US." The brand also carries a separate "Billy Bong American Whiskey" line, so defaultTypeName is left empty (spans more than one type) rather than the seed's "bourbon". Kind corrected from distillery to brand (no distillery of its own; sourced/bottled for the brand owner). peatProfile=none: no peat/smoke mentioned anywhere; American-whiskey convention.
black-bull	Black Bull	blend	GB-SCT			Duncan Taylor	blend	none			auto	high	https://www.whiskyshop.com/black-bull-peated-edition	Confirmed via The Whisky Shop and a second retailer (Bondston), both fetched this session: Black Bull is Duncan Taylor's own Blended Scotch Whisky brand. Core range (Black Bull, Kyloe, Kyloe Sherry Finish) reads unpeated -- kept none. The catalogue's "Black Bull Peated Finish" sample is real (Duncan Taylor also sells a "Kyloe Peated"/"Peated Edition" SKU, both retailers independently describe it as heavily peated -- "very heavily peated", "a big blast of dry smoke"), but Duncan Taylor's own site (duncantaylor.com) is JS-rendered and returned no extractable text across three attempts this session, so withheld peat proposal: heavy, per whiskyshop.com/black-bull-peated-edition and bondston.com/black-bull-peated-p13853 -- no rule.tsv row added since neither citation is the producer's own domain and Duncan Taylor is not Islay-based; flag for a reviewer who can browse duncantaylor.com/en-GB/kyloe-peated directly.
black-velvet	Black Velvet	distillery	CA			Heaven Hill		none			auto	high	https://globalnews.ca/news/6110640/black-velvet-canadian-whisky-lethbridge-new-ownership-november/	Confirmed via globalnews.ca (opened): own distillery in Lethbridge, Alberta; Heaven Hill Brands purchased it effective 1 November 2019 (from Constellation Brands). No peat mentioned; Canadian whisky has no peat tradition. defaultTypeName kept empty - Canadian blended whisky has no clean match in the closed type list.
blackadder	Blackadder	bottler	GB-SCT					unknown			auto	high	https://blackadder.com https://en.wikipedia.org/wiki/Blackadder_(whisky_bottler)	New row for blairfindy. Independent bottler of single malt Scotch whisky, family-run, founded 1995 by Robin Tucek and John Lamond (named after the historic Bishop John Blackadder); signature range is "Raw Cask" (cask-strength, unfiltered, containing cask sediment). Confirmed via the bottler's own site and Wikipedia. No single house style or peat default (bottles casks from many distilleries).
blairfindy	Blairfindy	brand	GB-SCT	speyside	speyside		single malt	none	glenfarclas	blackadder	auto	high	https://wordsofwhisky.com/?s=Blairfindy https://blackadder.com https://en.wikipedia.org/wiki/Blackadder_(whisky_bottler)	Resolved (the seed correctly spotted the Speyside/Glenlivet-area toponymy but stopped short of the producer): "Blairfindy" is Blackadder's substitute name for single malt Glenfarclas -- confirmed via wordsofwhisky.com (opened this session): "Glenfarclas isn't too keen on independent bottlers using their name...Blairfindy is what Blackadder settled on," corroborated by whiskybase's own brand summary and multiple auction listings titled "Glenfarclas 'Blairfindy'." parentSlug set to the already-live glenfarclas. bottlerSlug set to a new row, blackadder (Blackadder International Ltd, family-run independent bottler of single malt Scotch, est. 1995, whose signature "Raw Cask" series matches this batch's sample name exactly -- confirmed via the bottler's own site and Wikipedia). Corrected kind to brand and defaultTypeName to single malt (sources consistently call it single malt, not a blended-malt teaspoon). peatProfile=none per Glenfarclas's well-documented unpeated Speyside sherry-cask house style (also consistent with a whiskybase reviewer's comment that this bottling "destroys peaty whisky").
blue	Blue	blend	XX					unknown			unverified	low		Single generic colour-word name, below the 5-character alias floor regardless of outcome. Searched for a possible "Johnnie Walker Blue Label" truncation/shorthand explanation; found no evidence this catalogue entry specifically refers to that product, so left unidentified. Cleared the seed's unevidenced GB-SCT guess. Kept as a minimal row only so the (necessarily brand-scope) alias exists; it will not resolve in-name given the length floor.
bold-thady	Bold Thady	blend	IE				blend	none			auto	high	https://thinkboldstudio.com/our-work/portfolio/bold-thady	Upgraded from the seed's guesswork: confirmed via the bottle designer's own case-study page (thinkboldstudio.com, opened this session) that Bold Thady Irish Whiskey is a real commercial product, "a blend of the finest grain and malt," triple distilled and married in first-fill bourbon casks -- matches the sample "Bold Thady Bourbon Casks Matured" exactly. Name-origin guess (the folk song "Bold Thady Quill") is confirmed on the same page. No specific distillery/bottler company identified. peatProfile=none, no peat/smoke in the recipe description; ordinary Irish blend.
bombergers	Bomberger's	brand	US				bourbon	none	michters		auto	high	https://michters.com/whiskeys/bombergers-declaration/ https://en.wikipedia.org/wiki/Bomberger%27s_Distillery	Confirmed via Michter's own product page: Bomberger's Declaration is a genuine Michter's Legacy Series release (108-proof Kentucky Straight Bourbon, aged in Chinquapin and Hungarian oak), validating the seed's parentSlug=michters (already live). Note for a reviewer: Wikipedia's Bomberger's Distillery article separately describes an unrelated modern "Bomberger's"-branded blend from Heritage Spirits/Thistle Finch Distillery (Lancaster, PA) that is NOT this product -- two different companies revived the name independently. peatProfile=none, no peat/smoke on Michter's own page; American-bourbon convention.
bonailie	Bonailie	brand	GB-SCT	lowland	lowland		malt	none	bladnoch		auto	high	https://caskcartel.com/products/bonailie-blended-malt-scotch-whisky-700ml	Confirmed (the seed's "believed, not confirmed" is now settled): Bonailie Blended Malt Scotch Whisky is "produced by the team at the Bladnoch distillery in the Lowlands" (caskcartel.com, opened this session, cross-checked against a Master of Malt snippet naming Bladnoch too). parentSlug set to the already-live bladnoch. Corrected kind to brand and defaultTypeName to malt (blended malt specifically, not the seed's generic "blend"). "Bonailie" is Scottish Gaelic for a parting drink. peatProfile=none, no peat/smoke mentioned; matches Lowland's characteristically light, unpeated style.
boone-county	Boone County	distillery	US					none			auto	high	https://boonedistilling.com https://en.wikipedia.org/wiki/Bourbon_whiskey	Confirmed: Boone County Distilling Co., Independence, Boone County, Kentucky ("Born in 1833 - Reborn in 2015") -- verified via the distillery's own site (previously only assumed from general knowledge). Its homepage describes itself as making Kentucky bourbon; a third-party site additionally claims a rye line, so defaultTypeName is left empty rather than asserting bourbon uniformly. peatProfile=none rests on the well-established bourbon-category fact (no peat-smoking step in bourbon production), confirmed by re-reading the Wikipedia bourbon article this session, not on a brand-specific statement.
boulder	Boulder Spirits	distillery	US			Vapor Distillery (Alastair Brogan)		none			auto	high	https://boulderspirits.com/ https://boulderspirits.com/about-us	Colorado craft distillery (Vapor Distillery, ex-Roundhouse Spirits); range spans American single malt, bourbon and gin so defaultTypeName stays empty. Core range carries no peat language on the producer's own pages; the one Peated Malt SKU is a named exception the global peated keyword rule already catches. none is inferred from that naming split, not from an explicit unpeated statement.
boulevardier	Boulevardier	blend	XX					unknown			rejected	unknown	https://tiptopcocktails.com/products/boulevardier	Rejected by the verification round: "Boulevardier" is a classic bourbon/Campari-vermouth cocktail name, not a whisky brand -- multiple unrelated ready-to-drink/canned-cocktail brands (Tip Top Cocktails, Barrelsmith, Starward) each sell their own "Boulevardier" bottled cocktail (whiskey + vermouth + bitters), so the catalogue's bare "Boulevardier" entry is a bottled cocktail mis-filed as whisky, not an identifiable whisky producer.. Single generic product line with no other qualifier; "Boulevardier" is otherwise a classic bourbon/Campari/vermouth cocktail name, so this may be a bottled RTD cocktail mis-filed under whisky rather than an actual whiskey brand (same concern as Ice Drive, see final report) rather than a whiskey brand -- left fully unknown.
bouteille	Bouteille	blend	XX					unknown			unverified	low		Ran two searches this session (as a French whisky brand; against Ukrainian retailers winestyle/zakaz); found nothing but French-whisky-market overviews naming other brands (Armorik, Bellevoye, Rozelieures, Brenne), none called Bouteille. "Bouteille" is simply French for "bottle" -- most likely a scraping/label artifact (a generic word mistaken for a brand), as the seed row already suspected, rather than a genuine brand. Cleared the seed's unevidenced FR guess since nothing ties this specifically to a French product; flagged for human review of the underlying catalogue entry rather than skipped outright.
bradan-orach	Bradan Orach	brand	GB-SCT	speyside	speyside	Inver House Distillers	single malt	none	speyburn		auto	high	https://en.wikipedia.org/wiki/Speyburn_distillery https://www.speyburn.com/ https://thewhiskeywash.com/scotch-whiskey/from-mild-to-wild-understanding-peat-levels-in-scotch-whisky/	Confirmed: Bradan Orach is Speyburn's NAS entry-level single malt (named in its Wikipedia awards section), Speyburn is Inver House Distillers' Rothes, Moray (Speyside) distillery. Speyburn's own site (fetched) markets it as 'smooth' with no peat mentioned; peat=none per the verified regional convention that Speyside distilleries are typically unpeated. Confidence raised to high (was low in the seed) now that the parent distillery's own site has been checked.
brave-new-spirits	Brave New Spirits	bottler	GB-SCT					unknown			auto	high	https://www.masterofmalt.com/whiskies/brave-new-spirits/blood-moon-13-year-old-spirit-of-voodoo-whisky/ https://www.masterofmalt.com/whiskies/brave-new-spirits/mask-of-death-10-year-old-spirit-of-voodoo-whisky/	new row for spirit-of-voodoo. Glasgow-based independent bottler and blender of Scotch whisky (single malts, single grain and blends), releasing the "Spirit of Voodoo" range among others. Spans multiple distilleries/regions with no single peat or type default.
breckenridge	Breckenridge Distillery	distillery	US				bourbon	none			auto	high	https://www.breckenridgedistillery.com/spirits/breckenridge-bourbon/	Confirmed via official product page: Breckenridge Distillery, Breckenridge CO, high-rye bourbon (56% corn/38% rye/6% malted barley) aged in charred new American oak. Range (Blend, Distiller's High Proof, Port/PX/Rum cask finishes) is bourbon-based throughout; no peat mentioned, consistent with standard US bourbon kilning (no peat).
brenne	Brenne	distillery	FR			Local Infusions LLC (Samson & Surrey)	single malt	unknown			auto	high	https://www.brennewhisky.com/	Re-verified this session (was already high-quality in the seed): 100% organic, seed-to-spirit French single malt distilled in Cognac, founded by Allison Parc, now owned by Local Infusions LLC (a Samson & Surrey company). No peat/smoke mentioned; confidence raised from low to high since the identity/facts are directly confirmed on the producer's own domain.
buchanans	Buchanan's	blend	GB-SCT			Diageo	blend	none			auto	high	https://en.wikipedia.org/wiki/Buchanan%27s	Re-verified this session (opened Wikipedia directly): "Buchanan's is a brand of Scotch whisky produced by Diageo in Scotland," established 1884 by James Buchanan & Co. Matches the seed exactly; confidence raised from low to high since the citation is now personally confirmed. peatProfile=none, no peat or smoke character mentioned.
bud-spencer	Bud Spencer	brand	DE					none	st-kilian		auto	high	https://www.stkiliandistillers.com https://www.aquavitae.shop/en/st-kilian-bud-spencer-the-legend-mild-blended-malt-whisky-germania	Corrected: real German whisky, a licensed collaboration with actor Bud Spencer, produced by St. Kilian Distillers, Ruedenau, Germany -- new row st-kilian added, parentSlug set, countryCode corrected to DE (was XX). This batch's un-suffixed samples ("The Legend", "The Legend Mini") match St Kilian's "Legend Mild Blended Malt" expression, explicitly described by a retailer as harmonizing "the non-peated blend of grains" -- peatProfile=none. St Kilian separately also sells a smoky "Legend Rauchig Single Malt" and a stand-alone "St. Kilian PEATED" bottling; flagging for reviewer in case the 0.05L "Mini" ever turns out to be a mini of the Rauchig line rather than of the Mild one. defaultTypeName left empty since the brand's range spans both "blended malt" (Mild) and "single malt" (Rauchig) labels.
burnside	Burnside	blend	GB-SCT	speyside	speyside		malt	none	balvenie		auto	high	https://maltfascination.com/category/burnside https://en.wikipedia.org/wiki/Balvenie_distillery	Corrected bottlerSlug: removed (was cadenhead) -- maltfascination.com (opened) confirms "Burnside" is a shared teaspoon pseudonym for Balvenie (with a touch of Glenfiddich) used by AT LEAST five different independent bottlers (Cadenhead's, Whisky Center, Archives, Berry Bros & Rudd, C. Dully Selection), not Cadenhead exclusively -- this batch's own second sample ("Scyfion Burnside 1999") independently confirms a sixth bottler, Scyfion, also uses it. parentSlug=balvenie kept (solidly confirmed). Corrected kind to blend and defaultTypeName from "single malt" to "malt": teaspooning legally requires the "blended malt" declaration, it is never sold as single malt. peatProfile=none reflects Balvenie's famously unpeated standard range; flag for reviewer: Balvenie has released occasional official "Peated Cask"/"Triple Cask...Peated" special editions per Wikipedia, so this is a house-style default rather than a guarantee no Burnside cask ever drew on peated stock -- no evidence found that any did.
caisteal-chamuis	Caisteal Chamuis	brand	GB-SCT	islands	highland	Mossburn Distillers	malt	heavy	torabhaig		auto	high	https://torabhaig.com/collections/caisteal-chamuis https://torabhaig.com/collections/caisteal-chamuis/products/caisteal-chamuis-blended-malt-scotch-whisky	Major correction: this is a PEATED blended malt range, produced by Torabhaig Distillery (Skye) itself, owned by Mossburn Distillers -- confirmed directly on torabhaig.com, whose collection page describes the whole range as peated and smoky with a rugged Hebridean character, and whose entry-level bottling page states "heavy Island peat notes". parentSlug=torabhaig added (Torabhaig is already a live KB row) alongside owner=Mossburn Distillers. region=islands/legalRegion=highland per the market-vs-legal Skye pattern (same as Talisker/Highland Park/Tobermory/Jura/Arran). defaultTypeName=malt (all three listed expressions -- standard, 12yo, 15yo -- are "Blended Malt Scotch Whisky"). A further-elevated "12 Year Old Heavily Peated Oloroso Finish" line extension also exists; if the catalogue ever carries it as a distinctly named product it should get its own row rather than share this one.
canadian-club	Canadian Club	blend	CA			Suntory Global Spirits	blend	none			auto	high	https://www.canadianclub.com/our-process https://en.wikipedia.org/wiki/Canadian_Club	Producer's own process page states the full grain bill (corn base plus rye, rye malt, barley malt) with no peat anywhere. Brand owned by Suntory Global Spirits since 2011; the Windsor plant itself passed to Pernod Ricard in 2005 and produces under contract.
canmore	Canmore	brand	GB-SCT				single malt	unknown		charles-edge	auto	high	https://charlesedge.com/blogs/journal/canmore-the-warrior-spirit	Corrected: this is an independently-bottled single malt Scotch brand (NAS, 12 Year Old, and limited single-cask releases from named distilleries such as Ardmore and Bunnahabhain) from Charles Edge London, an independent bottler -- new row charles-edge added (kind=bottler), bottlerSlug set. The name does reference the historic King Malcolm III "Canmore" line as the seed guessed. defaultTypeName=single malt (every known expression is single malt). peatProfile kept unknown: single-cask sources vary (e.g. Ardmore is lightly peated Highland, Bunnahabhain's core range is unpeated), so no uniform level can be asserted for the brand.
carpathian	Carpathian	blend	RO			Alexandrion Group	single malt	none			auto	high	https://carpathian-singlemalt.com/the-range	Resolved (seed found nothing): Carpathian is Romania's first single malt whisky, produced at Alexandrion Saber 1789 Distilleries (Alexandrion Group) along the Carpathian Mountains; master distiller Allan Anderson. Corrected kind blend->distillery is NOT applied here since this is a bottler/estate brand of the Alexandrion group rather than a single named distillery site in sources found -- kept kind=blend per input but flagged: every product found is single malt, various cask finishes (Shiraz, Palo Cortado, Madeira, Bourbon, Port). Official range page: a distinct, separately-marketed "medium peated" collection uses Belgian malt smoked with Scottish peat -- baseline (including this batch's Shiraz/Palo Cortado samples) kept none, with a "peated" pattern rule added for any SKU naming it (see rule.tsv), corroborated on the producer's own domain.
cask-orkney	Cask Orkney	brand	GB-SCT	islands	highland		single malt	light		dewar-rattray	auto	high	https://www.adrattray.com/our-whisky/casks-of-scotland https://www.adrattray.com/our-story	Confirmed via the bottler's own site (adrattray.com, opened this session): Cask Orkney 15 Year Old is "a lightly peated single malt, capturing the spirit of Orkney" from A.D. Rattray's Casks of Scotland collection -- source distillery deliberately undisclosed (parentSlug left blank), matching the Secret Orkney pattern (Orkney has only two distilleries, Highland Park and Scapa; Scapa releases no independent bottlings). peatProfile=light satisfies the gate via direct bottler-domain corroboration. bottlerSlug set to the already-live dewar-rattray: A.D. Rattray's own "Our Story" page confirms the company was founded by Andrew Dewar Rattray in 1868, run today by the Morrison family -- the same entity as "A Dewar Rattray." Corrected kind to brand.
catchers-rye	Catcher's Rye	brand	US			Two James Spirits	rye	none			auto	high	https://twojames.com/our-spirits/catchers-rye-whiskey	Identified via the producer's own site (twojames.com): Catcher's Rye Whiskey is made in-house by Two James Spirits, Corktown, Detroit, Michigan ("the first legal distillery in Detroit since Prohibition" per The Whiskey Wash, cross-checked, and consistent with Whiskybase's brand entry dated 2016) -- 100% Michigan rye mash, no barley. Corrected kind from blend to brand and set owner. Flag for reviewer: a separate, internally-inconsistent article (glassandnote.com) describes an unrelated "Catcher's Rye" story (Michter's-contracted, Pennsylvania, "Catcher's Spirits LLC," 2021 launch) that contradicts every other source checked, including the producer's own page -- disregarded as unreliable. peatProfile=none, no peat/smoke on the producer's page; American-rye convention.
catoctin-creek	Catoctin Creek	distillery	US				rye	unknown			auto	high	https://catoctincreekdistilling.com	Confirmed via the distillery's own site (was previously unresearched, working from general knowledge only): Catoctin Creek Distilling Company, Purcellville, Loudoun County, Virginia, founded 2009, "The Virginia Rye Whisky", Roundstone Rye flagship -- matches both catalogue samples. defaultTypeName=rye confirmed (their whisky range, as opposed to gin/brandy, is rye-only). No peat/smoke mentioned on the official site; kept unknown rather than asserting none since American rye whiskey has no blanket no-peat guarantee as strong as bourbon's.
cattos	Catto's	blend	GB-SCT			Inver House Distillers	blend	none			auto	high	https://scotchwhisky.com/whiskypedia/2588/inver-house-distillers/	Resolved the seed's own flag: scotchwhisky.com's Inver House Distillers page (re-fetched this session) explicitly lists "Catto's Blended Scotch Whisky" among Inver House's brands (created by James Catto, Aberdeen, 1861; head office Airdrie; Inver House owned by International Beverage Holdings/ThaiBev since 2001/2006) -- ownership now directly confirmed rather than "trade knowledge". peatProfile=none kept as a category default for an ordinary blend; no Catto's-specific peat statement found.
cedar-ridge	Cedar Ridge	distillery	US					none			auto	high	https://cedarridgedistillery.com/ https://cedarridgedistillery.com/whiskey/ https://cedarridgedistillery.com/whiskey/special-release-whiskeys/	Found the current live domain this session (cedarridgedistillery.com loads cleanly via browser -- no 403/parking). Iowa's first distillery, 1441 Marak Rd, Swisher, Iowa. Confirms an Iowa Straight Bourbon / rye / American single malt range, so defaultTypeName stays empty (matches the catalogue's own Bourbon + Wheat samples). peatProfile=none for the mainline (Iowa Straight Bourbon, Wheat whiskey -- corn/wheat/rye mash bills, never peated malt), but flagging for a human: the distillery's own "Special Release"/"Single Cask Series" American-single-malt page lists a one-off "Peated Malt in Amontillado Sherry" release -- not represented by any of this row's catalogue sample names (Cedar Ridge / Cedar Ridge Iowa / Cedar Ridge Wheat), so left out of scope rather than added as a rule.
celtic-revival	Celtic Revival	brand	GB-SCT	speyside	speyside		single malt	none	linkwood	brave-new-spirits	auto	high	https://www.bravenewspirits.com	Corrected substantially: NOT Irish whiskey (the seed's assumption from the "Celtic" name was wrong). Celtic Revival is a 12-year-old Single Malt SCOTCH Whisky from Linkwood Distillery (Speyside, already live), bottled by Brave New Spirits (Glasgow-based independent bottler, new bottlerSlug row added, see below) -- confirmed via the bottler's own site (bravenewspirits.com, opened this session), which also lists an IWSC 2023 Silver Award. No peat/smoke mentioned; matches Linkwood's well-known light, floral, unpeated Speyside house style.
chapter-7	Chapter 7	bottler	GB-SCT			Selim Evin		unknown			auto	high	https://chapter7whisky.com/pages/about-us https://topwhiskies.com/blogs/whisky-blog/selim-evin-chapter-7	new row for prologue. Independent bottler founded 2014 by Selim Evin (inspired by his Scottish grandfather); opened its own bottling facility in Glasgow in 2022, relocated to Burnobennie Distillery, Banchory (Scottish Highlands) in October 2025. Multiple ranges (Monologue, Anecdote, Chronicle, Prologue, Simple Malt, Rebel, Four Angels, Peat Legends) span both peated and unpeated whisky from many distilleries/regions, so no producer-level peat or type default applies.
charles-edge	Charles Edge	bottler	GB-ENG					unknown			auto	high	https://charlesedge.com/blogs/journal/canmore-the-warrior-spirit	New row for canmore: independent bottler and blender of Scotch whisky, "Charles Edge London"; also runs the London Square (gin) and Scots Gold brands. countryCode set to GB-ENG for the company's own registered base (London); its whisky output is entirely Scotch sourced from Scottish distilleries -- flag for reviewer if the KB's convention for Scotch-only English bottlers differs (e.g. codes such companies GB-SCT instead, matching the product rather than the office).
charlie-parrys-mallows	Charlie Parry's Mallows	brand	GB-WLS			Mallows Beverages		none			auto	high	https://mallowsbeverages.com/collections/charlieparrys	Major correction: "Mallows" is NOT a marshmallow-flavor descriptor -- it is Mallows Beverages, a real Welsh spirits company, and "Charlie Parry's" is "the first Welsh bourbon" (born in America, aged/finished in Wales). countryCode corrected to GB-WLS (was US); owner=Mallows Beverages added. The range spans straight bourbon (3 Year Old, Blended) and flavored bourbon liqueurs (honey, coffee, chocolate, cinnamon, apple, berry), so defaultTypeName left empty. peatProfile=none per the bourbon-style category default; no peat/smoke mentioned.
chichibu	Chichibu	distillery	JP			Venture Whisky Ltd	single malt	unknown			auto	high	https://en.wikipedia.org/wiki/Chichibu_distillery https://88bamboo.co/blogs/brand-spotlights/the-story-of-how-the-little-chichibu-distillery-came-to-be-the-most-sought-after-japanese-whisky-in-the-world-part-2	Confirmed via Wikipedia and 88bamboo.co (both re-fetched this session): Chichibu distillery, Saitama Prefecture, Japan, operated by Venture Whisky Ltd; single malt. 88bamboo.co: a quarter of the malt is peated (~45ppm, Ardbeg-level), three-quarters unpeated, and releases often vat both together. No reliable per-bottling signal from names alone (On The Way, Paris Edition, Red Wine Cask), so peat stays unknown rather than guessed.
civitas	Civitas	brand	MD					unknown			auto	high	https://alcomarket.md/en/product/whisky-civitas-40-07l-11614 https://cojusna.com/en	Cross-verified this session: Civitas whisky ("produced in Moldova using an original Scottish technology," barley malt) is a product of Chateau Cojușna (alcomarket.md, opened), a real Moldovan winery near Chișinău founded 1995 (confirmed on the winery's own site, cojusna.com, though whisky is not mentioned on its front page -- wine/brandy/grappa are its stated focus). Corrected kind from distillery to brand (a diversified winery's product line, not a dedicated whisky distillery). Range spans a classic and flavored Honey/Apple variants, so defaultTypeName stays empty. peatProfile=unknown, no mention anywhere; not a well-established category with a safe default.
clan-campbell	Clan Campbell	blend	GB-SCT			Stock Spirits Group	blend	none			auto	high	https://www.beveragedaily.com/Article/2023/06/27/pernod-ricard-set-to-sell-clan-campbell-scotch-whisky-brand/ https://en.wikipedia.org/wiki/Scotch_whisky https://thewhiskeywash.com/scotch-whiskey/from-mild-to-wild-understanding-peat-levels-in-scotch-whisky/	Current owner resolved this session: Stock Spirits Group completed its purchase of Clan Campbell Limited from Pernod Ricard/Chivas Brothers on 5 September 2023 (beveragedaily.com, opened) -- a leading blend-12yo Scotch brand in France, also sold in Spain/Luxembourg/Italy. Re-opened the two inherited citations this session too: Wikipedia's Scotch whisky article does not mention Clan Campbell but confirms blended Scotch is ~90% of Scottish production aiming for a consistent house style, and thewhiskeywash.com's peat-levels guide (also re-opened) likewise does not mention Clan Campbell but confirms Speyside/Lowland houses are typically unpeated. Kind/country/peat unchanged (ordinary blended Scotch, no smoke evidence).
clan-denny	Clan Denny	blend	GB-SCT			Douglas Laing & Co		none		douglas-laing	auto	high	https://www.douglaslaing.com/en-us/products/clan-denny-highland-single-malt https://www.douglaslaing.com/en-us/products/clan-denny-speyside-single-malt https://www.douglaslaing.com/en-us/products/clan-denny-islay-single-malt	Re-confirmed all three producer pages this session: Douglas Laing's Regional Malts range (Single Grain/Single Malt/Blended Scotch across the series). Highland and Speyside editions state no peat and read as ordinary unpeated malt (honey/oak/toffee/berries) -- baseline set none. The Islay edition's own page (same domain) doesn't itself state a peat level either, but see rule.tsv: multiple independent retailers sell an explicitly heavily-peated Clan Denny Islay SKU sourced from Ardbeg/Bowmore/Bruichladdich/Bunnahabhain/Caol Ila, so the Islay-pattern rule sets heavy, corroborated by the SKU itself being Islay-sourced per Douglas Laing's own page.
clan-macgregor	Clan MacGregor	blend	GB-SCT			William Grant & Sons	blend	none			auto	high	https://en.wikipedia.org/wiki/Clan_MacGregor_(whisky)	Resolved the seed's own flag: Wikipedia (re-fetched this session) confirms William Grant & Sons owns Clan MacGregor, listed among their blended Scotch brands alongside Grant's and The Famous Grouse. Blend of 15 malt and grain whiskies; no peat statement found, inferred unpeated from the input's own totalwine.com tasting-note citation ("delicate sweet, smooth mellow", no smoke) -- kept none.
claymore	Claymore	blend	GB-SCT			Whyte & Mackay	blend	unknown			auto	high	https://www.whyteandmackayltd.com/our-brands/claymore/	Confirmed via the producer's own site (Whyte & Mackay Ltd): "Blended Scotch Whisky created in honour of the Scottish Claymore sword"; the site states no peat/smoke character at all. Retailer/aggregator tasting notes (Whiskybase, Honest Booze Reviews, Dear Whisky) describe "a gentle smoky note" and "slightly smoky" -- corrected peatProfile from the seed's light to unknown per the no-retailer-only-positive-peat rule. Withheld peat proposal: light, per retailer tasting notes only -- not producer domain, not Islay.
clonakilty	Clonakilty	distillery	IE					none			auto	high	https://www.clonakiltydistillery.ie/ https://en.wikipedia.org/wiki/Irish_whiskey	Verified via the distillery's own site (clonakiltydistillery.ie, not reached by the seed round): County Cork craft distillery, B Corp certified, range spans Single Pot Still, Double Oak, Galley Head Single Malt and Port Cask -- confirms defaultTypeName correctly stays empty (multi-type range), matching the seed. No peat mentioned on their own site; peat=none per the verified Irish-whiskey convention (peat is seldom used in malting outside Scotland). Confidence raised to high (was low in the seed).
coalition	Coalition	brand	US				rye	none		kentucky-artisan-distillery	auto	high	https://www.distillerytrail.com/directory-distillery/listing/coalition-whiskey/	Confirmed via distillerytrail.com (opened): Coalition Whiskey is 'distilled, aged and bottled at Kentucky Artisan Distillery' in Crestwood, KY (pre-Prohibition all-copper pot still, zero automation, rye sourced from adjacent Waldeck Farm). Added a new kentucky-artisan-distillery row for bottlerSlug (see below). Founders are reported elsewhere (Leonid Yangarber, Steve Thompson, Ludwig Vanneron per secondary sources) but I could not open a page naming them directly this session, so owner is left blank. 100% Kentucky straight rye, no peat used.
conciere	Conciere	brand	US					unknown		american-distilling-co	auto	high	https://www.conciere.com/our-products	Corrected: real "well spirits" (bar-pour) brand spanning whiskey, rum, gin, vodka, tequila and scotch, confirmed via the producer's own site -- "Bottled by American Distilling Co., Mira Loma, CA" -- new row american-distilling-co added (kind=bottler), bottlerSlug set. Whiskey line alone spans Cinnamon Whiskey, Blended Scotch, Blended Whiskey and Bourbon sub-labels, so defaultTypeName left empty. No peat/smoke mentioned.
copper-rivet	Copper Rivet Distillery	distillery	GB-ENG				single malt	none			auto	high	https://copperrivetdistillery.com/product/masthouse-single-malt-signature/ https://en.wikipedia.org/wiki/List_of_whisky_distilleries_in_England	Verified via the distillery's own product page and Wikipedia: Chatham, Kent, England; its whisky brand is Masthouse single malt, full flavour notes (vanilla, toffee apple, sweet cream, nutty/peppery finish) with no smoke, so peatProfile=none. Also makes Dockyard gin and Vela vodka (not whisky). No "Masthouse" row exists in this batch to parent despite the seed's note referencing one.
corsair	Corsair	distillery	US					light			auto	high	https://shop.corsairdistillery.com/products/corsair-a10-triple-smoke	Resolved the seed's open question: Corsair's own shop page confirms Triple Smoke uses THREE individually smoked malts -- cherrywood (Wisconsin), beechwood (Germany), AND peat (Scotland) -- satisfying the producer-domain requirement for a positive claim. Since peat is only one of three smoke sources (diluted, not straight peated malt), set to light rather than medium/heavy. Nashville, TN craft distillery; range still spans single malt and rye (e.g. Dark Rye sample), so defaultTypeName stays empty. Misspelling "Corsaire" already captured in the row's existing aliases.
courage-conviction	Courage & Conviction	brand	US				single malt	none	virginia-distillery		auto	high	https://courageandconviction.com/ https://vadistillery.com/	Confirmed via its own dedicated site: Virginia Distillery Company's American single malt line (Signature/Bourbon Cask/Cuvee Cask/Sherry Cask), no peat/smoke stated. Corrected parentSlug from "virginia-distillery-company" to "virginia-distillery" to match this batch's slug for that row.
crabbie	Crabbie	blend	GB-SCT			Halewood Artisanal Spirits	blend	none			auto	high	https://sltn.co.uk/2025/08/21/bonnington-has-rekindled-crabbie-connection-to-the-port-of-leith/ https://www.just-drinks.com/news/halewood-sells-crabbies-to-brookfield/ https://en.wikipedia.org/wiki/Crabbie%27s https://en.wikipedia.org/wiki/Halewood_International	Current owner resolved this session: Halewood Artisanal Spirits still owns the Crabbie whisky brand and its own Bonnington Distillery in Leith as of August 2025 (sltn.co.uk, opened -- distillery manager Gregor Butchert quoted). A same-month sale (just-drinks.com, opened) moved only the "Crabbie's" alcoholic-ginger-beer/ginger-wine brand and IP to Brookfield Drinks -- explicitly "no production assets" and no mention of whisky/Bonnington -- so the two businesses sharing the Crabbie name now have different owners; this row is the whisky line only. "Crabbie and Cree"/"Crabbie&Cree" sample remains unresolved. Re-opened both inherited Wikipedia pages this session too: the Crabbie's article confirms the 1980s Macdonald & Muir/Glenmorangie chain and a 2007 sale to Halewood; the Halewood International article confirms the ginger-wine brand was bought in 2002 and, separately, that the corporate name itself changed from "Halewood International" to "Halewood Artisanal Spirits" in April 2021 -- explaining why the current legal name differs from the seed's. peat=none per ordinary-blend convention (unchanged; no smoke evidence found).
crater-lake	Crater Lake	brand	US			Hood River Distillers, Inc.	rye	none			auto	high	https://www.craterlakespirits.com/whiskey	Corrected/confirmed via the producer's own site (craterlakespirits.com/whiskey, opened this session): Crater Lake Rye Whiskey, made by Hood River Distillers, Inc., Oregon -- 100% rye mash bill, matching the sample name exactly. (Secondary sources associate the brand's origin with Bendistillery, Bend OR, not contradicted but not stated on the producer's current page -- flagging for a reviewer in case the two are organizationally distinct.) countryCode/defaultTypeName corrected from the seed's name-based inference to directly verified facts. peatProfile=none, no peat/smoke mentioned; American-rye convention.
crazy-charley	Crazy Charley	blend	IT				blend	none			auto	high	https://tavriav.zakaz.ua/en/products/viski-kreizi-charli-700ml--08006063007248/	Corrected: this is an Italian-produced blended whiskey, not the seed's guessed American style. Retailer product spec (Tavria V/Zakaz.ua) states country of origin Italy, manufacturer Polini Produzioni Srl, classified "blended" whiskey (mixture of grain whiskey and bourbon whiskey, prepared water, caramel E150a). No malt whisky component and no peat mentioned; ingredients support unpeated.
croithli	Croithlí	distillery	IE				single malt	none			auto	high	https://thecrollydistillery.com/our-whiskey-sessile/ https://thecrollydistillery.com/our-whiskey/ https://www.firstfillspirits.com/product/croithli-single-malt-irish-whiskey-sessile-oak/	Crolly Distillery (Irish: Croithlí), County Donegal; site confirms first licensed whiskey distillery in Donegal since the 1840s and first single malt whiskey from Donegal in 180 years. Reconfirmed directly on the official site this session: Sessile Oak and other tasting notes (vanilla, caramel, green apple, oak, black pepper, creme brulee) show no smoke/peat language anywhere. "Croithlí" is the Irish-language place name (fada accent); catalogue brand string drops it. Upgraded from low to high confidence.
cromwells-royal	Cromwell's Royal	blend	GB-SCT				blend	unknown			auto	high	https://www.universalfws.com/manufacturer/cromwell/	Confirmed real, internationally distributed (Ukraine, Poland, Germany, Kazakhstan, Vietnam, Hong Kong retail listings) own-label Blended Scotch Whisky, matured a minimum of 3 years -- verified via universalfws.com's own product listing (opened this session), matching the seed's characterization. No single bottling company/distillery identified despite multiple searches (Whiskybase carries reviews under "Brand: Cromwell's" but names no producer). withheld peat proposal: several independent retail listings (universalfws.com, rozetka.com.ua) describe "smoky and malty notes" in the aroma, but none is the producer's own domain, so kept unknown rather than asserted.
crown-royal	Crown Royal	blend	CA			Diageo	blend	none			auto	high	https://en.wikipedia.org/wiki/Crown_Royal	Confirmed via Wikipedia: blended Canadian whisky (rye/maize/barley), created by Seagram, owned by Diageo since 2000; distilled Gimli Manitoba, blended/bottled Amherstburg Ontario and Valleyfield Quebec. No peat/smoke mentioned; peat=none, standard for Canadian whisky. Confidence raised to high (was low in the seed, whose second citation -- the Irish whiskey page -- was an unrelated copy/paste, no longer needed now that the Crown Royal article itself was opened directly).
cumberland-falls	Cumberland Falls	brand	US			Global Spirits	bourbon	none			auto	high	https://globalspirits.com/usa/brend/cumberland-falls-bourbon	Producer identified via Global Spirits' own product page (globalspirits.com, opened this session): Cumberland Falls is "Authentic Kentucky Straight Bourbon," Owensboro, Kentucky, "the original distillery that opened its doors in 1885," handcrafted small-batch, 86 proof. Named for the Kentucky waterfall, as the seed guessed. (Secondary, unconfirmed sources describe this as the historic Green River Distilling Co./Owensboro Distillery site, now under Bardstown Bourbon Company -- not independently verified this session; flagging for a reviewer.) Corrected kind from distillery to brand and filled countryCode/owner. peatProfile=none, no peat/smoke mentioned; American-bourbon convention.
d-u-c	D.U.C	brand	FR					unknown	maison-daucourt		auto	high	https://ducwhisky.com/en https://daucourt.com/en	Corrected: this is a real French whisky, "the result of a double distillation and aging in two types of casks" (Double Cask / Triple Cask), made from malted barley, wheat and corn in a Charentais pot still -- countryCode corrected to FR (was XX). Produced by Maison Daucourt, the SAME company behind Bastille 1789 (see bastille row) -- confirmed independently on both daucourt.com and ducwhisky.com; parentSlug=maison-daucourt set (new row). No peat/smoke mentioned. defaultTypeName left empty: the malted-barley/wheat/corn mash bill does not map cleanly onto the closed single malt/grain vocabulary.
daddy-rack	Daddy Rack	brand	US			Daddy Rack Whiskey Co.	tennessee	none			auto	high	https://www.daddyrack.com	Producer identified via the brand's own site (daddyrack.com, opened this session): "Bottled by Daddy Rack Whiskey Co., Columbia, Tennessee, USA," created by Master Maker & Blender J. Arthur Rackham ("Daddy Rack"). Confirms Tennessee Straight Whiskey (matches the sample and the seed's defaultTypeName) and the Lincoln County Process (maple-charcoal filtering) -- charcoal mellowing is not peat. Corrected kind from blend to brand and filled owner. peatProfile=none, no peat/smoke mentioned; American-whiskey convention.
dalmahoy	Dalmahoy	blend	GB-SCT				blend	none			unverified	low	https://en.wikipedia.org/wiki/Scotch_whisky	No producer-specific source found this session either -- an own-label blend named for a place near Edinburgh, presumably a supermarket/private-label range given the three cask-finish samples (Bourbon/Rum/Sherry Cask). peat=none per the verified ordinary-blended-Scotch convention only; identity/ownership remain unconfirmed, so confidence stays low as in the seed.
david-nicholson	David Nicholson	brand	US				bourbon	none		lux-row-distillers	auto	high	https://luxrowdistillers.com/david-nicholson	Confirmed current producer (the seed could not find one): Lux Row Distillers, Bardstown, Kentucky -- new row lux-row-distillers added, bottlerSlug set. Historic recipe: David Nicholson created the "43" bourbon recipe in his St. Louis grocery store around 1843, later produced at the A. Ph. Stitzel distillery (Van Winkle family), now at Lux Row. Both catalogue samples confirmed as named expressions: "1843" (wheated bourbon) and "Reserve" (ryed/extra-aged bourbon) -- both legally bourbon, so defaultTypeName=bourbon. The site's "woody and smoky tones" tasting note is oak-char derived, not peat; peatProfile=none per the bourbon-category default, no peat mentioned.
daviess-county	Daviess County	brand	US			Lux Row Distillers	bourbon	none		lux-row-distillers	auto	high	https://luxrowdistillers.com/ https://luxrowdistillers.com/daviess-county-bourbon/	Confirmed via Lux Row Distillers' own site: Daviess County bourbon, variants Kentucky Straight (core), Cabernet Sauvignon Finish, French Oak Barrel Finished, Medium Toasted Barrel Finished -- all bourbon, so defaultTypeName=bourbon. No peat mentioned; peat=none, standard bourbon convention. Added a new lux-row-distillers row (see below) since it was not in live-slugs.txt or any input row and this row's bottlerSlug needs it. Confidence raised to high (was low in the seed).
de-danann	De Danann	blend	IE			Walsh Whiskey		none			auto	high	https://okwine.ua/ua/product/viski-de-danann-walsh-whiskey-40-07l https://www.walshwhiskey.com	Confirmed producer (the seed could not find one): Walsh Whiskey, the independent Irish company founded by Bernard and Rosemary Walsh (also behind the already-live Writers' Tears and The Irishman) -- confirmed via a retailer product page naming Walsh Whiskey as producer, and via walshwhiskey.com directly (though De Danann is not listed among their CURRENT homepage brands, suggesting an older or export-market line). owner=Walsh Whiskey added. Sample "De Danann Walsh" corroborates the link. No smoke/peat in either the walshwhiskey.com general content or the retailer's tasting notes for this specific blend, so peatProfile=none.
deep-river	Deep River	brand	FR			Les Grands Chais de France	single malt	unknown			auto	high	https://alcomag.ua/viski-deep-river-single-malt-0-7-l-	Corrected countryCode from XX to FR: Deep River Single Malt is a French own-label whisky by Les Grands Chais de France (a large French wine/spirits group -- note the parallel with "Billy Bong" elsewhere in this batch, a different French group's own-label bourbon). Confirmed via a Ukrainian retailer's product page (alcomag.ua, opened this session) naming the brand owner and French origin explicitly; a WIPO trademark-database snippet (seen, not independently re-opened) separately names "LES GRANDS CHAIS DE FRANCE S.A.S." as the DEEP RIVER trademark holder, corroborating. Corrected kind from blend to brand. withheld peat proposal: the retailer's tasting notes describe "strong fenolic [sic] and smoky notes" and a "smoky, salty" aroma with "smoke in the finish" -- phenolic character is the chemical signature of peat, strongly suggestive of a peated malt, but the source is a retailer, not the producer's own domain, so kept unknown per the brief's rule rather than asserted.
dilmoor	Dilmoor	brand	GB-SCT				blend	none			auto	high	https://winebutik.com.ua/dilmoor-gold-mill https://dilmoor.com	Resolved: the seed's disconnect between the catalogue brand string "Dilmoor" and the sole sample name "Gold Mill" is because the full product name is "Dilmoor Gold Mill Blended Scotch Whisky" -- confirmed via winebutik.com.ua's own listing (opened this session, states origin "Шотландія"/Scotland directly). Dilmoor itself is an Italian private-label bottler (Pedrengo, Bergamo, Italy, producing liqueurs/distillates/private label since 1950, per dilmoor.com) that also bottles an unrelated "O'Connell's Irish" whiskey and a separate "Crema Whisky Goldmill" cream liqueur under similar names, neither of which is this row's sample. countryCode set to GB-SCT (the whisky's legal origin) rather than Italy (the bottling company's home), matching this project's precedent for "Restless Pony" (Ukrainian owner, US-origin whiskey). New alias added: "gold mill" (see alias.tsv). peatProfile=none: "mild flavor with malt notes and subtle vanilla" (artdrink.com.ua), no smoke or peat mentioned; ordinary blended Scotch.
dram-loch	Dram Loch	blend	GB-SCT				blend	none			auto	high	https://thedramwhisky.com	Confirmed via the brand's own official site (thedramwhisky.com, opened this session): Dram Loch is a genuine 3-Year Blended Scotch Whisky, "produced, distilled and blended in Scotland" -- built explicitly as an export/private-label brand "for distributors looking for a brand that can grow." Producing company/distillery deliberately undisclosed on the site; only a generic "Highlands" reference appears, not specific enough to assert a region. No peat/smoke mentioned; ordinary blended Scotch per the site's own description.
drofa	Дрофа&Люди	distillery	UA					unknown			auto	high	https://www.drofabeer.com/nashi-dystylyaty/ https://epravda.com.ua/biznes/drofa-ta-lyudi-yak-hersonska-brovarnya-zapuskaye-vlasnu-guralnyu-ta-otrimuye-nagorodi-815246/	Confirmed real and identifiable: Pivdenna Stepova Brovarnya "Drofa" (Southern Steppe Brewery/Distillery "Drofa"), Kherson, Ukraine; operates its own guralnya (still-house) under a 2024 craft-spirits license, double-distils small batches from beer/wine/malt in copper alembics, ages in oak barrels or on oak chips/cubes/planks, won craft-spirits awards 2024-2025 (incl. a "beer whiskey" category). No peat/smoke mentioned anywhere, kept unknown. FLAG FOR REVIEWER: two of the four sampled SKUs are named plain "Distillate" (no aging qualifier) while the other two say "Aged on American/Bourbon Oak Chips" -- worth confirming per-SKU whether the unqualified ones are matured whisky-style spirit or unaged white spirit.
drummers-reserve	Drummers Reserve	blend	GB-SCT				blend	none			unverified	low	https://en.wikipedia.org/wiki/Scotch_whisky	No web presence found this session either, matching the seed exactly. Single sample name, no further detail available. peat=none kept only as the verified ordinary-blended-Scotch category default; identity remains unconfirmed.
dry-fly	Dry Fly	distillery	US					none			auto	high	https://dryflydistilling.com	Confirmed via the distillery's own site (dryflydistilling.com, opened this session): located at 1021 W. Riverside, Spokane, WA. Makes multiple whiskey styles -- wheat (matches this row's "Dry Fly Cask Strength Wheat" sample), Straight Rye, and a "single pot still...small batch, single barrel whiskey inspired by the Celtic tradition" -- so defaultTypeName is kept empty (multi-type range; corrected reasoning from the seed's "not one of the 8 listed values" framing to "spans several of the 8 listed values"). No peat/smoke mentioned; American craft-whiskey convention.
dublin-liberties-distillery	The Dublin Liberties Distillery	distillery	IE					none			auto	high	https://thedld.com/drink/dead-rabbit-irish-whiskey/	New row for the-dead-rabbit (parentSlug). Irish whiskey distillery in the Liberties, Dublin; produces the Dead Rabbit collaboration whiskey among its range. No peat evidence found.
dubliner	The Dubliner	blend	IE			Quintessential Brands Group	blend	none			auto	high	https://quintessentialbrands.com/brands/dubliner-irish-whiskey/	Owner confirmed via the brand owner's own site (the seed could not confirm this): Quintessential Brands Group. Blend of single malt and grain Irish whiskey, bourbon-cask matured, no peat/smoke stated -- ordinary unpeated Irish blend.
dublins-own	Dublin's Own	blend	IE			DWD (Dublin Whiskey Distillery)	blend	none			auto	high	https://dwdwhiskey.com/whiskey.php	Confirmed via the producer's own site (dwdwhiskey.com/whiskey.php, opened this session): Dublin's Own is made by DWD (Dublin Whiskey Distillery) -- "an outstanding blend of single malt and grain," double and triple distilled. Matches the seed's inference exactly (Irish own-label blend), now evidenced rather than assumed. peatProfile=none: no peat/smoke in the producer's own tasting notes (honey, vanilla, caramel, chocolate, spice).
early-times	Early Times	blend	US			Sazerac Company	bourbon	none			auto	high	https://en.wikipedia.org/wiki/Early_Times	Verified via Wikipedia (opened this session): Kentucky whiskey founded 1860, Brown-Forman owned it 1923-2020, sold to Sazerac Company mid-2020 alongside Canadian Mist. Domestically labeled "Kentucky Whisky" (some used-barrel-aged stock falls just short of the US bourbon standard) but marketed as bourbon internationally; kept defaultTypeName=bourbon as the catalogue's working category. No peat; bourbon.
easy-rider	Easy Rider	blend	US			Hood River Distillers	bourbon	none			auto	high	https://easyriderwhiskey.com/about	Corrected from unresolved/unknown: real brand, "Easy Rider Kentucky Straight Bourbon Whiskey," sourced and bottled by Hood River Distillers (Hood River, Oregon; official site opened), aged 4 years, motorcycle-culture branding tied to the 1969 film. Source distillery not disclosed. No peat mentioned.
echlinville	Echlinville	distillery	IE					none			auto	high	https://echlinville.com/	Verified via own site: Co. Down, Northern Ireland, est. 2013; flagship brand Dunville's plus other lines (The Beginning, Weavers Spirits, Matt Darcy, Old Comber), sherry-cask emphasis, no peat/smoke stated. Coded IE since the Irish Whiskey GI covers the whole island and the closed country list has no separate Northern Ireland code. Range spans multiple whisky styles so defaultTypeName left empty.
ecosse-g	Ecosse G	blend	GB-SCT			Brave New Spirits Ltd	grain	none		brave-new-spirits	auto	high	https://iwsc.net/results/detail/132621/ecosse-g-12-yo-single-grain-scotch-whisky https://barshop.am/en/product/whisky-ecosse-g-aged-12-years-single-grain-scotch-whisky-fini-en-barriques-de-cognac-xo-glasgow-scotland-43-0-7l/	Corrected from low/unresolved: real brand, a 12yo single grain Scotch finished in French Cognac/wine barriques, one of Brave New Spirits Ltd's volume brands (independent bottler, Glasgow, est. 2020 - IWSC listing opened confirms both). No peat mentioned (candied orange/oak notes). Source grain distillery undisclosed. Added brave-new-spirits as a new bottler row.
edderwick	Edderwick	blend	GB-SCT	highland	highland	Gallery Spirits Company		light			auto	high	https://gspirits.eu/our-brands/edderwick	Own-label of Gallery Spirits Company (gspirits.eu is the producer's own domain): "crafted and bottled in Scotland", described on-page as a Highland whisky. Range spans blend (3yr/7yr) and single malt (5yr/10yr) expressions, so defaultTypeName left empty. Peat corrected from the seed's unknown to light: the producer's own site states a "subtle peaty finish" (3yr), "soft, sweet smoky touch" (5yr) and "subtle peppery hint" (10yr) -- satisfies the producer-domain corroboration rule for a positive claim.
eddu	Eddu	distillery	FR			Distillerie des Menhirs		none			auto	high	https://fr.wikipedia.org/wiki/Distillerie_des_Menhirs https://en.wikipedia.org/wiki/Buckwheat_whisky	Confirmed via English and French Wikipedia: Le Lay family's Distillerie des Menhirs, Plomelin, Brittany, France -- makers of what they describe as the first pure buckwheat whisky (1998), double-distilled in a direct-flame pot still, aged in French oak; range includes Diamant/Gold/Silver/Broceliande (pure buckwheat), Grey Rock (blended), Ed Gwenn (single grain). Buckwheat whisky is outside the closed defaultTypeName list so left empty, as in the seed. For a human reviewer: the French Wikipedia article also mentions limited-edition 'peated versions' exist in the wider range, but gives no level, and the official site (distillerie-des-menhirs.com, with and without www) fails DNS resolution -- none of this batch's Eddu samples are named Peated, so peatProfile=none is kept here and no rule.tsv exception was written for the unconfirmed peated editions.
egans	Egan's	blend	IE			P. & H. Egan Ltd		none			auto	high	https://www.eganswhiskey.com/our-story/ https://en.wikipedia.org/wiki/Irish_whiskey	Upgraded from low to high this session: got past the 403 via browser (eganswhiskey.com is real and live; the WAF is inconsistent -- some paths 403'd again on retry). Its own "Our Story" page states "In 1852 Patrick Egan Sr. and his brother Henry established P. & H. Egan Ltd. in Tullamore," confirming the general-knowledge owner the seed/prior round could not cite. Range (Vintage Grain, Fortitude, Legacy Reserve Series III) still spans styles, so defaultTypeName stays empty. Re-opened the Irish whiskey Wikipedia article this session too: confirms peat is "rarely used in the malting process outside of Scotland," naming Cooley, Pearse Lyons and Echlinville as the known peated exceptions -- Egan's is not among them. peat=none kept per that verified convention; no producer-domain peat statement found for this brand specifically.
eigashima	Eigashima Shuzo	distillery	JP					unknown			auto	high	https://en.wikipedia.org/wiki/White_Oak_distillery	Verified via Wikipedia: runs White Oak distillery in Akashi, Japan, "Akashi" branded whisky since 2007. Range spans single malt and blended releases (see takumi in this batch, resolved to Akashi Takumi), so defaultTypeName left empty. Peat not stated in the source, left unknown. Dropped the seed's claim that a "Tokinoka" row in this batch needs this as parent -- no such row exists in batch-19.
eiregold	Eiregold	blend	IE			Hyde Distillery	blend	none			auto	high	https://www.masterofmalt.com/whiskies/eiregold/eiregold-irish-whiskey/ https://www.irishmalts.com/blended/eiregold/	Confirmed via both sources (fetched directly): blended Irish whiskey, 80% bourbon-cask single grain / 20% single malt, triple distilled, Co. Cork, minimum 4 years, 40% ABV; producer named as Hyde Distillery (matches the seed's fuller 'Hyde Irish Whiskey / Hibernia Distillers'). No peat/smoke mentioned (vanilla/honey/toasted-oak tasting notes); peat=none. Confidence raised to high (was low in the seed).
element	Element	blend	IE			New Era Spirits	blend	none			auto	high	https://elementirishwhiskey.com/ https://www.irishmalts.com/irish-whiskey/element-fusion-series-r10 https://www.togetherwecreate.com/element	Identified this session (the seed could not find it): New Era Spirits' "Element Irish Whiskey", an "Open Innovation" brand launched 2022, flagship Fusion Series R/1.0 a 43% blend of single malt and single grain whiskey matured in ex-bourbon/oak/oloroso sherry/stout casks; also Lore (single malt) and X series. No peat/smoke stated in any series. Alias kept at brand scope only per the seed's reasoning (collision risk with "Element Fusion"/"Element Lore" as in-name matches, and with the unrelated "Elements of Islay"/"M&H Elements"/"Glenmorangie Elementa" already in the catalogue).
embra	Embra	brand	GB-SCT	lowland	lowland	David Robertson	single malt	unknown	holyrood		auto	high	https://en.wikipedia.org/wiki/Holyrood_distillery https://www.bite-magazine.com/post/holyrood-distillery-launches-first-peated-whisky-embra	Holyrood distillery (Edinburgh, Lowland; David Robertson, ex-Macallan, is a co-founder) and Embra as part of its 2024-25 Founding Series confirmed via Wikipedia. Positive peat is well attested by press (bite-magazine.com quotes distillery manager Calum Rae on "heavily peated malt" giving "bold smoky flavours", though the finish is described as light; other retailers label it "lightly peated") but holyrooddistillery.co.uk itself returned 403 to both WebFetch and the browser this session, so no producer-domain page was opened -- keeping peatProfile=unknown per this round's rule rather than the seed's "medium" guess. Withheld peat proposal: light-to-medium per bite-magazine.com; a reviewer who can reach holyrooddistillery.co.uk/embra/ directly should confirm.
evade	Evade	brand	FR			Whiskies Du Monde	single malt	none			auto	high	https://www.whiskiesdumonde.fr/en/whiskies-1/evade	Confirmed via the brand's own site: French single malt (launched 2019), exclusively French raw materials, non-chill-filtered, distilled at Distillerie Hepp (Alsace) -- so kind corrected distillery->brand (Whiskies Du Monde is the brand; Hepp is the physical distillery). The base Evade/Evade Single Malt range is unpeated; a separate Evade Single Malt Peated (43%) exists but the page gives no specific level (no ppm, no light/medium/heavy wording), so no rule.tsv exception was written for it -- flagged for a human to chase directly with Whiskies Du Monde. Accented spelling is Evade with an acute accent; catalogue spells it unaccented, matching the seed's note.
fauconnier	Fauconnier	bottler	FR			La Martiniquaise		unknown			auto	high	https://www.fauconnier.com/en/home/ https://www.la-martiniquaise.com/en/the-group/an-international-group/	MAJOR CORRECTION: Fauconnier is real and has a working official site (fauconnier.com, opened), contradicting the seed's 'no web presence found' (its searches evidently missed the exact domain). Founded 1829 in Hesdin/Marconne, Hauts-de-France; a spirits blender/bottler (whiskies, vodkas, rums, gins) that both bottles its own branded products and produces private-label spirits for retailers since 1963; part of La Martiniquaise Group since 2011 (confirmed via la-martiniquaise.com, opened, which lists Fauconnier among its establishments alongside Label 5 and Sir Edward's). Corrected kind from blend to bottler (it is an independent blending/bottling company producing several house brands, not one specific blend) and countryCode from empty to FR. The site does not name 'Highland's Friends', 'Hunting Lodge' or 'O'Brian' specifically, so those remain unconfirmed sub-brands of a now-confirmed real bottler; no peat evidence found anywhere.
few	FEW Spirits	distillery	US					none			auto	high	https://fewspirits.com/story	Confirmed via the distillery's own site (previously the seed could only infer the location from an area code): FEW Spirits, Evanston, Illinois, founded 2011, grain-to-glass, makes bourbon and rye ("a bold Chicago-style twist"). Dropped the seed's irrelevant Irish-whiskey Wikipedia citation. defaultTypeName left empty since the range is bourbon AND rye, not one type. peatProfile=none per the craft American bourbon/rye category default; no peat/smoke mentioned on site.
filey-bay	Filey Bay	distillery	GB-ENG				single malt	none			auto	high	https://www.spiritofyorkshire.com/ https://en.wikipedia.org/wiki/List_of_whisky_distilleries_in_England	Made by Spirit of Yorkshire Distillery Ltd, Hunmanby (founded 2016, first release 2019, per Wikipedia's list of English distilleries). Reconfirmed directly on the official site this session: Flagship, Moscatel Sherry Cask, STR Red Wine Cask and Yorkshire Day 2026 tasting notes list only honey/vanilla/citrus/caramel/biscuit/fruit-cake descriptors, zero smoke/peat language across the whole range -- inferred none from that consistent absence, not an explicit "unpeated" statement. Upgraded from low to high confidence.
filliers	Filliers	distillery	BE					none			auto	high	https://filliersdistillery.com/en/ https://en.wikipedia.org/wiki/Filliers	Confirmed via the distillery's own site: family-owned 'warm distillery' since 1880, Deinze, Belgium (primarily jenever/gin, also bottles whisky). Corrected defaultTypeName single malt->empty: the same site also lists a Single Rye Whisky (100% rye) alongside the Single Malt (100% sherry-cask-aged), so the range is not uniformly one type -- see flavor.tsv for the sherry house style on the single malt line. No peat mentioned. Confidence raised to high (matches the seed's own citation, now independently reopened).
finity	Finity	blend	IE					unknown			rejected	unknown	https://www.irishmalts.com/irish-spirits/irish-finity-irish-honey/	Rejected by the verification round: "Irish Finity" (Hyde Irish Whiskey / Hibernia Distillers, Innishannon, West Cork) is a honey-infused Irish malt whiskey spirit drink, not whiskey -- irishmalts.com itself categorizes it under "irish-spirits" (as it does Irish Mist) rather than "irish-whiskey" (where it lists genuine whiskeys like Element), and its own product page describes it explicitly as "a premium small batch spirit drink of Irish Malt Whiskey infused with...honey" -- the same category as Irish Mist/Bushmills Irish Honey, honey spirit drinks rather than whiskey.. Producer not identified this session; "Irish Honey" suggests a honey-flavoured whiskey liqueur akin to Irish Mist/Bushmills Irish Honey. Alias kept at brand scope only: "Finity" is a substring of the unrelated common word/brand "Infinity", a real collision risk for in-name matching.
finlaggan	Finlaggan	blend	GB-SCT	islay	islay	The Vintage Malt Whisky Co. Ltd	single malt	heavy			auto	high	https://scotchwhisky.com/whiskypedia/2030/finlaggan/ https://williamswhiskydatabase.com/2021/11/12/finlaggan-batch-strength/	Resolved (the seed's session hit a search-budget wall): bottled by The Vintage Malt Whisky Co Ltd (founded 1992 by Brian Cook) from an undisclosed Islay distillery ("anonymous single malt"/"mystery malt"), named for Loch Finlaggan. Batch Strength measured ~40ppm; every core expression (Old Reserve/'Original Peaty', Eilean Mor, Cask Strength) is consistently reviewed peated/smoky, so set heavy for the whole line rather than per-SKU. Corroborated by region=islay (the entire range is Islay malt).
fitzwilliam	Fitzwilliam	brand	IE			BBC Spirits		light	great-northern-distillery		auto	high	https://www.bbcspirits.com/gb/whiskies/683-whiskey-ireland-fitzwilliam-irish-blended-whiskey.html https://whiskipedia.com/distilleries/great-northern/	Corrected from low: Fitzwilliam is BBC Spirits' (French distributor) brand, distilled at Great Northern Distillery, Dundalk (both pages opened this session); range spans grain/malt/pot still/blended so defaultTypeName left empty. The Blended expression's own product page states "a touch of peat" / "a peat note towards the end of the palate" - the brand owner's own page, so peatProfile=light rather than unknown. GND separately sells a "Peated Single Malt" under this brand (see rule.tsv). Added great-northern-distillery as a new parent-distillery row.
flannigans	Flannigans	blend	IE			Irish Premium Spirits Company	blend	none			auto	high	https://www.whiskybase.com/whiskies/whisky/97223/flannigans-blended-irish-whiskey https://www.whiskybase.com/whiskies/brand/85360/flannigans	Corrected from low: real brand, Flannigans Blended Irish Whiskey, produced by Irish Premium Spirits Company and bottled for Morrisons Supermarkets (UK), 40% ABV, soft citrus-led blend. No peat mentioned anywhere. (Whiskybase's own pages blocked direct fetch this session; corroborated by convergent independent search listings, incl. IWSC, agreeing on producer/bottler.)
floki	Floki	distillery	XX			Eimverk Distillery	single malt	none			auto	high	https://whiskyadvocate.com/sheep-dung-smoked-whisky-is-real-and-its-actually-pretty-good/	Resolved the seed's reviewer flag: Whisky Advocate (opened this session) confirms the Sheep Dung Smoked Reserve uses no peat at all -- the malt is dried over smoke from burning dried sheep dung, a traditional Icelandic method, rather than a peat fire. This is genuine non-peat smokiness; see the companion rule.tsv entry (flavor=smoky, effect=require) for that specific expression. peatProfile=none set at the producer level since no Floki expression is peat-smoked. countryCode stays XX: Iceland has no code in the closed list. The distillery's own domain (flokiwhisky.is) was unreachable both by the seed and by this session (504/timeout); relying on Whisky Advocate plus multiple independent retailer/press mentions of Eimverk Distillery, Iceland's only whisky distillery, founded 2009.
fordman	Fordman	brand	US			La Martiniquaise	bourbon	none		heaven-hill	auto	high	https://www.cru.ru/whisky/fordman	Researched (seed budget had skipped it): Fordman Kentucky Straight Bourbon is an export-market bourbon brand owned by La Martiniquaise (a French spirits group), with the liquid outsourced to Heaven Hill's Bernheim Distillery in Kentucky -- bottlerSlug=heaven-hill set (already a live KB row); owner=La Martiniquaise added. Confirmed mash bill (51% corn / 49% other grains, double distilled, 2+ years in new charred oak) legally qualifies as bourbon, matching the sole catalogue sample. peatProfile=none per the bourbon-category default.
franks-fiddle	Frank's Fiddle	blend	US					none			unverified	low		Fruit-flavored American whiskey (Blackberry, Pineapple variants), confirmed as "Frank's Fiddle American Blackberry Whiskey" via a veli.store listing snippet, but the page itself returned only a maintenance notice when opened this session and no producer/distillery could be identified via a fresh DuckDuckGo/Bing pass (no results beyond that one retailer). Kept low; no positive peat claim (flavored whiskey, not smoke-related).
fuji	Fuji	distillery	JP			Kirin Holdings (Kirin Distillery Company)		unknown			auto	high	https://en.wikipedia.org/wiki/Fuji_Gotemba_distillery	Verified via Wikipedia (opened): Fuji Gotemba distillery, Shizuoka, established 1972 by Kirin Seagram, now Kirin Distillery Company; range spans Single Grain/Single Malt/Blended so defaultTypeName stays empty. Corrected peatProfile from none to unknown: nothing opened this session confirms the range is unpeated, and it should not be guessed. (The seed round's Kirin PDF would not render as text this session, so it is dropped as a citation; Wikipedia's distillery article is used instead.)
fujimi	Fujimi	blend						unknown			unverified	low	https://shingroupcorp.com/	Neither of this batch's two hypotheses for Fujimi panned out this session: Shin Group's own catalogue (which does list its Shinobu sibling) has no Fujimi product, and Matsui Shuzo's own site has no Fujimi product either (checked its Tottori category page and a direct /fujimi/ guess, both without it, and a platinaliquor.com guess 403'd). Sample 'Fujimi Matsui Distillery' remains unexplained -- possibly a mislabeled/parsed name, or a genuinely obscure brand this session's tools (WebSearch budget exhausted) could not reach. Left unresolved, matching the seed.
fuyu	Fuyu	blend	JP				blend	unknown			auto	high	https://woodencork.com/products/fuyu-small-batch-blended-japanese-whisky	Resolved (seed's session had exhausted its search budget): Fuyu is a blended Japanese whisky (malt+grain, "Japanese blending tradition"), 40% ABV. Corrected countryCode XX->JP. No peat mentioned; tasting profile (honey, vanilla, light fruit, caramel) reads unpeated but nothing states it outright, so left unknown. Bottler not confirmed by an openable source this session (masterofmalt.com, bbcspirits.com, distiller.com all 403'd); other search results point to BBC Spirits, a Bordeaux merchant sourcing 3 Honshu distilleries -- left owner empty pending a reviewer with better access.
galtee-mountain-boy	The Galtee Mountain Boy	blend	IE			Three Counties Spirits Ltd	blend	none			auto	high	https://caskcartel.com/products/the-galtee-mountain-boy-irish-whiskey-700ml	Corrected from low/unresolved: real brand, produced by Three Counties Spirits Ltd (Clonmel, Co. Tipperary), a triple-distilled grain-and-malt blend matured in ex-bourbon casks (sources vary on exact age/ratio). No peat mentioned. Named for the Irish folk ballad, as the seed note already said.
glant-bernard	Glant Bernard	blend	GB-SCT			Polini Distillates, Wines & Beverages	blend	none			auto	high	https://maudau.com.ua/product/shotlandskyi-viski-scotch-whisky-glant-bernard-0-7l-40	Corrected from unknown: real product, "Glant Bernard 3yo Blended Scotch Whisky," 40%, marketed by the Italian group Polini Distillates, Wines & Beverages for Eastern-European export (distilled/matured in Scotland per the opened product page). Honey/caramel/fruity profile, no peat. countryCode corrected from XX to GB-SCT - it is Scotch whisky; the Italian marketer is captured in owner instead.
glen-angel	Glen Angel	blend	GB-SCT				blend	none			auto	high	https://kaasak.com/product/glen-angel-blended-scotch-whisky/	Confirmed via retailer product page: blended Scotch, Speyside malts as a core component plus grain whisky, no peat mentioned. Bottler/producer not identified by any source found (sold via a Jordanian retailer among others); ordinary own-label export blend.
glen-barley	Glen Barley	blend	GB-SCT				blend	none			unverified	low		Searched this session (plain name, plus the "No 3"/export angle); found only that it is listed for sale in 0.7L format on a Ukrainian retail aggregator, with no page that would open to give producer/bottler details. Left as an ordinary own-label blended Scotch per the long-tail default; peatProfile=none is the category convention only, not brand evidence.
glen-broch	Glen Broch	blend	GB-SCT	speyside	speyside	Quality Spirits International	single malt	none			auto	high	https://iwsc.net/results/detail/72820/glen-broch-single-malt-scotch-whisky	Corrected from low/unresolved: real range, "Glen Broch ... Single Malt Scotch Whisky" (10/12/25yo plus a Bourbon Cask Finish), bottled by Quality Spirits International - also behind Glengannon and Grangestone in this batch. IWSC's own listing (opened) states region=Speyside; a separate retailer had said Highland, but the structured IWSC data is preferred. No peat mentioned anywhere. kind kept as blend since the source distillery itself is undisclosed even though the product is single malt (see defaultTypeName).
glen-clan	Glen Clan	blend	GB-SCT			Glen Turner	blend	unknown			unverified	low		Re-searched this session ("Glen Clan" plus Glen Turner/Bardinet); confirmed Glen Turner Company (part of La Martiniquaise-Bardinet, running Glen Moray + Starlaw and blends like Label 5/Sir Edward's/Glen Turner pure malt) is real, but no source names "Glen Clan" itself, so the brand's own identity stays unverified on the web - owner is kept from the project's first-party scrape evidence (alcomag/winebutik "Виробник" field) per be/CLAUDE.md, not a URL. See rule.tsv for the "Peated" expression named in the catalogue sample.
glen-morris	The Glen Morris	blend	GB-SCT			Pirrie & Craig Co.	blend	none			unverified	low	https://www.whiskybase.com/whiskies/brand/85163/glen-morris https://www.wine-searcher.com/find/pirie+craig+co+glen+morris+very+fine+blend+scotch+whisky+scotland	Identified producer/bottler as Pirrie & Craig Co. (per Whiskybase's brand listing and Wine-Searcher retail listings; 1970s-era export bottlings also attested at auction) -- an addition over the seed round, which found no producer. No official Pirrie & Craig website found and no peat/smoke-specific source located, so kept at low confidence; peatProfile=none remains only the own-label ordinary-blended-Scotch default, not brand-verified.
glen-parker	Glen Parker	brand	GB-SCT	speyside	speyside		single malt	none		angus-dundee	auto	high	https://www.whiskyrant.com/glenparker-speyside-single-malt/	Corrected kind from blend to brand: Glen Parker is a Speyside single malt (not a malt+grain blend), bottled by Angus Dundee Distillers per a WhiskyRant review, which also notes it may be sourced from more than one distillery ("various distillery left overs"), 40% ABV. Not smoky/peaty per the same review (fermented citrus, cider, apple notes) - none.
glen-russell	Glen Russell	blend	GB-SCT				blend	none			auto	high	https://www.spiritradar.com/whisky-db/glen-russell-blended-scotch-whisky-40-percent-700ml/	Confirmed as a real listed product, "Glen Russell Blended Scotch Whisky," 40%, 700ml, an own-label export blend; producer/bottler not named on any source found (Spirit Radar's own brand/distillery fields are blank on the opened page). No peat mentioned. Treated as an ordinary blended Scotch per the long-tail default, now backed by a directly-opened confirming source.
glen-ryan	Glen Ryan	blend	GB-SCT				blend	unknown			auto	high	https://www.eulatimport.com/glen-ryan.html https://toulouvin.com/en/whisky-ecossais/blended-scotch-glen-ryan-2561.html	Ordinary blended Scotch whisky (malt+grain, min. 3yr oak aging), confirmed via multiple retailers/importers (eulatimport.com, toulouvin.com, whiskydiscounts.com, melcom.com) - budget/generic brand, no producer/distillery identified. Peat downgraded from 'light' to unknown: the only supporting text ('smoky and mineral notes' / 'notas ahumadas y minerales') appears in retailer/importer marketing copy (eulatimport, toulouvin), not the producer's own domain, and there is no Islay/producer-domain corroboration. withheld peat proposal: light per eulatimport.com/toulouvin.com tasting note.
glen-scanlan	Glen Scanlan	blend	GB-SCT			Slaur International		unknown			auto	high	https://scotchwhisky.com/whiskypedia/4881/glen-scanlan/	Resolved (seed found nothing): owned/distributed by Slaur International, a French spirits wholesaler (Le Havre), sold in 70+ countries. Range spans 3/5/12-year blends, a 12-year blended malt, a 12-year single malt and a distinct NAS peated blend -- defaultTypeName stays empty. General profile is described as "light and fruity...with sweet vanilla and traces of peat", which could describe the whole range or just be conflated with the separately-named peated SKU, and isn't from Slaur's own domain, so kept unknown rather than guessed; flag for a reviewer able to pin the catalogue's bare "Glen Scanlan" sample to one specific listed SKU. Confirms the seed's cross-reference to a "Slaur Sardet Glen Scanlan" sample (same distributor).
glen-silvers	Glen Silver's	blend	GB-SCT				blend	unknown			auto	high	https://jensensliquors.com/products/glen-silver-s-finest-blended-scotch-whisky	Corrected peatProfile none->unknown: retailer product page (blended Scotch imported from Scotland, Highlands+Speyside malt and grain, 3-year, IWSC/SF World Spirits Silver medals) explicitly describes the nose/palate/finish with "malted barley toasted with peat", "slightly smoky aromas" and "a taste of dry peat" three separate times -- contradicts a flat unpeated assumption. Not a producer-domain statement though, so withheld peat proposal: light, per jensensliquors.com. Producer/bottler not identified.
glenaladale	GlenAladale	blend					blend	unknown			unverified	low	http://glenaladalewhisky.co.uk/ https://crystaldistillery.com/glenaladale-blue.html	Corrected peatProfile from the seed's none to unknown: no page I opened states an unpeated house style specific to this whisky (the official site only names peat as one of Scotch's four base ingredients in general). Country still unconfirmed -- the official site tells the Scottish-emigrant-history story behind the name but never states where the liquid is actually made, and a retail listing (crystaldistillery.com) traces to Crystal Distillery, based in Estonia -- this raises rather than resolves the "Glen-" fake-Scottish-name concern the seed flagged (cf. the EU "Glen Buchenbach" case). Left blank rather than assumed Scottish.
glenalmond	Glenalmond	blend	GB-SCT	highland	highland	The Vintage Malt Whisky Co Ltd	malt	none			auto	high	https://scotchwhisky.com/whiskypedia/2109/glenalmond/	Corrected from low/own-label default: real brand, a blended malt from The Vintage Malt Whisky Co Ltd (est. 1992) marrying undisclosed Highland malts, named for the River Almond. No peat mentioned; described as mellow and honeyed. Added region/legalRegion=highland; corrected defaultTypeName from blend to malt (it is a blended malt, not a malt-and-grain blend).
glencoe	Glencoe	brand	GB-SCT	highland	highland	Ben Nevis Distillery	malt	unknown	ben-nevis		auto	high	https://bennevisdistillery.com/product/glenocoe-10-year-old/	Corrected from unknown/unresolved: real brand, launched in the 1960s by Rory MacDonald (Clachaig Inn, Glencoe), acquired by Ben Nevis Distillery in the early 1990s and now sold as Ben Nevis's in-house Blended Malt (parentSlug=ben-nevis; official product page opened). That page gives woody/nutty/orange-marmalade/chocolate notes with no peat mentioned at all. A retailer/blog separately described "a subtle touch of peat" in the 10yo - not the producer's own domain, so withheld. withheld peat proposal: light per divingforpearlsblog.com/tyndrumwhisky.com tasting notes.
glendale	Glendale	blend	GB-SCT				blend	none			unverified	low		No distillery of this name in Scotland, consistent with the seed. Multiple retailer/registry listings (whiskybase, a ProWein trademark listing, winestyleonline) title it 'Glendale Blended Scotch Whisky', and one real independent blender/bottler, Campbell Meyer & Company Ltd (East Kilbride/Glasgow - confirmed real via campbellmeyer.com, opened, which describes exactly this kind of own-label blending/bottling business), surfaced repeatedly in search results as its likely bottler. I could not open a page this session that names Campbell Meyer as Glendale's bottler specifically (campbellmeyer.com itself did not list its brand roster; iwsc.net and whiskybase.com both returned 403), so owner is left blank and confidence stays low pending a source I can actually open. Treated as a generic own-label Scotch blend; no peat evidence found in any source.
glengannon	Glengannon	blend	GB-SCT			Quality Spirits International	malt	none			auto	high	https://iwsc.net/results/detail/61532/glengannon-blended-malt-scotch-whisky-5-yo	Corrected from unknown/unresolved: real brand, "Glengannon Blended Malt Scotch Whisky" 5yo 40%, historically a pure-malt export brand of the Glengannon Whisky Company (an Invergordon Distillers subsidiary), now bottled by Quality Spirits International per IWSC's own listing (opened) - also behind Glen Broch/Grangestone in this batch. No peat mentioned anywhere. defaultTypeName corrected to malt (blended malt).
glenlassie	Glenlassie	blend	GB-SCT			The Tomatin Distillery Co Ltd	blend	none		tomatin	auto	high	https://www.rareoldwhisky.fr/produit/glenlassie-blended-scotch-whisky-ecosse-40/	RESOLVED: Glenlassie is NOT a Glenlossie misspelling - it is a genuine, distinct blended Scotch whisky (70% grain / 30% malt) produced by The Tomatin Distillery Co Ltd, named after Robert Burns' 1786 poem 'My Highland Lassie O' (per rareoldwhisky.fr, which states this plainly). Corrected kind from distillery to blend (Whiskybase also lists it as 'Blended Scotch Whisky Glenlassie', 40% ABV, per search results). Tasting notes are cereal/fruity (peach, mirabelle, toasted grain) with no smoke mentioned - none. Do NOT alias this row to glenlossie.
glenshiel	Glenshiel	blend	GB-SCT	highland	highland	Loch Lomond Group	blend	none	loch-lomond		auto	high	https://www.bondston.com/glenshiel-m1599	Resolved (seed found nothing): produced at Loch Lomond distillery (Loch Lomond Group) -- set owner and parentSlug=loch-lomond (an existing live producer) accordingly; product names are literally "Glenshiel Highland Blended"/"Glenshiel Deluxe Highland Blended", hence region/legalRegion=highland. Malt+grain matured in American oak, no peat mentioned; kept none as an ordinary export blend, though Loch Lomond's own single malt range does include peated expressions, so flag for reviewer if a specifically peated Glenshiel SKU ever surfaces.
goalong	Goalong	distillery	XX			Goalong Liquor	single malt	unknown			auto	high	https://www.goalongliquor.com/	Confirmed via the producer's own site: Goalong is a physical distillery in Liuyang, Hunan Province, China producing "Goalong Single Malt Whiskey" (corrected kind from blend to distillery; all three samples are single-malt cask-finish variants). No peat/smoke wording anywhere in the site's own flavor descriptions across multiple expressions; Chinese craft whisky is too new/heterogeneous a category to assume a none-vs-peated norm the way Western categories allow, so peatProfile is left unknown rather than guessed. countryCode XX retained -- China has no code in the closed list.
gouden-carolus	Gouden Carolus	distillery	BE			Het Anker Brewery	single malt	none			auto	high	https://www.hetanker.be/en/drinks/gouden-carolus-single-malt	Confirmed on Het Anker's own site (opened): Belgian brewery (Mechelen) distilling single malt from its own Gouden Carolus Tripel mash since 2010, First Fill Bourbon casks then their own "Anker" casks; fruit/vanilla/creme-brulee profile, no peat. Het Anker also sells a separate "Gouden Carolus Single Malt Peated" line (see rule.tsv); this base/standard expression stays none.
grace-omalley	Grace O'Malley	blend	IE			Grace O'Malley Spirits (Inis Tine Uisce Teoranta)		unknown			auto	high	https://tradeinspirits.com/brand/grace-omalley/	No own distillery; sourced mainly from Great Northern Distillery, blended and finished at Good Spirits Bottling, Dundalk; majority stake held by Private Pier Industries (Berlin). Range spans blend, single malt (Stout Cask) and grain, so defaultTypeName stays empty. Peat corrected none to unknown: no statement found anywhere, and Irish whiskey has real peated exceptions, so absence of smoke notes is not a statement.
grand-grizzly	Grand Grizzly	blend	CA				blend	none			auto	high	https://canadianwhisky.org/blog/reviews/grand-grizzly-40-alcvol.html	Confirmed via canadianwhisky.org (opened): an inexpensive Canadian rye whisky blended in Canada, marketed mainly to Mexico; source distillery undisclosed (one secondary source names Alberta Distillers, another calls it undisclosed, so owner is left blank rather than guessed). No peat mentioned.
grand-moldaviens	Grand Moldaviens	blend	MD			MoldStandart	blend	none			auto	high	https://moldstandart.md/wine/grand-moldaviens/	Re-confirmed via the producer's own domain (moldstandart.md): Moldovan whisky made 'by Scottish technology', barley malt, 3-year aged, 40% ABV. No peat/smoke mentioned (aroma described as 'freshness from Scottish mountains') - none.
grangestone	Grangestone	blend	GB-SCT	highland	highland	Quality Spirits International (William Grant & Sons)	single malt	none			auto	high	https://www.qualityspiritsinternational.com/brands/grangestone/	Corrected from low/"reportedly Aldi": not an Aldi own-label per anything found - it is Quality Spirits International's (a William Grant & Sons company) own branded range of affordable Highland single malts (Bourbon Cask/Rum Cask/Sherry Cask finishes), confirmed on QSI's own brand page (opened). No peat mentioned for any expression. Added region/legalRegion=highland; corrected defaultTypeName to single malt.
grass-widow	Grass Widow	blend	US			Two James Spirits	bourbon	none			auto	high	https://twojames.com/our-spirits/grass-widow-bourbon/	Corrected from unresolved/unknown: real brand, "Two James Grass Widow" - a sourced high-rye bourbon (36% rye/60% corn/4% barley) finished in ex-Madeira casks, bottled by Two James Spirits (Detroit, MI; official site opened). countryCode corrected from XX to US. No peat mentioned for this expression (Two James separately sells an unrelated "J. Riddle Peated Bourbon" under a different name).
grave-digger	Grave Digger	brand	DE			St. Kilian Distillers		light			auto	high	https://store.grave-digger.de/products/whisky-fields-of-blood-0-7-l https://www.thewhiskeylover.com/product/grave-digger-berry-metal-whisky-liqueur/	Heavy-metal band Grave Digger's co-branded whisky/liqueur line, produced by St. Kilian Distillers (Rudenau, Germany; per thewhiskeylover.com retailer). Two researched SKUs: 'Fields of Blood' (47% single malt whisky; official name is plural, the input sample 'Field of Blood' is singular) and 'Berry Metal' (40% berry liqueur on a peated new-make base). The band's own official store (store.grave-digger.de) describes Fields of Blood as made from '100% schottischem Torfrauchmalz' (100% Scottish peated malt) with 'milder Torfrauch' (mild peat smoke) throughout nose/palate/finish - a positive peat claim from the brand's own domain, so set to light rather than withheld. defaultTypeName left empty: range spans single malt whisky and liqueur.
gravediggers	Gravediggers	blend	US				blend	none			auto	high	https://www.whiskystats.com/whisky/200509	Corrected countryCode from IE to US: the catalogued product is "Gravediggers Straight Bourbon Whiskey" (Category: Bourbon, Virgin Oak cask, 40%, bottled 2021 - page opened via browser), and "Straight Bourbon" is a protected US whiskey style, so the liquid is American even though its barcode carries an Irish (539-prefix) GS1 registration, which is presumably why the seed row read it as Irish. Bottler is listed only as "Distillery Bottling," source distillery undisclosed. No peat mentioned; standard bourbon.
great-barrel	Great Barrel	blend	SK				blend	none			auto	high	https://rozetka.com.ua/588898864/p588898864/	Country corrected from unknown (XX) to Slovakia (SK): Rozetka's own characteristics table states 'Krayina-vyrobnyk: Slovachchyna' (country of manufacture: Slovakia) for both the 3-year and 6-year expressions, and the category listing itself is titled 'Great Barrel vyrobnytstva Slovachchyna'. Description: 'Zmishanyi z lyubov'yu' (blended with care), vanilla/caramel notes, no smoke mentioned - none. No specific producer company identified beyond the Rozetka marketplace seller (CosmoTrade, likely a distributor, not the producer).
great-northern-distillery	Great Northern Distillery	distillery	IE			Teeling family, Jim Finn & David Hynes		unknown			auto	high	https://whiskipedia.com/distilleries/great-northern/	new row for fitzwilliam. Dundalk, Co. Louth, on the former Harp Lager Brewery site; began distilling 2015; produces grain, pot still and single malt whiskey, both unpeated and peated - peatProfile left unknown since the range spans both.
great-oaks	Great Oaks	brand	IE					none		west-cork	auto	high	https://maudau.com.ua/ru/product/viski-great-oaks-single-cask-irish-whiskey-46-07-l-v-korobtsi	Country resolved: Irish whiskey, produced by West Cork Distillers (per maudau.com.ua, echoed by Whiskybase's 'a bottle from West Cork Distillers' and by multiple retailers calling it 'Great Oaks Single Cask Irish Whiskey', incl. Dunnes Stores). 46% ABV. Vanilla/spice profile, no peat/smoke mentioned - none. defaultTypeName left empty (Irish whiskey style/mash bill not confirmed for the full range). Corrected kind from blend to brand.
green-river	Green River	distillery	US			Lofted Spirits	bourbon	none			auto	high	https://greenriverwhiskey.com/kentucky-straight-bourbon/	Ownership freshly verified: historic Owensboro, KY distillery (founded 1885, revived 2016). Press coverage from 2022 says Bardstown Bourbon Company acquired Green River Distilling Co. that year, but the distillery's own site (opened today) credits itself "A Lofted Spirits Brand" rather than Bardstown directly - likely a later holding-company rename; both facts are noted rather than picking one blindly. "Green River Wheated" and the Kentucky Straight Bourbon range confirm defaultTypeName=bourbon. No peat mentioned.
green-spot	Green Spot	brand	IE			Mitchell & Son	single pot still	none	midleton	mitchell-son	auto	high	https://en.wikipedia.org/wiki/Green_Spot_(whiskey) https://mitchellandson.com/	Upgraded from low: Wikipedia's dedicated Green Spot (whiskey) article (not just the disambiguation page the seed cited) states it is "produced specifically for Mitchell & Son of Dublin" with "sole rights to market, sell, and develop" it, and is distilled at Midleton (Irish Distillers/Pernod Ricard) -- confirms owner and parentSlug directly. Mitchell & Son's own site confirms the Spot Whiskeys line and "Single Pot Still Irish Whiskey" labeling. peatProfile=none per the well-established unpeated Irish pot still category; no positive claim, so no domain corroboration needed.
greenbar	Greenbar	distillery	US			Melkon Khosrovian & Litty Mathew	single malt	none			auto	high	https://greenbardistillery.com/whiskey	Corrected kind from blend to distillery: Greenbar Distillery (Los Angeles, CA) is itself the distiller of its organic 'Slow Hand' single malt whiskey (100% malted barley), matured using six wood types (white oak, hickory, maple, mulberry, red oak, grape) rather than smoked - billed as 'LA's first aged whiskey since Prohibition', founded by husband-and-wife Melkon Khosrovian and Litty Mathew. Confirmed via the producer's own domain (the seed round's domain guess had failed on a TLS error; greenbardistillery.com resolved fine this session). No peat/smoke mentioned - none.
greign	Greign	blend	GB-SCT	lowland	lowland	John Dewar & Sons (Bacardi)	grain	none			auto	high	https://www.homeofmalts.com/en/19730/greign-20-year-old-single-grain-whisky-40-vol.-0-7l	Confidence raised from low to high: 20yo single grain selected by Stephanie Macleod, John Dewar & Sons' real Master Blender; homeofmalts.com (opened this session) explicitly categorizes it "non smoky," confirming peatProfile=none directly rather than only by category convention. Both retailer sources repeat that it is sourced from "Macduff," which is documented elsewhere as a malt-only distillery that cannot produce single grain whisky - kept unresolved/no parentSlug per the seed row's own caution, since this looks like a retailer copy error rather than a real Macduff connection.
gwalarn-pure	Gwalarn Pure Malt	blend	FR			Celtic Whisky Distillerie (Maison Villevert)	malt	light			auto	high	https://maisonvillevert.com/en/products/gwalarn-pure-malt-1	Corrected from low/"not researched": real product, "Gwalarn Pure Malt" - a vatting of malt whiskies from Scotland, Germany and France, distinct from the base "Gwalarn" Celtic blend, made by Celtic Whisky Distillerie (Pleubian, Brittany; recently acquired by Maison Villevert, whose own site hosts this exact product page, opened this session). Their own description: "slightly peaty character" on the palate, "iodised and slightly smoky notes" - the brand owner's own domain, hence peatProfile=light. Sibling products from the same distillery, Kornog (heavily peated single malt) and Glann ar Mor (unpeated single malt), are not in this catalogue and were not added as rows. name corrected from "Gwalarn Pure" to the properly spelled "Gwalarn Pure Malt."
hakushu	Hakushu	distillery	JP			Suntory	single malt	light			auto	high	https://en.wikipedia.org/wiki/Hakushu_distillery https://house.suntory.com/hakushu-whisky	Peat RESTORED to light this session: got past house.suntory.com's date-of-birth gate via browser and reached the brand's own page, which states "Hakushu Whisky is the delicious and gently smoky single malt whisky with herbal notes" -- producer-domain corroboration of a light/gentle smoke house style, distinct from the same site's mention of specific heavier "peat and peated malts" special (2024 Tsukuriwake Selection) expressions. Re-opened Wikipedia this session too: confirms Yamanashi/Suntory/1973, silent on the core range's peat but corroborates that a 2013 "Heavily Peated 48%" bottling was a limited exception, not the standard style. Kind/country/owner/type unchanged.
hamiltons	Hamiltons	brand	GB-SCT			Angus Dundee Distillers plc		unknown			auto	high	https://drinksint.com/news/fullstory.php/aid/2689/Angus_Dundee_launches_regional_whisky_range.html	Confirmed real Angus Dundee Distillers regional malt range (Speyside, Highland, Islay, Lowland single malts plus a Lowland single grain), corrected kind blend->brand (each expression is a straight single malt/grain, not a blend) and set owner. Catalogue sample is the bare name with no region qualifier, so region/defaultTypeName left empty and peat unknown since the Islay expression is peated but the others are not and the specific bottling is unclear.
haran	Haran	distillery	ES			Destilerias Acha (Manuel Acha family)	single malt	none			auto	high	https://www.destileriasacha.com/en/haran/ https://www.whiskynotes.be/2023/world/haran-12-years-port-cask-18-years-spanish-whiskey/ https://leonandsonwine.com/products/destilerias-acha-haran-whiskey-original-casks-selection-21-years-old-pais-vasco-spain	Identity resolved: Haran is the whisky brand of Destileria Manuel Acha (Amurrio, Alava, Basque Country, est. 1831, whisky since 1926) - not DYC and not the haran.es geology firm. Malt is kiln-dried with oak wood, not peat (leonandsonwine.com); whiskynotes.be on the 12yo: quite sure it is unpeated. An unverified Turba peated expression surfaced in search synthesis only - withheld, needs an opened source before a rule is added.
hardenberg	Hardenberg	blend	DE			Hardenberg-Wilthen AG		none			auto	high	https://www.hardenberg-wilthen.de/en/	Opened the producer's own site this session (hardenberg-wilthen.de): confirms the company (Norten-Hardenberg, Lower Saxony) has been "distilling spirits for more than 300 years" and shows a "Club-Malt-Whiskey" product image, corroborating the Hardenberg Club whisky line the seed found via Master of Malt/whisky.com (both 403 this session). "Straight Malt"/"Straight Wheat" variants mean defaultTypeName spans types, left empty. No peat/smoke wording found anywhere; German whisky has no peat tradition (category-level, not an explicit producer denial).
harrison	Harrison	blend	IE			Great Northern Distillery (Global Spirits)	blend	none			auto	high	https://www.linkedin.com/showcase/harrison-irish-whiskey	Confirmed real blended Irish whiskey, produced at The Great Northern Distillery for parent company Global Spirits; tasting profile (honey, vanilla, caramel, dried fruit, almond, oak spice) shows no smoke/peat character. Upgraded from unknown/low to high.
hatozaki	Hatozaki	blend	JP			Marussia Beverages BV / Haydn Holding AB		unknown			auto	high	https://www.nomunication.jp/2019/07/25/interview-kimio-yonezawa-owner-toji-akashi-sake-brewery-kaikyo-distillery/ https://hatozakiwhisky.com/pages/about	Ownership conflict RESOLVED this session -- it turns out not to be a real conflict: in a direct interview (nomunication.jp, opened), founder Kimio Yonezawa states "The Akashi Sake Brewery, Torabhaig Distillery and Mossburn Distillers are all part of a family-owned Swedish investment company" (Marussia Beverages BV / Haydn Holding AB per company-registry search results), while he personally remains the hands-on "owner-Toji" (4th-generation master brewer/distiller) running Kaikyo Distillery day to day. So "Mossburn" and "Yonezawa/Akashi" are both correct at different levels (holding company vs. operator). kaikyodistillery.com is a parked domain, not the real site (opened via browser, confirmed a Japanese registrar's parking page); akashisakebrewery.com returned 503 on every attempt (genuinely down, not just blocked). The official brand site hatozakiwhisky.com/pages/about (opened) names Yonezawa as founder but states no corporate ownership. peatProfile kept unknown: Yonezawa's own quote calls Hatozaki's finish "a light touch of smoke and honey," real evidence but from trade press (nomunication.jp), not the producer's own domain, so per this round's rule it is withheld. withheld peat proposal: light, per the Yonezawa interview above. defaultTypeName empty: range spans Finest Blended, Pure Malt and Triple Cask Reserve.
heavens-door	Heaven's Door	blend	US					none			auto	high	https://www.heavensdoor.com/	Re-confirmed via the producer's own domain this session: Bob Dylan's American whiskey brand (Ascension bourbon, Revival Tennessee bourbon, Refuge rye, Revelation double barrel), distilled at Six Mile Creek Distillery (Ken Pierce, Master Distiller), with a Lead Blender sourcing/blending from multiple distilleries worldwide. No peat/smoke mentioned - none. defaultTypeName left empty (range spans bourbon/rye/tennessee).
helios	Helios Distillery	distillery	JP					unknown			auto	high	https://sipjapan.com/whisky/helios-kura-the-whisky	New row for kura. Est. 1961, Nago, Okinawa, Japan; primarily an awamori and rum producer (Helios Shuzo) that also distils whisky, sold under the "Kura" brand. Multi-category distillery (rum, awamori, whisky), so no single defaultTypeName or peatProfile is asserted at this level.
hellyers-road	Hellyers Road	distillery	AU			Hellyers Road Distillery (Betta Milk)	single malt	none			auto	high	https://en.wikipedia.org/wiki/Hellyers_Road_Distillery https://www.hellyersroaddistillery.com.au/	Confirmed via Wikipedia (re-opened this session): "Founded in 1997 by Betta Milk, a group of dairy farmers" in Burnie, Tasmania. IMPORTANT CORRECTION: the producer's own official site lists a "Richly Peated 9 Year Old" expression -- Hellyers Road is not uniformly unpeated. peatProfile=none is kept on this row because none of the three sampled bottlings (Hellyers Road, Aurora Australis, Original Roaring 40s) is the peated line, but see rule.tsv for a name-pattern override so a "Peated" bottling under this same producer does not inherit none.
helsinki-distilling	Helsinki Distilling Company	distillery	FI					unknown			auto	high	https://hdco.fi/	Verified via own site: Teurastamo, Helsinki, Finland; founded 2014, first distillery in Helsinki in over a century. No whisky-specific tasting notes found to confirm or rule out peat, left unknown.
hepp	Hepp	distillery	FR				single malt	unknown			auto	high	https://www.visit.alsace/en/216008036-distillerie-hepp/ https://www.avenuedesvins.fr/en/shop/hepp-distillerie	Confirmed real Alsace, France single-malt whisky distillery in Val de Moder/Uberach, family-run since the 1970s (fruit brandies), whisky since 2007. Also produces the export-facing "Johnny Hepp" label (see johnny-hepp, parented here). No peat/smoke mentioned on any source opened; kept unknown.
hiberum	Hiberum Saboga	brand	ES					unknown	lehmann		auto	high	https://www.spanishliquors.es/producto/destilados/saboga-hiberum-whisky/	Confirmed real: "Saboga Hiberum" is the whisky brand of Bodegas y Destilerias Lehmann (Tortosa, Catalonia), first release for their 150th anniversary, 5 years in ex-brandy-solera French/American oak casks, 3583 bottles. Parented to lehmann (same batch), the actual producer. No peat/smoke mentioned.
high-commissioner	High Commissioner	blend	GB-SCT			Loch Lomond Group	blend	light		loch-lomond	auto	high	https://www.lochlomondgroup.com/pages/brands-high-commissioner	Real, well-documented brand - the seed's 'no web presence found' was wrong. Produced by Loch Lomond Group (self-sufficient Scottish distillery group), a malt+grain blend with a history to 1856, aged in American oak, peach/pear/honey/vanilla-toffee profile. The producer's own page explicitly describes 'the gentlest, smoky hint of peat' - a positive peat claim corroborated by the producer's own domain, so set to light rather than withheld. Also sold as a 7-year lightly-peated limited edition. Owner/bottlerSlug set to Loch Lomond Group (live slug loch-lomond).
high-west	High West	blend	US			Constellation Brands, Inc.		none			auto	high	https://www.highwest.com/ https://ship.highwest.com/products/campfire https://en.wikipedia.org/wiki/High_West_Distillery	Park City, Utah producer blending own distillate with sourced stock (MGP, Barton); acquired by Constellation Brands in 2016. Bourbon and rye lines unpeated; the core Campfire product contains peated Scotch per the producer's own shop page, covered by a producer-scoped rule. kind could arguably be distillery (real working still) - left blend as seeded.
highland-baron	Highland Baron	blend	GB-SCT			Loch Lomond Distillery	blend	unknown			auto	high	https://caskcartel.com/products/highland-baron-blended-scotch-whisky-700ml	CORRECTED: confirmed via caskcartel.com (opened) that Highland Baron is 'Made at Loch Lomond Distillery', blended from grain and Highland single malt whisky. Search results (an IWSC listing titled 'Loch Lomond Group | Highland Baron...', other retailers) additionally tie it to export house Mackay & McDavitt Co. for the Spanish market, but I could not open a page confirming that bottler relationship directly this session (iwsc.net, whiskybase.com and cgarsltd.co.uk all returned 403/406), so owner records only the confirmed production-site fact. Peat DOWNGRADED from the seed's none to unknown: one retailer description (not opened, search-synthesis only) mentions 'a delicate peat finish'; withheld peat proposal: light, uncorroborated by any producer-domain source, so kept unknown per policy rather than asserted either way. Catalogue carries both the typo 'Highiland Baron' and the correct 'Highland Baron' spelling.
highland-chief	Highland Chief	blend	GB-SCT			Campbell Meyer & Company Ltd	blend	light			auto	high	https://campbellmeyer.com/highland-chief-blended-scotch-whisky/	Brand owner's own product page: a slight hint of peat smoke is present but fleeting - light, on-domain corroboration. Owner confirmed from Campbell Meyer's own brand roster (East Kilbride; also McIvor and Bonnie & Clyde).
highland-harvest	Highland Harvest	brand	GB-SCT	highland	highland			unknown			auto	high	https://whiskymag.com/tastings/highland-harvest/	Confirmed real organic Scotch whisky range (one of the world's first certified-organic Scotches); Whisky Magazine's own tasting of the core blend confirms 40% ABV and no peat/smoke in the profile. Range also includes single malt and single-cask expressions per retailers, so kind changed to brand and defaultTypeName left empty. Region/legalRegion set to highland from the brand's own name and consistent retailer descriptions; importer/ownership not independently confirmed this session.
highland-mist	Highland Mist	blend	GB-SCT				blend	unknown			auto	high	https://gspirits.eu/our-brands/highland-mist/ https://www.lochlomondgroup.com/pages/brands https://www.thirtyonewhiskey.com/whisky-review-highland-mist-blended-scotch-whisky/	Ownership unresolved and conflicting: a distributor claims Loch Lomond production, but Loch Lomond Group's own brand list omits Highland Mist while listing comparable budget blends, and a US review attributes the US market to Sazerac/Barton Brands. Peat corrected none to unknown; withheld peat proposal: light per gspirits.eu tasting notes (3yo light peaty finish, Premium soft sweet smoky) - distributor copy, not producer domain.
highlands-friends	Highland's Friends	blend	GB-SCT				blend	none			auto	high	https://www.fauconnier.com/en/produit/highlands-friends-blended-scotch-whisky/	Verified via the maker's own site: Fauconnier (Marconne, France), a blend of 15 single malt and grain whiskies matured 3 years, distilled/aged in Scotland; flavour notes are woody/vanilla/orchard fruit with no peat or smoke.
hinotori	Hinotori	blend	JP				blend	unknown			auto	high	https://www.bbcspirits.com/gb/whiskies/611-whisky-japan-hinotori-blended-4971435747043.html	Confirmed real Japanese blended whisky (malt+grain) from Hekinan Distillery, Aichi Prefecture, revived 2019 ("hinotori" = phoenix); 5 years, American+French oak, 43% ABV. No peat/smoke in the tasting profile (fruity, dried-fruit, rounded).
hogs	Hogs 3	brand	US			Quality Spirits International Ltd	bourbon	none			auto	high	https://www.qualityspiritsinternational.com/brands/hogs-3/	Confirmed real Kentucky straight bourbon (3+ years, new charred American oak), branded/bottled by Quality Spirits International (Scotland-based multi-category spirits company); no other Hogs product found. Standard bourbon mash bill, no peat.
house-of-maclair	House of Maclair	blend	GB-SCT			Ian Macleod Distillers	blend	unknown			auto	high	https://okwine.ua/ru/product/viski-house-maclair-ian-macleod-3-roki-40-07l https://en.wikipedia.org/wiki/Ian_Macleod_Distillers	Confirmed real: a 3-year-old blended Scotch retailed as "House of MacLair, Ian Macleod" (okwine.ua listing, whose URL slug itself names Ian Macleod), 40% ABV; also reportedly sold via Lidl per unopened search snippets, not independently confirmed. Ian Macleod Distillers confirmed real via Wikipedia, but its brand list there does not name House of Maclair (a smaller/private-label line), so peat is left unknown rather than inherited from the parent's other house styles (e.g. peated Smokehead).
hungry-hill	Hungry Hill	blend	IE				blend	unknown			auto	high	https://www.irishmalts.com/irish-whiskey/hungry-hill-irish-whiskey/	Confirmed real: irishmalts.com explicitly categorizes it as "Blended" Irish whiskey, named for Hungry Hill in County Cork (Great Famine tribute), NAS, 40%. Specific producing distillery not named on the page opened; no peat mentioned.
hunting-lodge	Hunting Lodge	blend	GB-SCT				blend	unknown			auto	high	https://www.fauconnier.com/en/produit/hunting-lodge-blended-scotch-whisky/ https://uswinternational.com/hunting-lodge-blended-scotch-whisky/	Real blended Scotch presented by French bottler Fauconnier as its product (see the fauconnier row); a US trademark record title names Glen Turner Company Limited as owner but the page 403d twice, so owner stays empty. No smoke or peat language in either opened source; leans unpeated but kept unknown for lack of an explicit statement.
ian-macleod	Ian Macleod Distillers	bottler	GB-SCT					unknown			auto	high	https://en.wikipedia.org/wiki/Ian_Macleod_Distillers https://www.ianmacleod.com/brands/pigs-nose	new row for pigs-nose. Independent, family-owned Scotch whisky company (est. 1933, Broxburn, Scotland); owns Glengoyne, Tamdhu and Rosebank distilleries plus Edinburgh Gin, and blends/brands Pig's Nose, Smokehead (peated Islay-style), King Robert II, Isle of Skye, Hedges & Butler among others -- no single house peat style, so peatProfile is left unknown at this umbrella level (peat belongs on each individual brand/distillery row).
ichiros	Ichiro's	blend	JP			Venture Whisky		unknown			auto	high	https://niijima-soken.com/en/products/ichiros-malt-and-grain	Confirmed: 'Ichiro's Malt & Grain World Blended Whisky' (malt+grain sourced from around the world, Venture Whisky Ltd, founder Ichiro Akuto; niijima-soken.com, region Saitama) and 'Ichiro's Malt Wine Wood Reserve' (a separate blended-malt line combining Chichibu and Hanyu malt whiskies, wine-cask finished, per multiple retailer/whisky-database listings) both trade under the 'Ichiro's' name. kind=blend fits both sub-lines since neither is a single-distillery single malt. No peat mentioned in either line's tasting notes found this session - kept unknown.
inchmurrin	Inchmurrin	brand	GB-SCT	highland	highland	Loch Lomond Group	single malt	unknown	loch-lomond		unverified	low	https://en.wikipedia.org/wiki/Loch_Lomond_distillery	Re-opened the seed's Wikipedia citation this session with a peat-focused query: the article lists Inchmurrin/Inchmoan 12yo among the 2020-rebrand range and separately calls out a "Single Grain Peated Scotch Whisky", but draws no comparison between the malt expressions' own peat levels -- no improvement over the seed's finding. Kept confidence low and peatProfile unknown, same as seed. REVIEWER FLAG (carried over): whisky literature widely treats Inchmurrin as the unpeated/fruity style versus peated sibling Inchmoan, but this remains unconfirmed against a citable page; do not average with Inchmoan/Croftengea if resolved later.
irishamerican	Irishamerican	blend	IE				blend	none	achill-island		auto	high	https://www.irishamericanwhiskeys.com/ https://irishamericanwhiskeys.com/our-product.html	Confirmed: "IrishAmerican Classic Blend" is the flagship blend of Achill Island Distillery (Achill Island, Co. Mayo; live producer achill-island), explicitly listed non-peated on the producer's own site, which separately sells an "Achill Island Peated Single Malt" under its other brand line - that peat does not carry over here. Parented to the live achill-island row.
islay-mist	Islay Mist	blend	GB-SCT			MacDuff International	blend	medium			auto	high	https://www.islaymist.com/2022/11/08/islay-mist-launch-double-peated/	Resolved: owned by MacDuff International (acquired from Allied Lyons, 1992); one of the original peaty blends, created by Ian Hunter (Laphroaig's former owner), traces to Islay House in the 1920s, "the only blended whisky which can include 'Islay' in its name". Producer's own site (islaymist.com): Original is "an elegant, multi-layered scotch with balanced smoke character" and Double Peated is "twice as smoky as the Islay Mist Original" -- set peatProfile=medium for the line (Original/Deluxe/Original Peated Blend read as the same core product), corroborated on the producer's own domain. Filled defaultTypeName=blend (every expression is Blended Scotch Whisky).
isle-of-skye	Isle of Skye	blend	GB-SCT			Ian Macleod Distillers	blend	unknown			auto	high	https://en.wikipedia.org/wiki/Ian_Macleod_Distillers	Confirmed via Wikipedia (opened): Ian Macleod Distillers (then trading as Russell Brokers/Ian MacLeod & Co) acquired Isle of Skye Blended Whisky in May 1963. No blend composition or peat details found anywhere; kept unknown per the seed's reasoning - the Talisker/Skye heritage marketing evokes but does not state the actual composition.
j-riddle	J.Riddle	brand	US			Two James Spirits	bourbon	medium	two-james		auto	high	https://twojames.com/our-spirits/j-riddle-peated-bourbon/	Confirmed real: "J. Riddle Peated Bourbon" by Two James Spirits (Detroit, MI craft distillery), 79% Michigan corn / 21% peated UK barley, 45.5% ABV. Producer's own page calls it "medium-to-heavy" peatiness ("medicinal peatiness of Islay Scotch", iodine/kelp finish); recorded as medium given only a fifth of the grain bill is peated malt - a reviewer may prefer heavy per that quote. New parent row two-james added since the distillery's other whiskeys (rye, standard bourbon) are not peated.
james-e-pepper	James E. Pepper	distillery	US			Amir Peay		none			auto	high	https://en.wikipedia.org/wiki/James_E._Pepper	Confirmed via the specific Wikipedia article (not the generic Whisky page used before): historic Kentucky brand relaunched in 2008 by entrepreneur Amir Peay, distilled at the rebuilt James E. Pepper Distillery, 1200 Manchester St, Lexington, KY. Bourbon and rye range, no peat/smoke mentioned - none. defaultTypeName left empty (range spans bourbon and rye).
james-kilton	James Kilton	brand	GB-SCT			Les Grands Chais de France (LGC)	single malt	none			auto	high	https://www.bauturialcoolice.ro/james-kilton-single-malt-whisky-0-7l	Real product, not a dead end: 'James Kilton Single Malt Whisky', 44% ABV, sold as 'LGC James Kilton Single Malt' by several Ukrainian retailers whose indexed data names the producer as 'Les Grands Chais' (i.e. Les Grands Chais de France). bauturialcoolice.ro confirms Scotch whisky 'from established Scottish regions' (Speyside/Highlands, not pinned to one) and explicitly unpeated ('nu utilizeaza turba') - none. Corrected kind from blend to brand (single malt, not a malt+grain blend).
james-king	James King	blend	GB-SCT			Quality Spirits International	blend	unknown			auto	high	https://www.qualityspiritsinternational.com/brands/james-king/	Upgraded from unknown: the producer's own brand page (qualityspiritsinternational.com, opened this session) confirms James King is a blended Scotch owned by Quality Spirits International, combining Highland malt whiskies with Lowland grain whisky ("where the Highlands meet the Lowlands") -- hence no single region assigned. No peat/smoke wording on the page; tasting notes mention only vanilla and fruit. Confidence raised to high on country/kind/owner; peat left unknown for lack of any statement either way.
james-wyld	James Wyld	brand	GB-SCT	lowland	lowland	Crabbie (John Crabbie & Co., bottled at Bonnington Distillery)	single malt	none	bonnington		auto	high	https://www.htfw.com/bonnington-james-wyld-lowland-single-malt-scotch-whisky	Real single malt, not an anonymous own-label blend: 'Bonnington - James Wyld - Lowland Single Malt Scotch Whisky', 40% ABV, named after the historical Edinburgh whisky trader James Wyld (Port of Leith, est. 1801), whose business later became John Crabbie & Co. Distilled at Bonnington Distillery (Leith; commissioned 2019, production from March 2020), bottled under the Crabbie heritage name. Corrected kind from blend to brand, filled region/legalRegion=lowland and parentSlug=bonnington (live slug). Tasting notes: honey, caramel, malt, oak, floral - no peat/smoke - none.
jb	J&B	blend	GB-SCT			Diageo	blend	unknown			auto	high	https://scotchwhisky.com/whiskypedia/2419/j-b/	J&B Rare, produced by Justerini & Brooks (Diageo); a blend of around 42 malt and grain whiskies, Speyside-led (Knockando as "heart malt", plus Auchroisk, Strathmill, Glen Spey -- all unpeated distilleries). The page opened this session gives tasting notes ("fresh, grassy and nutty... malt, spice, fruit salad and sweet grains") but states no peat/smoke level for the finished blend either way; kept unknown rather than inferred from the unpeated fingerprint malts alone. Confidence raised to high since name/kind/country/owner are all independently confirmed.
jeffersons-ocean	Jefferson's Ocean	blend	US			Pernod Ricard	bourbon	none			auto	high	https://en.wikipedia.org/wiki/Castle_Brands	Upgraded from low: opened Wikipedia's Castle Brands article this session (the seed had only cited the generic Whisky article) -- confirms Castle Brands acquired McLain & Kyne, expanding its portfolio with Jefferson's Bourbon, then Pernod Ricard purchased Castle Brands in October 2019. This directly corroborates owner=Pernod Ricard, which the seed had flagged as unverified general knowledge. peatProfile=none per standard bourbon mashbill/category norm (no peated malt in bourbon production).
jim-bardett	Jim Bardett	blend	GB-SCT			Bardinet	blend	none			auto	high	https://rozetka.com.ua/jim_bardett_8410490268903/p367004811/	Country and producer resolved (was fully unknown/unknown): 'Jim Bardett' Blended Scotch Whisky (malt spirits distilled in Scotland, 3yr oak-aged, 40%), produced by Bardinet (French spirits house founded by Paul Bardinet, based in Bordeaux, also known for 'Negrita' rum) - per Rozetka's own characteristics table ('Krayina-vyrobnyk: Velyka Brytaniya', 'Vyd: Blend') and product description naming Bardinet's history directly. No peat/smoke mentioned - none.
jimsher	Jimsher	distillery	GE			Kartveli LLC		unknown			auto	high	https://jimsher.com/en/about-us/ https://www.thespiritsbusiness.com/2026/05/sb-meets-jimsher-chkhaidze-jimsher-distillery/	Personally re-verified this session via the producer's own site: first Georgian whisky, founder Jimsher Chkhaidze, Kartveli Distillery; range spans both blended and single malt so defaultTypeName stays empty. Secondary maturation in ex-Saperavi/Tsinandali wine and Georgian brandy casks (the catalogue's "Цинандалі" sample names the wine cask, not a separate product). No peat/smoke mentioned. Upgraded from low to high - the seed's own sources already supported it.
jiu-hai-bu-gan	Jiu Hai Bu Gan	brand	XX			Huzhujinquan Distillery	single malt	none			auto	high	https://www.vertumne.com/anglais/Jiuhaibugan_en.htm	Re-confirmed this session via vertumne.com (French importer/distributor Verthemis International): Tibetan Plateau single malt from rare Qingke barley, matured for years in terracotta 'Jiu Hai' amphorae then finished in ex-bourbon/French oak casks. whisky.com and caskers.com (the seed round's sources) were unreachable this session (Cloudflare challenge on both) but the Huzhujinquan attribution is corroborated by consistent independent retailer listing titles seen in search results. No ISO code exists for Tibet/China in the closed country list - XX kept. No peat/smoke mentioned anywhere - none. Corrected kind from distillery to brand (Huzhujinquan Distillery is the actual production site; Jiu Hai Bu Gan / Meido are the product/export brand names).
joe-got-a-gun	Joe Got A Gun	brand	US				tennessee	none			auto	high	https://onthewhiskey.com/product/joe-got-a-gun-whiskey-single-barrel/	Real product, not a low-priority unknown: 'Joe Got a Gun' Tennessee Whiskey (Single Barrel, Small Batch releases), 40-45% ABV depending on release, aged in charred oak barrels, sourced American whiskey (producing distillery not named on the pages checked). No peat/smoke mentioned (standard charred-oak aging) - none. Corrected kind from blend to brand and filled defaultTypeName=tennessee (multiple independent retailers consistently label the range 'Tennessee Whiskey': onthewhiskey.com, peoplesbourbonreview.com, spiritssquare.com).
john-barr	John Barr	blend	GB-SCT			Whyte & Mackay	blend	unknown			auto	high	https://www.whyteandmackayltd.com/our-brands/john-barr/	Confirmed via Whyte & Mackay's own brand page (opened): range is Finest plus Reserve (Highland malt + Speyside malt + grain, 40 components, double sherry-cask maturation for Reserve), blended by Richard Paterson. CORRECTED peat from the seed's none to unknown: the official page makes no peat statement either way, while independent reviews (The Scotch Noob and others, not producer-confirmed) describe John Barr Reserve specifically with 'a stream of tangy peat at the finish' and 'a subtle wisp of peat smoke', so a blanket unpeated claim covering the whole row (which includes Reserve) is not safe. Withheld peat proposal: light for Reserve specifically, per uncorroborated third-party reviews only.
john-lee	John Lee	brand	US				bourbon	none			auto	high	https://www.bourbonery.com/product/john-lee-kentucky-straight-bourbon-whisky-700ml/	Real product: 'John Lee' Kentucky Straight Bourbon Whiskey, 40% ABV, described by one retailer as 'originally produced for the French market' (bottler not named on the pages checked). Vanilla/toffee/corn/honey profile, no peat/smoke - none. Corrected kind from blend to brand and filled defaultTypeName=bourbon (consistent 'Kentucky Straight Bourbon' labeling across independent retailers: bourbonery.com, blue-cask.com, htfw.com).
johnny-cree	Johnny Cree	brand	GB-SCT	lowland	lowland	Crabbie (John Crabbie & Co., bottled at Bonnington Distillery)	single malt	none	bonnington		auto	high	https://www.htfw.com/bonnington-johnny-cree-lowland-single-malt-scotch-whisky	Real single malt, sibling release to James Wyld (this batch, slug james-wyld) - not an unresearched budget blend: 'Bonnington - Johnny Cree - Lowland Single Malt Scotch Whisky', 40% ABV, named for Johnny Cree, son of whisky maker James Cree and John Crabbie's daughter Agnes. Distilled at Bonnington Distillery (Leith), bottled under the Crabbie heritage name; aged in bourbon/virgin oak/red wine casks. Corrected kind from blend to brand, filled region/legalRegion=lowland and parentSlug=bonnington (live slug). Honey, caramel, malt, oak, floral notes - no peat/smoke - none. Note for reviewer: Bonnington distillery does also release occasional heavily-peated single-cask expressions under its own name, but the Crabbie-branded James Wyld/Johnny Cree/John Crabbie line is consistently unpeated.
johnny-hepp	Johnny Hepp	brand	FR				single malt	unknown	hepp		auto	high	https://www.lebonvin.co.uk/the-johnny-hepp-single-malt-whisky-alsacien	Confirmed real: "The Johnny Hepp" is the export-facing single malt label of the Hepp distillery (Alsace, France; parented to hepp in this same batch), NAS, 40%, ex-bourbon and French white wine casks. No peat/smoke mentioned.
journeyman-distillery	Journeyman Distillery	distillery	US			Journeyman Distillery		none			auto	high	https://www.journeyman.com/	Confirmed via the producer's own site this session (root domain; the seed's specific featherbone-bourbon product page was not re-opened): Three Oaks, Michigan, "grain to bottle", "locally sourced Midwest organic grains", and "ONE OF FEW CERTIFIED ORGANIC & KOSHER DISTILLERIES IN THE COUNTRY". No peat/smoke wording anywhere on the site. defaultTypeName left empty -- range spans bourbon and rye. peatProfile=none per American craft grain-whiskey category norm (peated malt is essentially never used outside the Scotch/Irish tradition).
jp-wisers	J.P. Wiser's	blend	CA			Corby Spirit and Wine		none			auto	high	https://en.wikipedia.org/wiki/Corby_Spirit_and_Wine	Upgraded from low: re-opened the seed's own Wikipedia citation this session and got a direct confirming quote -- "Corby's portfolio includes J.P. Wiser's Whisky", tracing to Corby's 1918 merger with "JP Wiser's Distillery Limited" of Prescott, Ontario, and the brand is categorized under Pernod Ricard's Canadian whisky brands. No peat statement; Canadian whisky has no peat tradition (category-level). defaultTypeName left empty -- no clean match in the closed type list for Canadian whisky (same call as batch-01's Black Velvet).
judas-priest	Judas Priest	brand	DE			St. Kilian Distillers GmbH	single malt	none	st-kilian		auto	high	https://www.stkiliandistillers.com/en/presse-news/pressemitteilung-judas-priest-whisky/	Confirmed real: "50 Heavy Metal Years" single malt from St. Kilian Distillers (Rudenau, Germany), a band-anniversary edition. Producer's own press release: malt "gently smoked over beechwood fire" (beechwood, not peat) - correctly none, not merely unpeated by omission. The same source names a second edition, "Angel of Retribution", as "Ultra Heavily Peated" (91ppm Scottish malt) - a different, more heavily smoked product not in this batch's sample; flag for a reviewer if it appears separately. New parent row st-kilian added since the distillery's own range spans none/light/ultra-heavy.
kamiki	Kamiki	blend	JP			Kamiki Shuzo	blend	light			auto	high	https://kamikiwhisky.com/ https://greatdrams.com/kamiki-japanese-blended-whisky/	Upgraded from low, and the peat claim is now properly corroborated: the producer's own site (kamikiwhisky.com, opened this session) names "Kamiki Shuzou Co." in Soni Village, Nara as the producer and states the original blend "includes peat among its flavor notes, though peat is not emphasized as a dominant characteristic" -- a positive peat statement from the producer's own domain. greatdrams.com (re-opened) corroborates with tasting notes of "a wonderful hint of peat smoke" and "a lasting note of peat". Given both sources describe peat as present but subdued/non-dominant, set peatProfile=light rather than the seed's unknown. Blend of Japanese malt plus world malts, second maturation in Japanese cedar (Yoshino Sugi) casks.
karuizawa	Karuizawa	distillery	JP				single malt	unknown			auto	high	https://en.wikipedia.org/wiki/Karuizawa_distillery https://cluboenologique.com/story/the-cult-of-karuizawa/ https://www.karuizawawhiskydistillery.com/history/	Confirmed: Mercian-owned distillery in Miyota, Nagano, operated 1955/56-2000, mothballed 2001, closed/license returned 2011/12; revived under new ownership, first distillation 2022 (10+ year maturation, no bottles yet). Cluboenologique (third-party, not the producer's own domain) documents "frequent use of peat" historically alongside Golden Promise barley and sherry casks - withheld peat proposal: light/medium per that source, not asserted since it is not the producer's own domain and Karuizawa is not on Islay. The catalogue's 1999-vintage Artist-series sample falls late in the original operating era; its exact peat level at that date is not independently confirmed either way, so peatProfile stays unknown.
kentucky	Kentucky	blend	US					none			rejected	low	https://en.wikipedia.org/wiki/Sazerac_Company https://www.breakingbourbon.com/review/the-wiseman-bourbon	Rejected by the verification round: Catalogue brand string "Kentucky" is not a real producer -- it is a generic geographic/category word mis-extracted as a brand, bundling at least two confirmed-unrelated real bourbon brands from different companies: "The Wiseman" (Kentucky Owl, contract-distilled with Bardstown Bourbon Company, per Breaking Bourbon) and "Benchmark" (Sazerac Company, per Wikipedia: "Sazerac acquired several brands from Seagram, including McAfee's Benchmark"); plus an unconfirmed "Kentucky Walker" and "Fordman" (a retailer listing attributes Fordman to Heaven Hill Distilleries, not independently confirmed this session). No single producer named "Kentucky" exists.. Catalogue brand string 'Kentucky' bundles apparently unrelated products: Fordman, Wiseman, Benchmark No 8, Kentucky Walker (x2). Benchmark is confirmed real (Sazerac Company's Benchmark Old No. 8 bourbon, https://en.wikipedia.org/wiki/Sazerac_Company), but Wiseman/Fordman/Kentucky Walker could not be confirmed and may be generic import-market bourbon-style products, possibly not even genuine American whiskey. peatProfile=none reflects the American-whiskey category norm (peat-kilning is a Scotch-specific technique per the Whisky article), not a verified single house style. Flag for human review -- this brand may need splitting per-product in a later pass.
kentucky-artisan-distillery	Kentucky Artisan Distillery	distillery	US					none			auto	high	https://kentuckyartisandistillery.com/about-us/	Verified via own site: Crestwood, KY (Oldham County), founded 2012 by Steve Thompson/Chris Miller/Mike Loring as Kentucky's first contract distillery. Corrected defaultTypeName from the seed's "rye": the site shows it distills under multiple brand names (Jefferson's Reserve, Whiskey Row Bourbon, Kentucky Artisan Distillery Series) besides Coalition's rye, so it is not rye-only -- left empty. No peat mentioned; American contract distilling essentially never uses peated malt.
kentucky-jack	Kentucky Jack	brand	US			Sodiko NV	bourbon	none			auto	high	https://www.whiskysaga.com/blog/kentucky-jack-straight-bourbon https://www.sodiko.be/en	Fully verified this session (quota-starved before). whiskysaga.com (opened) states "This is a product bottled in Belgium by Sodiko NV" -- Kentucky Straight Bourbon, NAS, 40% ABV, distilled in Kentucky/USA but sourced by the Belgian bottler rather than named to a specific distillery ("no information on who the source might be"). sodiko.be (opened) confirms Sodiko is a real Belgian beverage bottler (Diepenbeek, Flanders) offering private-label/co-pack spirits, though it does not name Kentucky Jack specifically on its own site. Corrected kind from blend to brand (Straight Bourbon is not a blend) and set defaultTypeName=bourbon. peat=none per bourbon mash-bill convention; no evidence otherwise.
kentucky-owl	Kentucky Owl	blend	US			Stoli Group		none			auto	high	https://www.breakingbourbon.com/bourbon-whiskey-press-releases/kentucky-owl-releases-batch-13-bourbon	Owner confirmed as Stoli Group (not Sazerac, which the seed round had already correctly ruled out): Kentucky Owl (Bardstown, KY) bourbon+rye brand, per breakingbourbon.com's July 2025 press release ('KENTUCKY OWL, a part of Stoli Group'). No peat/smoke - none. defaultTypeName left empty (bourbon+rye range). FLAG FOR HUMAN REVIEWER: contemporaneous coverage (Jan-Mar 2026) reports Stoli Group filed Chapter 11 in Nov 2024 and converted to Chapter 7 liquidation in early 2026 - Kentucky Owl's ongoing production/ownership may change; worth a fresh check before/soon after this row goes live.
kindilan	Kindilan	blend	CA			Beveland Distillers	blend	none			auto	high	https://www.beveland.com/en/producto/kindilan-canadian-whisky/	Fully verified this session (quota-starved before). Got past the age gate via browser; beveland.com's own product page states "Imported from Canada, Kindilan is a well-known blended whisky, mellow and aromatic, full-bodied and smooth," 70cl/1L, 40% ABV. Beveland Distillers markets/imports it (the actual Canadian distillery of origin is not named on this page). Confirms countryCode=CA independently of the catalogue's own "Канадіан" naming, and confirms kind=blend and defaultTypeName=blend. peat=none per Canadian blended whisky convention; no smoke/peat mentioned.
king-charles	King Charles	blend	GB-SCT			Quality Spirits International	blend	none			auto	high	https://www.qualityspiritsinternational.com/brands/king-charles/	Real, established brand - not a coronation novelty as the seed guessed. 'King Charles' Blended Scotch Whisky (grain+malt), produced by Quality Spirits International (QSI), named for King Charles II's 17th-century legacy (not the current monarch). Confirmed via the producer's own domain: vanilla, smooth/sweet profile, no peat/smoke - none. Award-winning (Scotch Whisky Masters Gold 2023 and 2025, ISC Gold 2024, per IWSC results pages).
king-robert	King Robert II	blend	GB-SCT			Ian Macleod Distillers	blend	none			auto	high	https://scotchwhisky.com/whiskypedia/2429/king-robert-ii/ https://www.prweb.com/releases/ian-macleod-distillers-introduces-king-robert-ii-to-the-united-states-802243818.html	Owner confirmed as Ian Macleod Distillers via its own press release; the seed's Inver House suspicion is disconfirmed. Ordinary multi-region blend (Islands, Highlands, Lowlands, Speyside malt plus grain); official tasting language is sweet throughout and the 12yo charred woodsmoke reads as oak char, so none is kept under the ordinary-blend clause with brand-specific sources.
king-robert-ii	King Robert II	blend	GB-SCT			Ian Macleod Distillers	blend	none			auto	high	https://scotchwhisky.com/whiskypedia/2429/king-robert-ii/	Corrected owner: scotchwhisky.com's whiskypedia (opened this session) states King Robert II is produced by Ian Macleod Distillers Ltd (owned since a 1968 acquisition of William Maxwell (Scotch Whisky) Ltd), not "Angus Dundee Distillers" as the seed had it -- no source found connecting Angus Dundee to this brand. Ordinary NAS blended Scotch; the same source contrasts it with Ian Macleod's own dedicated peated brand Smokehead, supporting peatProfile=none. Roman numeral "Ii" spelling preserved verbatim in aliases.
kings	King's	distillery	US					none			auto	high	https://kingsfamilydistillery.com/products/	Producer identified: King's Family Distillery, Pigeon Forge, Tennessee (opened 2018) -- confirmed via its own official product listing, which matches all four sampled names: King's Bourbon is sold at both 87 and 107 proof ("King's 107"), King's Wheated Bourbon 100 proof ("King's Wheated"), King's Rye ("King's Rye") and King's Ryeconic ("King's Ryeconic"). Range spans bourbon, wheated bourbon and rye, so defaultTypeName left empty. Site mentions "signature smoky tobacco" as a bourbon tasting note but never peat; American-whiskey category default (unpeated) applies. Kind corrected from blend to distillery (a real, named, operating craft distillery, not a sourced/undisclosed-parent label).
kirkcowan	Kirkcowan	brand	GB-SCT	lowland	lowland	Bladnoch Distillery Company	single malt	none	bladnoch		auto	high	https://www.bladnoch.com/pages/private-casks	Corrected the seed's 'likely discontinued' guess: Kirkcowan is a CURRENT, distinctly-produced single malt spirit at Bladnoch Distillery (Scottish Lowlands) - Bladnoch's own site (Private Casks FAQ) confirms 'Kirkcowan New Make Spirit is different to Bladnoch New Make Spirit ... through differences in the production process', made at the same distillery. Multiple retailers (Whiskybase, Passion for Whisky, svetnapoju.cz, greatwine.co.uk) list bottled 'Bladnoch Kirkcowan' / 'Kirkcowan' single malt releases at 40% ABV, and greatwine.co.uk explicitly calls it an 'Unpeated Lowland Single Malt' - none (this matches Bladnoch's well-established unpeated Lowland house style; not a positive claim needing separate corroboration). Corrected kind from blend to brand and filled parentSlug=bladnoch (live slug).
knappogue-castle	Knappogue Castle	brand	IE				single malt	unknown			auto	high	https://www.knappoguewhiskey.com/ https://en.wikipedia.org/wiki/Knappogue_Castle_Irish_Whiskey	Confirmed premium single malt Irish whiskey (12/14/16/21 yo range), named for the County Clare castle; introduced to market in 1998 (Great Spirits LLC) and acquired by Irish Distillers (Pernod Ricard) in 2021 per Wikipedia (re-verified this session). No peat mentioned on either source opened. Corrected kind from blend to brand since it is explicitly single malt, not blended-style whiskey.
knob-creek	Knob Creek	brand	US			Suntory Global Spirits (Beam Suntory)		none	jim-beam		auto	high	https://www.knobcreek.com/	Confirmed via the brand's own official site: produced by James B. Beam Distilling Co., Clermont, Kentucky. Kind corrected from blend to brand and parentSlug set to jim-beam (already live), matching the Baker's/Basil Hayden's convention used elsewhere in the knowledge base. Range now also includes a rye, so defaultTypeName left empty. Bourbon/rye is categorically unpeated; no smoke/peat mentioned on the official site.
koriyama	Koriyama	blend	JP			Sasanokawa Shuzo (Asaka Distillery)	blend	none			auto	high	https://www.uisuki.com/en/asaka/koriyama-blended-whisky.html https://en.wikipedia.org/wiki/Asaka_distillery	Corrected kind from distillery to blend: "Koriyama" is specifically Asaka Distillery's (Sasanokawa Shuzo, Koriyama, Fukushima) blended whisky label (grain whisky + 7% own malt), explicitly marked "No peated" by the retailer selling it. The physical distillery is Asaka, not "Koriyama" itself.
kura	Kura	brand	JP			Helios Distillery		unknown	helios		auto	high	https://sipjapan.com/whisky/helios-kura-the-whisky	Producer identified: Helios Distillery, Nago, Okinawa, Japan (primarily a rum/awamori producer that also makes whisky under the "Kura" brand) -- confirmed via a page opened this session plus multiple consistent third-party listings for all three sampled names (Kura Rum Cask Finish Malt = "Kura The Whisky"; Kura White Oak = the ex-bourbon/American-white-oak-aged expression; Kura the Classic). New parentSlug row "helios" added. Peat: several third-party reviews describe the malt as heavily peated with Hokkaido peat before blending with unpeated malt and rum-cask finishing, but neither attempt to open a producer-domain page succeeded this session (helios-syuzo.co.jp and masterofmalt.com both blocked/403), and the one page that did open (sipjapan.com) mentions no peat at all -- kept unknown. Withheld peat proposal: medium, per https://www.nomunication.jp/2018/03/13/review-helios-kura-rum-cask/ (third-party review only).
kurayoshi	Kurayoshi	brand	JP			Matsui Shuzo	malt	unknown	matsui		auto	high	https://matsuiwhisky.com/en/item/kurayoshi/ https://matsuiwhisky.com/en/company/distillery/ https://matsuiwhisky.com/en/item_category/matsui/	Same company as matsui (Matsui Shuzo, Kurayoshi Distillery, Tottori) - parentSlug set accordingly; a pure/vatted malt of sourced Scottish plus Japanese malt. No peat language for Kurayoshi products. Reviewer flag: the sibling Matsui line has a core The Peated expression on the producer's own site - check the matsui row's peat; that SKU name is caught by the global peated keyword rule.
kyoda	Kyoda	brand	JP			Helios Distillery (Helios Shuzo)	single malt	unknown			auto	high	https://www.whiskeylore.org/distilleries/jp/helios-distillery https://www.nomunication.jp/2021/02/12/review-helios-single-malt-whisky-kyoda-cask-strength-2020/	Confirmed real: "Kyoda" is the single malt whisky line of Helios Distillery (Nago, Kyoda district, Okinawa; est. 1961, better known for awamori/rum), Okinawa's first single malt (2020). A review site (not the producer's own domain) describes the "Cask Strength 2020" release as using peated UK malt ("medicinal peat", "ashy, smoldering peat") - withheld peat proposal: medium/heavy per that source; not asserted since it is not producer-domain and not Islay, and the catalogue's bare "Kyoda" sample does not specify which release.
lagg	Lagg	distillery	GB-SCT	islands	highland	Isle of Arran Distillers Ltd	single malt	heavy			auto	high	https://en.wikipedia.org/wiki/Lagg_distillery https://laggwhisky.com/our-whiskies https://laggwhisky.com/about/our-approach	Peat RESTORED to heavy this session: got past laggwhisky.com's age gate via browser (it accepted a click-through this time). Its own "Our Whiskies" page states outright "At Lagg we create a heavily peated, modern and characterful single malt scotch whisky" -- direct producer-domain corroboration. The "Our Approach" page adds detail: barley "dried in a kiln of burning peat," giving "rich, smoky flavour," explicitly contrasted with "the unpeated range produced at the Lochranza Distillery" (sister site, Arran). Re-opened Wikipedia this session too: confirms 2019 opening, Isle of Arran Distillers Ltd ownership, island single malt classification, and "heavily peated malted barley (~50 ppm phenols)" -- fully consistent with the producer-domain wording. Kind/country/owner/region/type unchanged.
lakes	The Lakes Distillery	distillery	GB-ENG			Nyetimber		unknown			auto	high	https://lakesdistillery.com/ https://www.bbr.com/producer-4135-the-lakes-distillery	English distillery (Bassenthwaite, Cumbria; founded 2012 by Paul Currie and Nigel Mills, not 2014; acquired by Nyetimber in June 2024). Core range uses unpeated Concerto barley (bbr.com) but the Whiskymaker's Reserve series is genuinely mixed - No.6 is described as heavily smoky in retail notes, No.5 and No.7 are not - so peat stays unknown at producer level. Withheld: the WR No.6 peat claim has no opened producer-domain source.
lambertus	Lambertus	brand	BE			Distillerie Radermacher	grain	none			auto	high	https://www.distillerie.biz/en/drinks/lambertus-10-years-single-grain-founders-reserve/	Confirmed real: "Lambertus 10 Years Founders Reserve" single grain whisky (wheat/rye/malted barley, Limousin oak, 43%) from Distillerie Radermacher (Raeren, Belgium's oldest distillery, est. 1836), named for founder Lambert Radermacher; World Whiskies Awards 2025 gold. Producer's own product page names no peat/smoke and the tasting notes are entirely fruity/floral (violet, acetone, peach, mango, papaya); single-grain whisky is not a peated category anywhere it is made, so recorded none rather than unknown.
lauders	Lauder's	blend	GB-SCT			MacDuff International Ltd	blend	none			auto	high	https://scotchwhisky.com/whiskypedia/2604/macduff-international/	Owner confirmed this session (the seed round only recalled this unverified): MacDuff International Ltd, a Glasgow blender founded 1992, which acquired Lauder's (plus Grand Macnish and Islay Mist) from Allied Distillers. Lauder's dates to 1834 and is "a blend of Highland, Lowland, and Speyside malts" per the cited page -- no Islay malt named and no peat/smoke mentioned, supporting peatProfile=none over the seed's unknown.
lehmann	Lehmann	distillery	ES					unknown			auto	high	https://lehmann.es/tienda/saboga-hiberum-whisky/ https://www.spanishliquors.es/producto/destilados/saboga-hiberum-whisky/	Corrected from blend to distillery and resolved the previous conflicting-signals note: Lehmann is Bodegas y Destilerias Lehmann (Tortosa, Catalonia, Spain), founded 1870, a five-generation multi-category spirits distiller (anis, brandy, rum, absinthe, whisky...); "Saboga Hiberum" (see hiberum, same batch, parented here) is their whisky brand. No peat/smoke mentioned for the whisky.
leopold-bros	Leopold Bros	distillery	US					none			auto	high	https://www.leopoldbros.com/story https://en.wikipedia.org/wiki/Leopold_Bros.	Confirmed real Denver, Colorado craft distillery (est. 1999, own floor-malting), known for the pre-Prohibition-revival Three Chamber Rye. The catalogue's "Peach" sample is sold by multiple retailers explicitly as "Leopold Bros (Rocky Mountain) Peach Whiskey" - a real corn/rye sour-mash-based whiskey blended with peach and bottled at 30% ABV - distinct from their separately-sold peach liqueur/brandy, so kept as a genuine (if unusual, low-proof) whiskey product rather than rejected. defaultTypeName left empty, range spans rye/bourbon/flavored styles. No peat.
lewis-clark	Lewis&Clark	blend	US			Hood River Distillers		none			auto	high	https://www.hrdspirits.com/lewis-and-clark-spirits	Verified via producer's own site (Hood River Distillers, Oregon): Lewis and Clark is a spirits line including Northwest Bourbon (Kentucky bourbon finished with Oregon oak, described on-site as "blended bourbon") and a Straight Corn Whiskey, plus non-whiskey spirits (vodka, gin, rum). Corrects seed's low-confidence country guess to a verified US/Oregon producer. defaultTypeName left empty since the row spans bourbon and corn whiskey. Peat=none per American whiskey norm; no smoke/peat mentioned on site.
lighthouse	Lighthouse	blend	GB-SCT				blend	none			auto	high	https://www.bravenewspirits.com/whiskies/lighthouse-whisky	Verified via producer's own site (Brave New Spirits): Lighthouse is a blended Scotch whisky with two expressions, Unpeated (baseline, this row) and Lightly Peated. The Lightly Peated expression is a distinct sibling profile expected to be caught by the KB's existing global "lightly peated" keyword rule (it literally contains the word "peat"), so no producer-specific rule.tsv row was added. This row represents the unpeated baseline.
limestone-branch	Limestone Branch Distillery	distillery	US			Beam family and Luxco (MGP Ingredients), 50/50		none			auto	high	https://yellowstonebourbon.com/ https://www.luxco.com/brand/yellowstone/	New row for yellowstone: the producing distillery (Lebanon, Kentucky; founded 2011 by Stephen and Paul Beam; Luxco took 50 percent in 2018). American bourbon house; no peated malt in the category.
london-square	London Square	blend	GB-SCT			Charles Edge London Ltd	blend	unknown			auto	high	https://charlesedge.com/products/london-square-blended-scotch-whisky-no-giftbox	Corrected from an anonymous own-label guess to a confirmed, documented brand: a 12yo blend of malt and grain whiskies from Speyside and Highland, bottled by independent bottler/blender Charles Edge London. Their own page's tasting notes mention "smoky wood" (nose) and "smoky fudge notes" (palate), so peat is left unknown rather than none (a real smoke character is present, but the source does not say whether it is peat-derived); see flavor.tsv for the non-peat-committal smoky tag.
longrow	Longrow	brand	GB-SCT	campbeltown	campbeltown	J&A Mitchell & Company	single malt	heavy	springbank		auto	high	https://en.wikipedia.org/wiki/Springbank_(distillery) https://www.springbank.scot/whisky/	Peat RESTORED to heavy this session: springbank.scot's own "Whisky" range page (opened via browser) states "Today, our heavily peated, wonderfully smoky whisky is available in three bottlings" for Longrow -- producer-domain corroboration per this round's rule, from the same page that also independently confirms sibling Springbank as "lightly peated." Re-opened Wikipedia this session too: confirms Longrow at a 50ppm malt spec / 48-hour peat smoke, clearly heavy on any reading, and reconfirms J&A Mitchell & Company / Campbeltown. Kind/country/region/owner/type/parentSlug unchanged.
lord-elcho	Lord Elcho	blend	GB-SCT				blend	none		wemyss-malts	auto	high	https://scotchwhisky.com/whiskypedia/2875/lord-elcho/	Fully verified this session (quota-starved before). scotchwhisky.com's Whiskypedia (opened) confirms the believed Wemyss Malts link directly: "Wemyss Malts produces Lord Elcho, a Fife-based blender and bottler established in 2005 by William Wemyss," continuing to own the brand from 2012; a blended Scotch (not blended malt) with a NAS and 15yo expression, both 40%. Set bottlerSlug=wemyss-malts (live). Tasting notes are "fruity, grassy and sweet" (NAS) / "spicier" (15yo) -- no smoke, supporting peat=none over the seed's unknown.
lost-distillery	The Lost Distillery Company	blend	GB-SCT			The Lost Distillery Company	blend	unknown			auto	high	https://lost-distillery.com/	Official site is reachable this session (the seed reported it unreachable/lapsed) - confirms Scotland-based (Dumfries House Estate, Ayrshire), a blending house that recreates historic distillery flavour profiles from aged single malts, self-operated with no separate parent company found. Peat kept unknown: the site's own regional lines vary sharply (Lossit/Islay markets 'Smoked Almond & Pear'; Towiemore/Speyside markets 'Green Apple & Cake'), confirming the seed's reasoning that one peat value would misrepresent the range. A human split into per-release rows (Lossit, Towiemore, Stratheden, Dalaruan/Jericho, Gerston) remains worth doing but is beyond this round's scope.
lost-monarch	Lost Monarch	brand	US				blend	none	redwood-empire		auto	high	https://redwoodempirewhiskey.com/	Confirmed via Redwood Empire's own site: "Lost Monarch Small Batch Craft Whiskey Blend" (bourbon and rye blend), one of its everyday releases. No peat/smoke mentioned. Added a new "redwood-empire" row to this batch's producer.tsv since it wasn't in live-slugs.txt or elsewhere in this batch.
lothaire	Lothaire	brand	FR				single malt	unknown			auto	high	https://www.mtouton.com/products/france/14031-nv/lothaire-french-whisky-single-malt-fruitte https://www.mtouton.com/products/france/14027-nv/lothaire-french-whisky-single-malt-tourbe-fume	Confirmed real French (Lorraine) single malt whisky, NAS, double-distilled, 4 years across fino sherry/French oak/bourbon cask finishes (Fruite Floral expression); a second expression is named "Tourbe Fume" ("smoked peat"). Whiskybase/whisky.com catalogue it as "G. Rozelieures Lothaire", implying the producer is Distillerie Grallet-Dupic (Rozelieures, Lorraine) - a distillery independently confirmed (bottleofitaly.com) to make both unpeated and peated single malts - but no page opened this session names Lothaire and Grallet-Dupic together, so treat the corporate link as likely, not certain. Withheld peat proposal: the Tourbe Fume expression is peated by name, but no producer-domain page confirms a level, and the catalogue's bare "Lothaire" sample does not indicate which expression, so peatProfile stays unknown at the producer level.
lou-gal	Lou Gal	blend	FR					none			auto	high	https://www.labellevie.com/produit/60354/whisky-francais-40-lou-gal-70-cl	French whisky brand from the Gers/Gascony region (barley malt blend, French oak aged). Confirmed as a real, currently-sold product via labellevie.com (opened): "Whisky francais 40, Lou Gal, 70cl". No smoke/peat in the catalogue's tasting notes (vanilla, dried fruit, almonds, hazelnuts, caramel, apricot); French whisky has no peat tradition, so peat=none. No specific distiller/bottler company identified this round.
lough-ree	Lough Ree Distillery	distillery	IE					unknown			auto	high	https://www.whiskymag.com/tastings/barts-blended-irish-whiskey/	New row for barts: family-owned microdistillery in Lanesborough, Co. Longford, on the River Shannon/Lough Ree. Distilling gin & vodka since 2018, Irish whiskey since 2022 (Ireland's smallest GI-verified Irish whiskey distillery). Bart's blended Irish whiskey is its core release, sold ahead of its own single malt ("The Bridge") maturing. No peat/smoke statement found for the distillery generally.
lux-row-distillers	Lux Row Distillers	distillery	US			Luxco	bourbon	none			auto	high	https://www.luxrowdistillers.com/	Verified via producer's own site: Bardstown, KY distillery owned by Luxco, producing Rebel Bourbon, Ezra Brooks (see ezra-brooks, already live), Daviess County, Lux Row Double Barrel, David Nicholson and Blood Oath, all bourbon. defaultTypeName=bourbon since every named product is bourbon. Peat=none per American-bourbon norm (no peated malt used); not explicitly addressed on site.
mac-talla	Mac-Talla	blend	GB-SCT	islay	islay	Morrison Scotch Whisky Distillers	single malt	medium		morrison-mackay	auto	high	https://mactallawhisky.com/about-us https://www.morrisondistillers.com/mactalla	Islay single malt range from an undisclosed distillery, owned by Morrison Scotch Whisky Distillers (independent, Brian and Jamie Morrison - NOT the Suntory-owned Morrison Bowmore). Islay sourcing confirmed on two producer-domain pages; core Terra and Mara land at 18-25ppm per converging retail sources, so medium. Flora Lightly Peated and the heavily peated Oloroso LE are handled by the global lightly/heavily peated keyword rules.
macintyres-drop	MacIntyre's Drop	blend	GB-SCT				blend	none			auto	high	https://www.bswliquor.com/products/macintyres-drop-12-whisky-40	The seed found no web presence; this session found it is a real product sold across several export markets (Canada, Kenya) as a 7/10/12-year-old range at 40% ABV, with Scotland stated as its country of origin on the retailer page opened -- corrected countryCode from XX to GB-SCT. No bottler/producer name found on any listing; treated as an ordinary export blended Scotch (no peat mentioned) by the same convention used for King Robert II/Highland's Friends in this batch.
mackmyra	Mackmyra	distillery	SE				single malt	unknown			unverified	low	https://en.wikipedia.org/wiki/Mackmyra_Whisky	IMPORTANT CORRECTION, found this session: Wikipedia's Production section states "The peat is from a local bog near Osterfarnebo" as part of Mackmyra's general/core sourcing practice (barley from Dalarna, water filtered locally) -- this is not confined to the Svensk Rok special edition the seed treated as the only smoky release, and it directly contradicts asserting peatProfile=none for the core range. Downgraded none to unknown; not asserting a level either, since this is Wikipedia only (not producer domain, not Islay). Also found: Mackmyra "filed for bankruptcy on August 19, 2024" per the same article, which the seed's research predates -- current ownership (previously Nasdaq-listed, Lantmannen the largest shareholder as of 2011) and even continued operation are now uncertain, so owner is left empty and confidence kept low pending a reviewer check of Mackmyra's post-2024 status. The seed's masterofmalt.com/whiskyanalysis.com citations for Svensk Rok specifically were not re-opened this session so are not re-cited, but nothing here contradicts that Svensk Rok is a distinctly smoky-branded expression.
maen	Maen	blend	JP			Shaw-Ross International Importers		none			auto	high	https://www.shawross.com/portfolio-of-products/maen-japanese-whisky-blend/	Fully verified this session (quota-starved before; the seed and prior round found only an unrelated legendary-king Wikipedia hit). "Maen" ("perfect circle" in Japanese) is a real Japanese whisky blend imported to the US by Shaw-Ross International Importers (shawross.com, opened): 20% malt / 80% grain whisky, double-copper-pot distilled, aged 3-5 years in ex-bourbon barrels. The actual Japanese producing distillery is not named on this page. Three expressions (blend, 8yo blended pure malt, 12yo blended pure malt) span sub-types, so defaultTypeName is left empty. peat=none: flavour profile is apple/peach/nuts/spice/honey with no smoke mentioned.
maison-daucourt	Maison Daucourt	distillery	FR					unknown			auto	high	https://daucourt.com/en https://ducwhisky.com/en https://bastillewhisky.com/en/	New row for bastille and d-u-c: French spirits house ("spirit producers for four generations"), Charentais pot-still double distillation, based in the St Andre de Cubzac / Charente area. Confirmed on daucourt.com's own product listing to produce BOTH D.U.C Whisky and BASTILLE Whisky 1789, plus Moulin Vodka, Or-G Liqueur and New Angouleme Gin. No peat/smoke mentioned on any of the three official domains checked (daucourt.com, ducwhisky.com, bastillewhisky.com).
malt-b	Malt B	blend	GB-SCT				malt	unknown			auto	high	https://caskcartel.com/products/malt-b-blended-malt-scotch-whisky-700ml	Confirmed via caskcartel.com (opened): "Malt B" is a 100% Blended Malt Scotch Whisky (bourbon-cask base, Chardonnay-cask and Cabernet Sauvignon-cask finishes, plus a 10% peated-malt-whisky component). "Scotch" in the legal category name fixes countryCode=GB-SCT despite that same page's contradictory "Ireland" origin field (a data error on the retailer's side). No bottler company identified. withheld peat proposal: light, per the stated 10% peated component - not a producer-domain source, so kept unknown.
man-o-sword	Man O' Sword	brand	GB-SCT	lowland	lowland	Annandale Distillery Company	single malt	light	annandale		auto	high	https://www.annandaledistillery.com/product/annandale-tasting-selection/ https://greatdrams.com/annandale-whisky-the-great-drams-comprehensive-review/ https://en.wikipedia.org/wiki/Annandale_distillery	Annandale's own site (opened) confirms Man O' Sword as its peated single-cask range, named for Robert the Bruce, opposite the unpeated Man O' Words (named for Robert Burns); Wikipedia confirms Annan, Dumfries and Galloway (Lowland), owned by the Annandale Distillery Company (David Thomson and Teresa Church since 2007). Corrected peatProfile from the seed's "medium" to "light": a detailed independent review of the Double Oak and STR Cask releases (greatdrams.com) describes the smoke as "subtle" and explicitly "rather than heavily peated", against one unsourced aggregator claim of "heavily peated" that no opened page corroborated.
manhattan	Manhattan	blend	US					unknown			unverified	low		Re-searched this round (English and Ukrainian-language queries); still no identifiable whiskey brand called "Manhattan" distinct from the cocktail of the same name. Likely a minor own-label with no online footprint; kept low per seed's own-label reasoning, unconfirmed.
marc-de-champagne	Marc de Champagne	blend	FR					unknown			rejected	low	https://en.wikipedia.org/wiki/Eau_de_vie	Rejected by the verification round: Marc de Champagne is a French grape-pomace brandy (eau-de-vie de marc), not a whisky: distilled from the leftover pomace of Champagne-region grapes (Pinot Noir, Pinot Meunier, Chardonnay), a pomace-brandy category confirmed via Wikipedia's Eau de vie article (opened). The catalogue brand name is almost certainly leaked/miscategorised brandy rather than any actual whisky producer.. Likely NOT whisky - 'marc de Champagne' is a French grape-pomace brandy (eau-de-vie) from the Champagne region, almost certainly miscategorised in this catalogue; flagging for reviewer rather than inventing a whisky producer for it
mars	Mars	distillery	JP			Hombo Shuzo Co., Ltd.		unknown			auto	high	https://en.wikipedia.org/wiki/Shinshu_Mars_distillery https://distilando.com/mars-shinshu	Confirmed Hombo Shuzo ownership (Wikipedia, opened) and the four barley peating levels used across releases - unpeated, lightly peated 3.5ppm, heavily peated 20ppm, super-heavily peated 50ppm (distilando.com, opened) - at both Shinshu and Tsunuki distilleries; Shinshu malt also feeds the Maltage Cosmo and Kasei blends. Peat kept unknown for this umbrella row since no single level applies; samples span both distilleries and several product lines (Iwai/Kasei/Cosmo/Tsunuki/Y.A).
masahiro	Masahiro	distillery	JP			Masahiro Shuzo		none			auto	high	https://masahiromalt.jp/	Verified via producer's own site: Okinawan awamori distiller (Masahiro Shuzo) also producing whisky, a Pure Malt Whisky and a 12 Year Oloroso Sherry Cask expression plus a blended Kaijin release, tropical-fruit/vanilla profile, no smoke/peat. Confirms seed's identification; defaultTypeName left empty as range spans pure malt and blend.
mash-cut	Mash Cut	brand	GB-SCT			Ian Macleod Distillers Ltd	malt	unknown			auto	high	https://www.barrelhouseinc.com/product/mash-cut/	Previously unresearched by the seed round (was countryCode=XX, confidence=unknown) - now identified: "Mash Cut Blended Malt Scotch Whisky", bottled by Ian Macleod Distillers Ltd (Broxburn, Scotland), a blend of regional single malt Scotch whiskies honouring Scotland's mashmen/women. Confirmed via barrelhouseinc.com (opened), which also notes "a lingering smokiness and a touch of earthy richness" in the finish. withheld peat proposal: light, per that finish note plus a separate retailer (caskcartel.com) stating a 10% peated-malt-whisky component in the blend - neither is Ian Macleod's own domain, so kept unknown.
mastersons	Masterson's	brand	CA			35 Maple Street (The Other Guys); distilled by Alberta Distillers, Calgary	rye	none			auto	high	https://canadianwhisky.org/blog/reviews/mastersons-straight-rye-whiskey-45-alc-vol.html	Corrected kind blend->brand: Masterson's is a single-source NDP rye, not a blend of multiple whiskies. Confirmed via canadianwhisky.org (opened): distilled in a pot still at Alberta Distillers Limited, Calgary, Alberta, Canada; bottled by 35 Maple, a division of The Other Guys (Sonoma, CA). 100% rye grain mash, meets the US straight-rye standard despite Canadian origin; named for lawman Bat Masterson. No peat/smoke in tasting notes; Canadian rye whisky categorically uses no peated malt, so peat=none (kept from seed).
masthouse	Masthouse	brand	GB-ENG			Copper Rivet Distillery		none		copper-rivet	auto	high	https://copperrivetdistillery.com/collections/masthouse-luxury-whisky/ https://copperrivetdistillery.com/product/masthouse-single-malt-signature/ https://copperrivetdistillery.com/product/masthouse-grain-whisky/ https://copperrivetdistillery.com/product/masthouse-guardian/ https://en.wikipedia.org/wiki/List_of_whisky_distilleries_in_England	Got past the 403 this session via browser (clicked through the age-verification modal; copperrivetdistillery.com is otherwise a normal, live site). Confirmed the current 4-product range directly: Masthouse Single Malt (Signature), Masthouse Single Malt (Reserve), Masthouse Grain Whisky and the limited Masthouse Guardian -- spans single malt AND single grain, so defaultTypeName stays empty, matching the seed's reasoning (and matching batch 19's independent "copper-rivet" producer row, which reached the same peat conclusion from the same product page). peatProfile set to none rather than left unknown: three full flavour-note product pages (Signature: vanilla/toffee apple/cream/pear/pepper; Grain: nutty/creamy/spiced/vanillin; Guardian: fruit/cinnamon/cream/peppercorn) and the "the-distillery" process page describe zero smoke or peat anywhere across the whole current range -- no page states "unpeated" in so many words, so this is inferred from a comprehensive absence on the producer's own domain rather than a direct quote; flagging that distinction for a human. bottlerSlug=copper-rivet references batch 19's row (not yet live, but consistent with it). Re-opened the Wikipedia England-distilleries list this session too: confirms Copper Rivet was established August 2016 in Chatham, Kent by Bob Russell and sons, and that "the first whisky release, branded Masthouse, was launched in November 2020" -- Bob Russell also matches the "our incredible founder, Bob" name in the Guardian product page.
matt-darcy	Matt D'Arcy	blend	IE			Echlinville Distillery	blend	none			auto	high	https://echlinville.com/brands/matt-darcy-irish-whiskey	MAJOR CORRECTION from seed (which found no web presence and guessed GB-SCT): Matt D'Arcy is a real historic Irish whiskey brand (Newry, Co. Down, est. 1817), revived by Echlinville Distillery (Co. Down, Northern Ireland) as a blend of 10-year-old grain whiskey and 17-year-old Irish single malt, Port-cask finished. Country coded IE per the marketed "Irish whiskey" category (no Northern-Ireland-specific code exists in the closed list). No peat/smoke mentioned; fruit/oak/spice profile.
may-loag	May-Loag	blend	IE			The Old Carrick Mill Distillery		none			auto	high	https://www.irishwhiskeymagazine.com/news/may-loag-spirits-launches-with-range-of-irish-whiskeys/	Country confirmed this session (blank in the seed): "distilled and matured in Ireland for The Old Carrick Mill Distillery, Derrylavan, County Monaghan" per the cited launch article. "May-Loag" spelled with a fada (May-Lóag) folds to the same normalized key. The four sampled expressions (Diamond/Elegance/Oriel/Triple Wood) are a blend of malt and grain finished in varied casks; none of them is the brand's separately-sold "May-Loag Peated Irish Whiskey", so peatProfile=none is set for this sampled range specifically. FLAG FOR REVIEWER: a "May-Loag Peated" SKU, if ever matched to this producer, would incorrectly inherit none and would need its own name-pattern rule -- not added here since no source confirming its exact peat intensity could be opened this session.
mccarthys	McCarthy's	brand	US			Clear Creek Distillery (owned by Hood River Distillers since 2014)	single malt	heavy	clear-creek		auto	high	https://www.hrdspirits.com/mccarthys-oregon-single-malt	Resolves the seed round's flagged uncertainty. Peat corroborated on the current owner's own domain, hrdspirits.com (opened, Hood River Distillers, which has owned Clear Creek Distillery since 2014): the 3-year is "a robust and smoky nose ... a warm finish of honey and delicate peat", the 6-year has "the balance of peat and oak" and "the tempting smell of a nearby campfire", and the 6-year PX Sherry Cask has "smoke and sawdust" / "the lingering smoke of cold campfire embers". Malted barley is imported peated from Scotland; long compared to Islay malts like Lagavulin (Wikipedia/thewhiskeywash, seen via search, not reopened this session but consistent with the producer-domain evidence). peatProfile raised from unknown to heavy.
mcconnells	McConnell's	blend	IE				blend	none			auto	high	https://mcconnellsirishwhisky.com/	Reconfirmed directly on the official site this session: Belfast Distillery Company, Belfast, Northern Ireland (heritage dating to 1776); "a blend of select malt and grain whiskies, matured in ex-bourbon oak barrels". countryCode kept as IE per the island-of-Ireland whiskey-category convention -- the closed country list has no separate Northern Ireland code. No peat/smoke mentioned. Upgraded from low to high confidence.
mcivor	McIvor	blend	GB-SCT			Campbell Meyer & Company Ltd	blend	none			auto	high	https://campbellmeyer.com/mcivor-blended-scotch-whisky/	Producer identified and confirmed via its own official site: Campbell Meyer & Company Ltd, East Kilbride, Scotland. Single malts from major distilling regions married with aged grain whisky; no peat/smoke mentioned in the producer's own tasting notes ("hay, malted barley, tangy citrus, roasted almonds, toffee, raisins"). Upgraded from low to high confidence.
mckintyres	McKintyre's Club & Casino	brand	GB-SCT				single malt	unknown		brave-new-spirits	auto	high	https://reallygoodwhisky.com/en-us/products/mckintryes-club-and-casino-10-year-old-single-malt-scotch-whisky-70cl-46 https://www.bravenewspirits.com/	Corrected kind blend->brand and defaultTypeName blend->single malt: this is a 10 Year Old Single Malt Scotch Whisky (not a blend), bottled by Brave New Spirits, an independent Scotch bottler based in Glasgow (confirmed via bravenewspirits.com, opened - new bottler row added, brave-new-spirits). Confirmed via reallygoodwhisky.com (opened): "10 Year Old Single Malt Scotch Whisky", ex-bourbon barrels, 46% ABV; also sold in Ukraine (wine-point.ua, matching this catalogue's likely source). Several aggregator listings say Speyside/undisclosed distillery, but no source I personally opened states the region, so region is left blank. Peat changed from the seed's "none" (which assumed an ordinary blended Scotch) to "unknown": no peat/smoke mentioned in any source opened, and the seed's blended-Scotch default no longer applies now that this is confirmed a single malt of undisclosed origin.
meikle-toir	Meikle Toir	brand	GB-SCT	speyside	speyside	The GlenAllachie Distillers Co.	single malt	heavy	glenallachie		auto	high	https://meikletoir.com/ https://theglenallachie.com/news/the-glenallachie-distillery-debuts-peated-whisky-brand/	Fully verified this session (quota-starved before), confirmed exactly per the retry goal. Meikle Toir is The GlenAllachie Distillery's peated single malt brand (meikletoir.com, opened: "Guided by Master Distiller Billy Walker ... The GlenAllachie Distillery ... Speyside, Scotland ... our peated single malt serves up a sweet smoke style"). theglenallachie.com's own news article (opened) states the core range's spirit is peated to "35 PPM" using mainland (St Fergus) peat for "a more sweet and oaky smoke style" versus coastal peat, with a "Turbo" expression at 71 PPM. The three catalogue sample names (The Chinquapin, The Original, The Sherry) exactly match three of the four core-range names the article lists (Original One, Chinquapin One, Sherry One, Turbo) -- confirms this row's identity precisely. Set parentSlug=glenallachie (live). Corrected countryCode from XX to GB-SCT and region/legalRegion to speyside now that the distillery is identified; the seed's "Chinquapin" cask-type ambiguity is resolved -- Chinquapin oak is simply one of GlenAllachie's own cask choices, not evidence of American origin.
method-and-madness	Method and Madness	brand	IE			Irish Distillers (Pernod Ricard)		unknown	midleton		auto	high	https://www.pernod-ricard.com/en/brands/method-and-madness	Confirmed via pernod-ricard.com (opened, the brand owner's own corporate site): Irish Distillers' Method & Madness range from Midleton's microdistillery - Single Malt (French Limousin oak) and Single Grain (Virgin Spanish Oak) shown there; other sources (not reopened this session) add a Single Pot Still expression. Genuinely multi-type, so defaultTypeName stays empty. No peat/smoke mentioned for any expression seen; kept unknown rather than none since this is a deliberately experimental range.
micil	Micil	distillery	IE					light			auto	high	https://micildistillery.com/our-spirits/micil-irish-whiskey/	MAJOR CORRECTION from the seed's peat=none: Micil Distillery's own official site describes peat/smoke across all four sampled expressions -- Inverin ("great balance of peat and charred wood smoke"), Earls Island ("hints of soft turf smoke from ex-peated whiskey casks"), Madeira Island ("light sweet peat smoke"), Long Walk ("a peated whiskey blend" with "soft peat smoke"). Connemara turf/peat is explicit brand heritage (the founder's family poitin-distilling background). Set to light for the house baseline given the consistently gentle/balanced wording, for a positive claim confirmed on the producer's own domain. Independent craft distillery, Galway (opened 2016, first legal Galway distillery in 100+ years); range spans small-batch/pot-still/blend styles so defaultTypeName stays empty.
milam-greene	Milam & Greene	distillery	US			Milam & Greene Whiskey		none			auto	high	https://milamandgreenewhiskey.com/pages/our-story	Corrected kind blend->distillery: Milam & Greene runs its own copper pot stills in Blanco, TX (plus Kentucky column-still production), founded by Marsha Milam, Heather Greene and Marlene Holmes -- an operating distillery, not merely a blend. Bourbon/rye/blend range so defaultTypeName stays empty; no peat mentioned anywhere, consistent with standard American whiskey (kept none).
minor-case	Minor Case	brand	US			Limestone Branch Distillery Co. (sourced from MGP Ingredients, Indiana)	rye	none			auto	high	https://www.breakingbourbon.com/review/minor-case-rye-sherry-cask-finished-2017	Confirmed via breakingbourbon.com (opened): Minor Case is a Limestone Branch Distillery Co. (Lebanon, KY) brand, named for Minor Case Beam; the rye itself is distilled and aged at MGP Ingredients, Indiana, then finished in sherry casks by Limestone Branch. No peat/smoke in the review; American rye is categorically unpeated, so peat=none (kept from seed).
misaki	Misaki	brand	JP			Les Grands Chais de France (distributor/bottler)		unknown			auto	high	https://www.whisky.fr/en/misaki-mizunara-oak-finish.html	Corrected countryCode from empty/unresearched to JP: confirmed via whisky.fr / Maison du Whisky (opened), a specialist French retailer: a blended whisky produced in Japan (Honshu, Nara), first aged in sherry and bourbon casks then finished in Mizunara oak; bottled/distributed by Les Grands Chais de France. No peat/smoke mentioned. Distinct from the unrelated "Misaka" whisky collection (a different company, Global Drinks) seen in search results - not conflated here.
mizen-head	Mizen Head	brand	IE			West Cork Distillers		none	west-cork		auto	high	https://www.irishmalts.com/blended/mizen-head-blended/	Corrected kind blend->brand: Mizen Head is West Cork Distillers' brand name (Skibbereen, Co. Cork), not a blend entity in itself; parentSlug=west-cork (live). Confirmed via irishmalts.com (opened): "Mizen Head Blended Irish Whiskey", a blend of grain and malt distillates aged in sherry casks - matches the catalogue sample name exactly; tasting notes (meadow, pear, honey, vanilla, brown sugar, Christmas cake) show no smoke/peat character, so peat=none for this product. The wider Mizen Head range also includes a 14 Year Old Cask Strength single malt (per other retailers, not reopened this session), so defaultTypeName is left empty.
moonshine-runners	Moonshine Runners	brand	XX			Sodiko (Diepenbeek, Belgium)		none			auto	high	https://www.sodiko.be/en/moonshine-runners-north-american-blended-whiskey	Corrected countryCode from US to XX: confirmed via sodiko.be (opened, the bottler's own domain) that this is explicitly "a taste of American and Canadian tradition" - a cross-border North American blend, not purely US-sourced, so no single country code fits. Bottled/marketed by Sodiko, a Belgian beverage company (founded 1991) in Diepenbeek. Matured in bourbon-soaked American white oak; dried-fruit/oak/vanilla notes, no peat/smoke mentioned, kept none per the ordinary-blend default.
morris-rutherglen	Morris	distillery	AU			Casella Family Brands	single malt	unknown			auto	high	https://www.morrisofrutherglen.com/ https://www.morrisofrutherglen.com/products/morris-australian-single-malt-whisky-smoked-muscat	Morris of Rutherglen (Victoria); Casella Family Brands confirmed via the producer's own site footer. House style is fortified-wine-cask finishing with zero peat mentions on the official domain; the Smoked Muscat Barrel release's smoke is heavily-charred oak, not peat, per an independent review - kept unknown for lack of an explicit unpeated statement.
moulin	Moulin	blend						unknown			unverified	low		Re-searched this round; still no identifiable whisky brand called "Moulin" (search surfaces only an unrelated "Moulin Vodka" from Angouleme, France, and Highland-place-name/rum results). Ambiguous name kept unresolved; countryCode left empty rather than guessed.
muirheads	Muirhead's Blue Seal	blend	GB-SCT				blend	none			auto	high	https://www.muirheads-whisky.com/our-whisky/	Verified via producer's own site (muirheads-whisky.com/our-whisky): Muirhead's offers a Blue Seal (blended) range and a separate Silver Seal (Speyside single malt) range; this row covers Blue Seal. No peat/smoke in tasting notes. Search results indicated a 2008 acquisition by Terroir Distillers (also owner of Tullibardine), but that page would not render this session, so owner is left blank rather than asserted from an unopened source.
muteki	Muteki	blend	XX			Les Grands Chais de France	blend	none			auto	high	https://thedailypour.com/spirit/muteki-japanese-whisky/	Identified: Muteki is a blended Japanese-style whisky bottled by Les Grands Chais de France (French drinks group); true distillation origin is undisclosed on the pages found, so countryCode is kept XX rather than asserted JP. Matured 3 years in sherry/bourbon casks plus a Mizunara finish. No peat/smoke mentioned (vanilla, ginger, citrus profile). Corrects seed's unknown/unverified status with a verified identity.
naked-grouse	The Naked Grouse	blend	GB-SCT				malt	none			auto	high	https://scotchwhisky.com/magazine/latest-news/15718/the-naked-grouse-becomes-a-blended-malt/	Re-verified directly: blended malt Scotch (malt only, no grain) from Glenturret, Highland Park and Macallan, owned by Edrington. Despite Highland Park being a peated contributor, the finished blend's own tasting notes (fudge, cooked apple, cherry) show no smoke, so peat=none for the finished product. Owner recorded as Edrington per this source; the seed's caveat that sibling brand Famous Grouse reportedly moved to William Grant & Sons in 2024/2025 could not be confirmed either way for Naked Grouse specifically and may need re-checking.
neidhal	Neidhal	brand	IN				single malt	light		amrut	auto	high	https://amrutdistilleries.com/amrut-neidhal-whisky/ https://www.whiskynotes.be/2023/world/amrut-neidhal-single-malts-of-india/	Major correction: countryCode XX->IN, kind blend->brand. Neidhal is the first release in Amrut's "Single Malts of India" independent-bottling series: spirit "procured from another [undisclosed] distillery and polished at Amrut" (amrutdistilleries.com, opened, Amrut's own domain - bottlerSlug=amrut, already live). That same page headlines it "Peated Indian Single Malt Whisky", the producer-domain corroboration the peat rule requires; whiskynotes.be (opened) qualifies it as "only light peat" on the nose (mesquite/heather smoke), so peat=light. Source distillery undisclosed ("an undisclosed coastal distillery" per whiskynotes.be), so no parentSlug. Limited release of 12,000 bottles.
nelsons-green-brier	Nelson's Green Brier	distillery	US				tennessee	none			auto	high	https://greenbrierdistillery.com/	Confirmed via greenbrierdistillery.com (opened, the producer's own domain): Nashville revival distillery; "Green Brier Tennessee Whiskey" recreates the 1860 Charles Nelson recipe, first bottled since 1909 in 2019. No peat/smoke mentioned anywhere on the producer's own site; Tennessee whiskey style (corn-based mash, charcoal mellowing) categorically excludes peat, so peat=none. The distillery also makes a separately-branded "Nelson Brothers" bourbon/rye line, not covered by this row (the catalogue sample name matches only the Tennessee-whiskey line).
new-riff	New Riff	distillery	US					none			auto	high	https://newriffdistilling.com/our-story/	Reconfirmed directly on the official site this session: independent craft distillery, Newport, Kentucky, distils/ages/bottles all of its own spirits (Bourbon, Rye, Single Malt Whiskey, Gin) -- an even wider range than the seed noted, reinforcing that defaultTypeName stays empty. No peat/smoke mentioned; bourbon/rye/American single malt is not a peated tradition here. Upgraded from low to high confidence.
nikka	Nikka Whisky	blend	JP			Asahi Group Holdings		unknown			auto	high	https://en.wikipedia.org/wiki/Nikka_Whisky_Distilling	Verified owner (Asahi Group Holdings) and structure via Wikipedia (opened): Yoichi (peated-style, maritime) + Miyagikyo (unpeated, lighter) distilleries plus Ben Nevis in Scotland (acquired 1989). Corrected defaultTypeName from blend to empty: samples span blend (Nikka, From The Barrel), single grain (Coffey Grain) and single malt via continuous still (Coffey Malt), not only blend. Peat kept unknown: Yoichi malt proportion is undisclosed per expression and Coffey Grain has no malt at all, so no single level applies across the row's samples.
nirasaki	Nirasaki	blend	JP					unknown			auto	high	https://www.kixdutyfree.jp/en/whisky-koshu-nirasaki-japanese-whisky-pure-malt-2215100141.html	Confirmed via kixdutyfree.jp (opened, a Japan-based duty-free retailer): "Koshu Nirasaki Japanese Whisky Pure Malt", from a Yamanashi-prefecture "Nirasaki Distillery" per other listings (not reopened this session); distinct "Pure Malt" and "Blended" (grain-inclusive) variants both exist, so defaultTypeName is left empty and no specific owner/bottler company was confirmed. withheld peat proposal: heavy ("strong peat" per kixdutyfree.jp and other retailer listings) - not a producer-domain source, so kept unknown.
noble-rebel	Noble Rebel	blend	GB-SCT				malt	none			auto	high	https://noblerebelmalts.com/products/noble-rebel-whisky-orchard-outburst https://noblerebelmalts.com/collections/blended-malt-scotch-whisky	IDENTIFIED (seed could not find this brand, WebSearch budget exhausted): Noble Rebel is a Blended Malt Scotch Whisky range by Loch Lomond Group (Loch Lomond Distillery, Alexandria, Scotland; loch-lomond already live in the KB). Three named expressions: Orchard Outburst (unpeated, fruity/citrus -- this baseline row), Hazelnut Harmony, and Smoke Symphony (peated -- see rule.tsv, matched by name pattern since "Smoke Symphony" contains no literal "peat" keyword).
nobushi	Nobushi	brand	JP			distilled by Kiyokawa Co Ltd (Nagano Prefecture); marketed by Fraternity Spirits (Costa Rica)		unknown			auto	high	https://nobushiwhiskey.com/	Confirmed via nobushiwhiskey.com (opened, footer credits (c) Fraternity Spirits): a blend of malt and grain whisky from Miyagi/Nagano/Hokkaido, distilled by Kiyokawa Co Ltd in Nagano Prefecture, Japan, and marketed internationally by Fraternity Spirits World (Costa Rica-based, per trade press seen via search, not reopened this session). No peat/smoke mentioned on the producer's own site.
nor-loch	Nor'Loch	blend	GB-SCT					unknown			unverified	low		Re-searched this round with several spellings ("Nor'Loch", "Norloch", "Nor Loch"); confirmed only the historical Edinburgh loch (drained in the late 18th century, now Princes Street Gardens/Waverley Station) - no whisky brand of this name found anywhere. The seed's undisclosed-source single-malt theory remains plausible but unconfirmed; kept low.
o-brian	O'Brian	blend	IE			Fauconnier (La Martiniquaise)	blend	none			auto	high	https://artdrink.com.ua/en/whisky/obrian-viski-category	Verified: O'Brian is a triple-distilled blend of grain and malt distillates, marketed as Irish whiskey; produced/bottled by Fauconnier (est. 1829, part of La Martiniquaise since 2011), with blending/filtration stated to occur in France. Coded IE per the marketed "Irish whiskey" category (consistent with Irish-origin distillate under the GI, final blending/bottling in France being common practice). No peat/smoke mentioned. Corrects seed's GB-SCT guess -- this is not Scotch.
o-dohertys	O'Dohertys	brand	IE			Lighthouse Drinks Limited	blend	none			auto	high	https://www.lighthousedrinks.com/brands/odohertys	Corrected kind blend->brand: confirmed via lighthousedrinks.com (opened, the brand owner's own domain, Cork, Ireland): O'Doherty's is a private-label "traditional style Irish whiskey" - a blended Irish whiskey - offered by Lighthouse Drinks Limited ("Alternative labels can be created for other styles of whiskey or age statements" confirms it is Lighthouse's own private-label line rather than an independent producer). No peat mentioned; kept none per the ordinary-Irish-blend default.
o-liam	O'Liam	blend	IE				blend	none			auto	high	https://irishwhiskeyauctions.ie/views/product.php?id=65658229	Confirmed via irishwhiskeyauctions.ie (opened): "an Irish whiskey produced for the Irish market", 40% ABV, 70cl, generic "Irish Whiskey" category with no named distillery. No peat mentioned; kept none per the ordinary-Irish-blend default (matches seed).
o-neills	O'Neill's	blend	IE			West Cork Distillers	blend	none	west-cork		auto	high	https://www.patsirishwhiskey.com/oneills-irish-whiskey/	Resolved (seed found nothing): O'Neill's Blended Irish Whiskey is a West Cork Distillers label (Skibbereen, West Cork, Ireland; "west-cork" is an existing live producer, set as parentSlug). Sherry-cask-influenced, sweet/honeyed profile; no peat mentioned, consistent with ordinary Irish blend convention.
oakeshott	Oakeshott	blend	GB-SCT				blend	unknown			auto	high	https://alcofan.com/marka-viski-oakeshott.html	Identified via alcofan.com: Oakeshott is a blended Scotch whisky (15% single malt) produced by Glasgow Whisky Limited (est. 2007 by Graham Taylor and Stewart Hendry, Glasgow), sourcing malt/grain from Speyside and the Highlands. That source describes "a light peat component" / "light peatty smoke", but since it is a third-party retailer/blog rather than the producer's own domain (glasgowwhisky.com could not be confirmed this session to mention Oakeshott directly), peatProfile is left unknown rather than asserted -- withheld peat proposal: light, per https://alcofan.com/marka-viski-oakeshott.html.
ogilhinn-nessia	Ogilhinn Nessia	brand	GB-SCT					unknown			auto	high	https://ichehar.com/annuaire/ogilhinn	Identified (seed found no web presence): Ogilhinn Nessia is a real Scotch whisky range, confirmed product "Ogilhinn Nessia Speyside Single Malt Whisky". Search results (whiskybase.com, Cloudflare-blocked this session so not independently opened) describe it as a bottler based in Scotland/UK with Speyside single malt and sherry-cask expressions, plus (per Ukrainian retailer listing snippets, not independently opened either) a "Choice" blend and "Storm"/"Cloud" single malts -- consistent with a multi-region own-label range, so kind is recorded as "brand" rather than "bottler" pending confirmation and region/defaultTypeName are left empty. The two catalogue sample names ("Highland Phantom Peak", "Speyside Celestia Creek") were not found verbatim anywhere on the web; they appear to be this same regionally-themed range under different specific bottlings. No peat evidence found, but the range is broad and unconfirmed, so kept unknown rather than none.
oh-ingram	O.H. Ingram	distillery	US			The Ingram Distillery	bourbon	none			auto	high	https://ingramwhiskey.com	Verified via producer's own site: O.H. Ingram is the brand of The Ingram Distillery ("the only floating barrelhouse"), Columbus, Kentucky -- ages Kentucky Straight Bourbon Whiskey aboard barges on the Mississippi River ("Mellowed on the Mississippi"). Flagship expressions include Flagship Bourbon and Single Barrel Captain's Choice (base spirit reported by third-party reviews to be distilled under contract at Green River Distillery, Owensboro, KY, then river-aged by Ingram). No peat/smoke; American bourbon norm. Corrects seed's low-confidence name-pattern guess with a verified identity; kind corrected from "blend" to "distillery".
old-angus	Old Angus	blend	GB-SCT			R. H. Thomson & Co. (Distillers) Ltd. (historical Leith blender; folded into the Distillers Company Ltd./Diageo lineage)	blend	unknown			auto	high	https://scotchwhisky.com/whiskypedia/2835/rh-thomson-company-distillers/	Confirmed via scotchwhisky.com Whiskypedia (opened): R. H. Thomson & Co. (Distillers) Ltd., established 1938 in Leith, became part of the Distillers Company Ltd. (DCL)/Diageo lineage; "Old Angus Blended Scotch Whisky" is one of its listed products (their main historical brand was "Robbie Burns"). The company is defunct/dormant, so the current rights-holder for the export bottling sold in this catalogue is unclear. No peat mentioned for R H Thomson's own products; a separate, unrelated 1940s bottler (Train & McIntyre) released an "Old Angus Liqueur Blended Scotch Whisky" that one reviewer called peaty, but that is a different historical product and not evidence for the modern bottling, so peat is kept unknown rather than inheriting that note.
old-ballantruan	Old Ballantruan	brand	GB-SCT	speyside	speyside	Angus Dundee Distillers	single malt	heavy	tomintoul		auto	high	https://tomintoulwhisky.com http://oldballantruan.com/about-us/	Verified via producer's own domain (oldballantruan.com, Angus Dundee's dedicated site for this brand): "heavily peated malted barley", "Speyside Peated Single Malt" -- corroborates heavy peat directly from the producer's domain (satisfies the positive-peat rule). Owner Angus Dundee Distillers confirmed via tomintoulwhisky.com footer. Upgraded from low to high confidence.
old-bardett	Old Bardett	brand	ES			Bardinet S.A.		none			auto	high	https://alcomag.ua/ua/viski-bourbon-old-bardett-0-7-l/	Producer identified via alcomag.ua spec sheet: Виробник (Producer) = BARDINET S.A., Країна (Country) = Іспанія (Spain), barcode 8410490268859 (EAN prefix 841 = Spain, consistent). Bardinet is the same French/Spanish spirits company already known in this KB for Sir Edwards. The label itself states Type = Бурбон (Bourbon) despite the Spanish origin -- almost certainly not genuine Kentucky bourbon, so defaultTypeName is left empty rather than asserting an implausible category; flagged for human review. Not the same producer as the differently-spelled "Jim Bardett" row.
old-barny	Old Barny	brand	EE			Koch OÜ	blend	none			auto	high	https://koch1872.com/product/old-barny-whisky/	Corrected countryCode from GB-SCT to EE (Estonia) -- verified via the producer's own site, koch1872.com ("Koch OÜ, Lootsi 10, 10151 Tallinn"), which lists Old Barny Whisky (40% vol) with three Estonian-registered EANs (4742883... prefix). Not a Scotch whisky at all; region/legalRegion cleared accordingly. defaultTypeName=blend inferred from category convention for a basic no-frills product (not explicitly stated on the producer page).
old-castle	Old Castle	brand	GB-SCT					unknown			auto	high	https://silpo.ua/product/viski-old-castle-single-malt-scotch-whisky-v-korobtsi-847726	Verified as genuine Scotch Whisky branding (label reads "Single Malt Scotch Whisky") via an opened Silpo listing; Whiskybase also lists separate "Old Castle Blended Scotch Whisky" and "Old Castle Finest Scotch Whisky" entries under the same brand, so this is a multi-type range -- defaultTypeName left empty. No specific bottler/owner company confirmed this session (a possible link to Ukraine's Global Spirits/Khortytsa could not be confirmed) -- flagged for review. Note: oldcastle.ck.ua is an unrelated Cherkasy restaurant, not the producer -- do not use as a source.
old-ezra	Old Ezra	brand	US			Luxco (MGP Ingredients)		none	lux-row-distillers		auto	high	https://en.wikipedia.org/wiki/Ezra_Brooks https://www.luxrowdistillers.com/	Upgraded from low, and corrected: Old Ezra is not an independent line but a higher-proof (101 proof, 7yo) expression within the Ezra Brooks family (Wikipedia, opened this session), currently "owned and marketed by MGP Ingredients", which acquired Luxco in April 2021; production is at "Luxco's Lux Row Distillers" in Bardstown, Kentucky. Set owner=Luxco (MGP Ingredients) accordingly. Added a new "lux-row-distillers" producer row this session (see producer.tsv) since it is not in live-slugs.txt or this batch, and confirmed it is a real physical distillery via its own site (luxrowdistillers.com), which lists Ezra Brooks among its brands (though not "Old Ezra" by that exact sub-name -- consistent with Old Ezra being an expression of Ezra Brooks rather than a separately branded line). Samples span both rye and bourbon so defaultTypeName stays empty. No peat statement; American whiskey category norm.
old-glasgow	Old Glasgow	blend	GB-SCT				blend	none		hart-brothers	auto	high	https://whisky.auction/auctions/lot/197363/old-glasgow-blended-scotch-whisky	Verified via an opened Whisky.Auction lot: "Old Glasgow Blended Scotch Whisky", bottled 1983, Bottler = Hart Brothers, Country = Scotland -- bottlerSlug set to the already-live hart-brothers. Other retail listings (Total Wine, geo-blocked this session) also describe an "Old Glasgow 8 Year Old Single Malt" (Speyside) under the same name, possibly a separate modern product -- unconfirmed this session, flagged for a human to check whether a second row is warranted. No peat/smoke mentioned in any source.
old-overholt	Old Overholt	brand	US			Suntory Global Spirits	rye	none	jim-beam		auto	high	https://en.wikipedia.org/wiki/Old_Overholt	Re-verified via Wikipedia: rye whiskey, manufacturer Suntory Global Spirits, produced at the Jim Beam distillery (Clermont, Kentucky) -- confirms the seed's fields exactly (owner, parent=jim-beam, type=rye). America's oldest continuously produced whiskey brand (est. 1810).
old-perth	Old Perth	blend	GB-SCT			Morrison Scotch Whisky Distillers (formerly Morrison & Mackay)	malt	none		morrison-mackay	auto	high	https://www.oldperthwhisky.co.uk/about-us	Confirmed via the brand's own official site (opened): owned/operated by Morrison Scotch Whisky Distillers, 'solely owned and operated by ... Jamie and Brian Morrison' (the company traded as Morrison & Mackay until 2020). Set bottlerSlug=morrison-mackay, a live producer slug. Corrected defaultTypeName from blend to malt: the official page calls it a 'Blended Malt Scotch Whisky' (built around ex-Bourbon-matured Aultmore per secondary sources), i.e. a vatted malt with no grain component, not a grain-inclusive blend. No peat mentioned on the official page; kept none per the seed's reasoning plus Aultmore's own unpeated Speyside house style.
old-rip-van-winkle	Old Rip Van Winkle	brand	US			Sazerac Company	bourbon	none		buffalo-trace	auto	high	https://www.buffalotracedistillery.com/our-brands/van-winkle/old-rip-van-winkle-10-year/	Re-verified via the producer's own site (buffalotracedistillery.com): Kentucky Straight Bourbon Whiskey, wheated mash, bottled by Buffalo Trace under the Van Winkle brand. Tasting notes mention a "smoky wheat finish" -- standard bourbon oak-char language, not peat; confirms peatProfile=none.
old-route-8	Old Route 8	blend	US			Augusta Distillery	bourbon	none			auto	high	https://augustakydistillery.com/products/old-route-8	Re-verified via the producer's own site: 8-year cask-strength single-barrel Kentucky straight bourbon. No smoke/peat in tasting notes (oak, vanilla, brown sugar, baking spices only). Sourced-distillery rumor (Heaven Hill) remains unconfirmed, so no parentSlug given, matching the seed's caution.
old-smittys	Old Smitty's	brand	GB-SCT			Brave New Spirits Ltd	single malt	none			auto	high	https://www.bravenewspirits.com/volume-brands https://whisky.auction/auctions/lot/191668/old-smittys	Fully verified via the producer's own domain (bravenewspirits.com/volume-brands): "Old Smitty's -- Single Malt Scotch Whisky ... selected from one of Scotland's finest distilleries" -- no peat/smoke language, unlike their separate "Lighthouse" peated/unpeated blend, so peatProfile=none. Brave New Spirits Ltd is an independent whisky bottling company based in Glasgow (confirmed via whisky.auction: Country=Scotland, Classification=Single Malt Scotch Whisky, "bottled for Brave New Spirits"). One IWSC competition entry's tasting note mentions "bonfire smoke" while a different IWSC entry for the same product does not -- kept peatProfile=none per the producer's own consistent messaging, but flagging the conflicting third-party note for a human reviewer.
old-tullymet	Old Tullymet	blend	GB-SCT			Old Tullymet Whisky Company Ltd	blend	none			auto	high	https://okwine.ua/ru/manufacturer/old-tullymet	Re-verified via an opened OKWine retailer page, which independently repeats the full Tullymet distillery history (built 1812 as Auchnagie, renamed Tullymet 1890, closed 1911) and states Country=Scotland -- confirms the seed's research exactly. The producer's own site (oldtullymet.com) could not be reached this session (connection denied/failed).
old-virginia	Old Virginia	blend	US			La Martiniquaise	bourbon	none			auto	high	https://caskcartel.com/products/old-virginia-original-kentucky-straight-bourbon-whiskey-700ml	Upgraded from low: re-opened the seed's caskcartel.com citation this session and confirmed it describes Old Virginia as "a classic American bourbon whiskey distilled in Kentucky" under La Martiniquaise. "Kentucky Straight Bourbon Whiskey" is itself a US-only legal designation, which anchors countryCode=US regardless of the French parent company (a non-distiller-producer/sourced arrangement, not an own-distillery claim). No peat statement; standard bourbon mashbill, no peated malt.
old-woody	Old Woody	brand	US				bourbon	none			auto	high	https://whiskyauctioneer.com/learn/explore-whisky/bottles/old-woody-8-year-old-kentucky-bourbon	Corrected from fully unresearched to verified: "Old Woody 8 Year Old Kentucky Bourbon", 40%, 70cl -- a genuine Kentucky straight bourbon (not an unclassifiable own-label). No owning company identified this session; likely an undisclosed-source NDP bottling. No peat (standard bourbon).
onikishi	Onikishi	blend	XX			Milestone Beverages	blend	none			auto	high	http://www.milestonebeverages.com/brand/onikishi	Re-verified via producer's own site. Onikishi ("demon knight", 鬼侍) is a Blended Japanese Whisky owned by Milestone Beverages, a Hong Kong-headquartered brand developer/global distributor (portfolio also includes Mixology, Stateless, Taisteal, Blowfish, Atilius) -- no Japan-based distillery confirmed, so countryCode is corrected to XX rather than JP. CORRECTION: seed set peatProfile=light citing this same page's "cedar smoke" (Demon Knight finish) and "light smoky close" (Deadly Sakura finish) notes, but the producer's own copy attributes this to cedar/Mizunara-type cask aging, not peated malt -- cask-derived smoke is not peat (same distinction the KB draws for Jack Daniel's charcoal mellowing). peatProfile corrected to none; added flavor.tsv "smoky" (baseline, non-peat) instead.
opatrick	O'Patrick	brand	IE				blend	none			auto	high	https://nokovandson.com/p/o-patrick-irish https://whiskyauctioneer.com/learn/explore-whisky/bottles/opatrick-irish-whiskey	Corrected countryCode from XX to IE: verified via an opened Bulgarian retailer page stating "Произход: Ирландия" / "Дестилирано, отлежало и бутилирано в Ирландия" (distilled, matured and bottled in Ireland) for O'Patrick Irish Whiskey, triple-distilled, 40% ABV. The EAN barcode prefix (301, on the Whisky Auctioneer listing) suggests French registration for the brand/importer, but "Irish Whiskey" is a protected designation requiring Irish distillation regardless of who owns/bottles the brand. No owning company confirmed. No peat (standard Irish blend).
orphan-barrel-rhetoric	Orphan Barrel Rhetoric	blend	US				bourbon	none		orphan-barrel	auto	high	https://thebourbonconcierge.com/collections/orphan-barrel	Re-verified via an opened retailer/collection page: "Rhetoric" is a Kentucky Straight Bourbon release under the Orphan Barrel collection with several age statements (20/21/24/25 years). Matches the seed's fields; still no confirmed specific source distillery for this release, so kind stays blend.
paddy	Paddy	blend	IE			Sazerac Company	blend	none			auto	high	https://en.wikipedia.org/wiki/Irish_Distillers https://scotchwhisky.com/magazine/whisky-heroes/26998/paddy-o-flaherty-paddy-irish-whiskey/	Confirmed: sold by Irish Distillers/Pernod Ricard to Sazerac in 2016 (re-verified via Wikipedia and scotchwhisky.com's Whisky Heroes profile, both fetched this session); produced under contract at Midleton since 1975. Neither page states a peat level for Paddy specifically; none is kept per the well-established convention that Midleton's mainline blends (Jameson, Powers, Paddy) use unpeated malt.
pearse	Pearse	distillery	IE			Lyons family		none			auto	high	https://pearselyonsdistillery.com/about-us/	Upgraded from low: re-opened the seed's own citation this session and confirmed founder Dr. Pearse Lyons (d. March 2018), Dublin (James's Street, in a restored church), and that the distillery -- now led by son Mark Lyons, seventh generation of the family in spirits -- produces both single malt ("The Pearse 5-Year-Old", first new Irish distillery malt in 25+ years) and single pot still (from 2019). Added owner=Lyons family. defaultTypeName left empty -- the input's own sample "Pearse Distillers Blend" plus single malt/pot still releases span multiple types; the about-us page itself does not mention the blend. No peat mentioned; Irish whiskey of this style is typically unpeated (category-level).
peat-chimney	Peat Chimney	blend	GB-SCT				blend	unknown		wemyss-malts	auto	high	https://scotchwhisky.com/whiskypedia/2820/peat-chimney/	Confirmed identity/producer this session (Wemyss Malts, Fife) via scotchwhisky.com/whiskypedia, reachable this session where the seed round's attempts all failed. Peat corrected from a vague "flag as likely heavy" to a properly withheld claim: independent sources agree the character is moderate/balanced, not extreme -- "peat plays a supporting role to exotic spices, moss and dark fruits" (scotchwhisky.com), 16 constituent malts "not all from Islay", "not an in-your-face blast of peat" (Scotch Noob review). A Wemyss Malts own-domain product page exists (wemyssmalts.com/products/peat-chimney-70cl-1) but its TLS handshake failed on every attempt this session, so it could not be opened directly. Withheld peat proposal: medium, per https://scotchwhisky.com/whiskypedia/2820/peat-chimney/ -- kept unknown pending an openable producer-domain source.
penelope	Penelope	blend	US			MGP Ingredients (via Luxco, 2023)		none			auto	high	https://penelopebourbon.com/our-story/	Non-distiller brand (HQ Rumson, New Jersey) producing at MGP's Ross & Squibb distillery; acquired by MGP through Luxco in 2023. Range spans straight bourbon AND straight rye plus finishes, so defaultTypeName cleared (was bourbon). American bourbon and rye mash bills use no peated malt.
pennypacker	Pennypacker	brand	US			Heaven Hill	bourbon	none		heaven-hill	auto	high	https://www.bourbonbanter.com/pennypacker-bourbon-review	Corrected from unclassified to verified: PennyPacker is a Kentucky Straight Bourbon distilled by Heaven Hill (confirmed via an opened Bourbon & Banter review: "DISTILLER: Heaven Hill then shipped to Borco for bottling and return to U.S. shelves"), 3+ years, undisclosed mashbill (>=70% corn). Also sold in Ukraine (goodwine.ua, silpo.ua per search results). No peat.
pickup-truck	Pickup Truck	brand	US				bourbon	none			auto	high	https://packagingoftheworld.com/2020/09/pickup-truck-bourbon.html	Corrected from unverified to verified via an opened packaging-design portfolio page describing the real product: a high-corn-mashbill bourbon blended from barrels aged 5-6 years in virgin oak casks, "deep in bourbon country" (US branding). No owning company named. No peat.
pigs-nose	Pig's Nose	blend	GB-SCT			Ian Macleod Distillers	blend	none		ian-macleod	auto	high	https://www.ianmacleod.com/brands/pigs-nose https://en.wikipedia.org/wiki/Ian_Macleod_Distillers	Upgraded to high confidence: verified directly on the producer's own domain (ianmacleod.com/brands/pigs-nose) -- blended from Lowland/Speyside/Highland malt and grain whiskies, tasting notes "gentle and sweet ... slightly coastal", no peat/smoke claimed. Confirms the seed's acquisition history (ex-Spencerfield Spirit Company, bought by Ian Macleod 2016) via Wikipedia. One IWSC competition entry for this whisky separately notes "bonfire smoke" while another IWSC entry for the same product does not -- kept peatProfile=none per the producer's own domain (the rule's evidentiary bar) but flagging the conflict for a human reviewer. bottlerSlug set to new row ian-macleod (see below).
pipe-dream	Pipe Dream	brand	US				bourbon	none	redwood-empire		auto	high	https://redwoodempirewhiskey.com/	Confirmed via Redwood Empire's own site: "Pipe Dream Bourbon", one of its everyday releases. No peat/smoke mentioned. Parented to the new "redwood-empire" row added in this batch's producer.tsv.
pokeno	Pokeno	distillery	NZ			Pokeno Whisky Company	single malt	none			auto	high	https://pokenowhisky.com/	New Zealand's largest single malt distillery (Waikato, founded 2017 by Matt and Celine Johns). The producer's own site never mentions peat; its smoky direction is manuka-wood smoked malt, not peat. whisky.com's database states Pokeno Origin is unpeated (seen via search results, page not opened - noted honestly). Peat upgraded unknown to none on that basis.
poli	Poli	distillery	IT				malt	light			auto	high	https://www.poligrappa.com/eng/distillates/segretario-di-stato	Major correction: this IS a genuine whisky, verified directly on the producer's own domain (poligrappa.com, Jacopo Poli's distillery, Veneto/Bassano del Grappa, Italy): "Segretario di Stato ... Raw material: Pure Malt, pleasantly peaty; aged 5 years and finished in Amarone barrels." "Pleasantly peaty" ("gradevolmente torbato") read as light rather than heavy -- the positive peat claim satisfies the corroboration rule via the producer's own domain. Not a mislabeled grappa product as the seed suspected (the seed's poligrappa.com fetch apparently failed/404'd; it loads fine this session). kind upgraded to distillery since Poli genuinely distills it themselves ("artisanal distillation with a discontinuous bain-marie still").
port-askaig	Port Askaig	brand	GB-SCT	islay	islay		single malt	heavy		elixir-distillers	auto	high	https://scotchwhisky.com/whiskypedia/2073/port-askaig/ https://www.htfw.com/distilleries/port_askaig	Reconfirmed this session: curated range of undisclosed single malts from Islay, launched 2009 by Sukhinder Singh/Elixir Distillers (then Speciality Drinks). Widely and consistently reported across independent reviews to be sourced from Caol Ila and described as "classic heavily-peated... salty and peaty" alongside a "balanced"/"elegant" house style -- kept heavy per the seed, corroborated rather than contradicted; region=islay independently satisfies the positive-peat gate regardless of exact intensity. Source distillery still deliberately left blank per the undisclosed-label rule.
powers-johns-lane	Powers John's Lane	brand	IE			Irish Distillers (Pernod Ricard)	single pot still	none	midleton		auto	high	https://en.wikipedia.org/wiki/Powers_(whiskey)	Verified via Wikipedia (Powers (whiskey)), fetched this session: Irish Distillers/Pernod Ricard-owned, produced at Midleton; John's Lane Release is a 12yo single pot still expression (matured mainly in ex-bourbon casks with some sherry-cask input), a relaunch of the pre-1976 single-pot-still style, distinct from the standard Powers Gold Label blend. No peat mentioned; Irish pot still whiskey is never peated. Confidence raised from low to high.
prohibido	Prohibido	brand	MX			Cervecera Mexicana S.A. de C.V.	single malt	unknown			auto	high	https://www.garrafeiraveneza.com/en/adega/whisky/single-malt/prohibited-ley-seca-3-years070-16171/ https://reviews.whiskeyfellow.net/2026/05/prohibited-ley-seca-mexican-single-malt.html	Major correction: fully identified via two opened sources. Full name "Prohibited Ley Seca" (De La Enmienda XVIII) is a genuine Mexican Single Malt whisky produced for Cervecera Mexicana S.A. de C.V. (also known for Day of the Dead and Mexicali beers), distilled from 100% malted barley from Mexico's Bajío region, aged 3 years in lightly-toasted ex-bourbon barrels, 40% ABV. Not a Prohibition-themed cocktail as the seed suspected -- a real, current product. Tasting notes mention "a bit of smoke" on the finish but read as dark-roast-coffee/char character rather than a peat claim, and no source states peat explicitly -- kept unknown per the caution rule.
prologue	Prologue	blend	GB-SCT			Chapter 7	blend	none		chapter-7	auto	high	https://scotchnoob.com/2021/10/04/chapter-7-prologue/ https://chapter7whisky.com/pages/anthology-our-whisky	Identified this session (seed round found no web presence): Prologue is independent bottler Chapter 7 Whisky's blended-malt series, vatted from Speyside+Highland single malts in bourbon casks, ~6000-bottle batches, no age statement. New bottlerSlug row chapter-7 created (see below). Standard batches are unpeated per scotchnoob.com's review (no peat mentioned); "Prologue Peated" is a distinct small-batch edition confirmed directly on chapter7whisky.com's own site (Prologue Peated Edition 4, World Edition 2/3, IWCS Silver 90pts) - handled as a name-pattern rule rather than a separate row, per the Bruichladdich/Port Charlotte precedent - see rule.tsv.
proper-no-twelve	Proper No. Twelve	blend	IE			Proximo Spirits	blend	none			auto	high	https://www.properwhiskey.com/products/proper-no-twelve-whiskey-original	Reconfirmed directly on the brand's own official site this session: Eire Born Spirits (Conor McGregor), Irish whiskey, triple-distilled blend of grain and single malt, minimum 4 years in charred ex-bourbon barrels. No peat/smoke mentioned; vanilla/honey/toasted-wood notes only. Upgraded from low to high confidence.
puni	Puni	distillery	IT				single malt	none			auto	high	https://www.puni.com/en/	Verified via own site: Glurns, Venosta Valley, South Tyrol, Italy, "The Italian Malt Whisky". Every current range (Core: GOLD/SOLE/VINA; ARTE; and others) is described with fruit/vanilla/honey/oak notes and no peat or smoke anywhere.
quality-house	Quality House	brand	US			Heaven Hill		none		heaven-hill	auto	high	https://www.breakingbourbon.com/review/quality-house-old-style-bourbon	Re-verified via an opened Breaking Bourbon review: "Company: Heaven Hill, Distillery: Heaven Hill" -- "Quality House Distillers" is one of the DBA names Heaven Hill trades under. Confirms the seed exactly. The range spans both a Straight Bourbon and a separate "Mild & Mellow Kentucky Blended Whiskey" under the same Quality House name (confirmed via retailer images), so defaultTypeName correctly stays empty. "Touch of smokiness" in the nose is standard bourbon oak-char language, not peat.
quiet-man	The Quiet Man	blend	IE			MGP Ingredients (Luxco / Niche Drinks)		unknown			auto	high	https://mgpingredients.com/branded-spirits/niche-drinks	Confirmed via MGP's own page (opened): Niche Drinks (Derry, Northern Ireland) is described as 'Luxco's Irish extension', and MGP Ingredients now owns Luxco. No peat mentioned anywhere. countryCode kept IE per the seed's documented convention (the product is marketed/sold under the Irish whiskey geographic category) though Derry is politically in the UK. Range spans a blend and an 8-year single malt, so defaultTypeName stays empty.
rabbit-hole	Rabbit Hole	distillery	US			Pernod Ricard		none			auto	high	https://www.rabbitholedistillery.com/ https://www.rabbitholedistillery.com/pages/the-creative-spirit	Louisville, KY distillery; confirmed via official site (fetched this session), whose footer links to pernod-ricard.com confirm Pernod Ricard ownership. Core Four line (Cavehill, Heigold, Dareringer, Boxergrail) spans bourbon and a 95%-rye whiskey, so defaultTypeName is left empty. Mash bills (corn/wheat/barley/rye combinations) confirmed to contain no peated malt; no peat/smoke mentioned anywhere on the official site. Confidence raised from low to high.
ragtime-rye	Ragtime Rye	brand	US			New York Distilling Company	rye	none			auto	high	https://www.nydistilling.com/spirits/ragtime-rye	Corrected from unresearched to fully verified via the producer's own domain: "Ragtime Rye -- American Straight Whiskey. Distilled from rye proudly grown in New York State" by New York Distilling Company (Brooklyn, NY craft distillery). No peat (standard American rye).
rammstein	Rammstein	blend	IE			Rammstein Spirits	blend	none			auto	high	https://www.urban-drinks.de/en/rammstein-whiskey-07l-43-vol.html	Re-verified via an opened German retailer page, which categorizes it under Whisky > Whiskies worldwide > Irish whiskey. Part of a wider Rammstein-branded spirits range (rum, gin, vodka, tequila, wine) tied to the German rock band. Matches the seed's fields exactly. No peat.
redwood-empire	Redwood Empire	distillery	US					none			auto	high	https://redwoodempirewhiskey.com/products/	Northern California craft whiskey producer; official products page (fetched this session) confirms the full range spans bourbon (Pipe Dream, Colonel Armstrong, Screaming Titan, Grizzly Beast), rye (Emerald Giant, Van Duzen, Rocket Top, Devils Tower), a blend (Lost Monarch, Hyperion) and a single malt (Foggy Burl) - defaultTypeName correctly left empty. No peat/smoke mentioned anywhere on the page. Confidence raised from low to high.
reki	Reki	brand	JP			Helios Distillery	blend	none			auto	high	https://en.jpwhisky.net/reki-blendedwhisky-2-48647/ http://whisky.helios-shop.jp	Corrected from fully unresolved to verified: Reki is a genuine Okinawan blended whisky by Helios Shuzo (Helios Distillery) -- confirmed on the producer's own domain (whisky.helios-shop.jp). Blends in-house malt whisky with selected Scottish malt whisky and grain whisky, aged three years in Okinawa's tropical climate. Detailed tasting notes (yeast, rice husk, vanilla, spice, mango, pineapple, coffee) carry no smoke/peat descriptor across two independent reviews.
reservoir	Reservoir	distillery	US					none			auto	high	https://www.reservoirdistillery.com/	Re-verified via the producer's own site: Richmond, Virginia craft distillery (est. 2008) producing bourbon, rye and other grain whiskies (confirmed a distinct "Reservoir Rye" product line). No peat mentioned; defaultTypeName stays empty (multi-type range).
restless-pony	Restless Pony	blend	US			Regno (Ukrainian importer/brand owner)		none			auto	high	https://trademaster.ua/articles/313848 https://winewine.ua/whiskey/restless-pony-rye/	Ukraine-market private label owned by Ukrainian distributor Regno, contract-produced at an undisclosed large Tennessee distillery using the Lincoln County Process; the actual US distillery is unidentified. Range spans an Original and a Rye, so defaultTypeName cleared (was rye). No smoke language anywhere; American mash bills are unpeated. Probable Cyrillic spelling seen only in a retailer URL slug - not added as an alias.
river-proof-series	River Proof Series	brand	US			Augusta Distillery	bourbon	none			auto	high	https://kybourbondirect.com/products/river-proof-series-wheated-bourbon-750ml https://caskcartel.com/products/augusta-river-proof-series-straight-bourbon-whisky	Identified this session (seed round exhausted its search budget with no match). "River Proof Series" is a distillery-exclusive bourbon line from Augusta Distillery (Augusta, Kentucky area; founded by Lance Bates and partners), sold via Kentucky Bourbon Direct (wheated bourbon) and CaskCartel (straight bourbon, 61.6% ABV). Both retailer pages were fetched directly this session; no official Augusta Distillery site could be located. Reclassified kind from blend to brand (a single distillery's exclusive line, not a blended product) and countryCode from XX to US. No peat mentioned; US bourbon mash bills are not peated.
river-queen	River Queen	blend	GB-SCT				blend	none			auto	high	https://slaur.com/en/produit/river-queen-blended-scotch-whisky/ https://blindtaste.eu/product/river-queen-blended-scotch-whisky/	Confirmed genuine Blended Scotch Whisky (legally must be Scotland-made) via two retailer/export pages opened this session; sold through multiple unrelated négociants (SLAUR SARDET/France among others, also seen via Uruguay/Maldives retailers) with no single identifiable trademark owner, so owner left blank. No smoky or Islay branding found anywhere; peat corrected from unknown to none as an ordinary blend, country corrected from XX to GB-SCT.
robert-burns	Robert Burns	blend	GB-SCT			Isle of Arran Distillers	blend	light	arran		auto	high	https://www.arranwhisky.com/shop-whiskies/arran-blended-whiskies/11-the-robert-burns-blend	Peat corrected from none to light: Arran's own site states the Robert Burns Blend carries "a subtle hint of peat smoke" alongside Arran single malt at its heart. Officially endorsed by the Robert Burns World Federation since 1998 (the only distillery permitted to use his name/signature). Arran also sells a separate Robert Burns single malt (unpeated) -- if the catalogue actually scrapes that product rather than the blend, peat should revert to none; flagged for reviewer to confirm which one this row represents. Added parentSlug=arran.
rock-island	Rock Island	blend	GB-SCT			Douglas Laing & Co	blend	light		douglas-laing	auto	high	https://www.douglaslaing.com/products/rock-island	Peat upgraded from the seed's cautious "light, not confirmed" to a properly gate-qualifying claim: Douglas Laing's own official product page (opened this session) describes it as "soft and rather sweet peat paralleled with smoke" -- producer-domain corroboration for a positive claim. Blend of single malts from Islay, Arran, Jura, Orkney "(amongst others)"; formerly named Rock Oyster.
royal-canadian	Royal Canadian	blend	CA			Sazerac Company	blend	none			auto	high	https://cluboenologique.com/product/royal-canadian-small-batch-canadian-whisky-2/	Confirmed as a genuine Sazerac Company Canadian whisky brand, barrels selected by Sazerac's own master blender; country Canada per the product's own listing. No peat/smoke mentioned; Canadian whisky is essentially never peated, category default retained but now backed by a real, confirmed brand.
royal-oak-distillery	Royal Oak Distillery	distillery	IE					none			auto	high	https://thebusker.com/en/the-distillery/ https://thewhiskeywash.com/irish-whiskey/whiskey-reviews-the-busker-irish-whiskey-line/	New row for the-busker (parentSlug). Irish whiskey distillery on an 18th-century estate in Co. Carlow, Ireland; produces pot still, malt and grain whiskey under one roof; home of The Busker brand; owned by Disaronno International/Illva Saronno S.p.A. No peat evidence.
royal-stag	Royal Stag	blend	IN			Pernod Ricard	blend	none			auto	high	https://en.wikipedia.org/wiki/Royal_Stag https://www.pernod-ricard.com/en/brands/royal-stag	Catalogue brand string for this row is "Seagram's Gin" but the sample product is "Seagram's Royal Stag Deluxe" - an Indian whisky (blend of Indian grain spirits + imported Scotch malts, launched 1995, Pernod Ricard-owned since 2001), not a gin; almost certainly a shop miscategorisation - FLAG FOR HUMAN REVIEW of the "Seagram's Gin" catalogue string. Confirmed via Wikipedia and Pernod Ricard's own brand page (both fetched this session). No source states peat use; treated as an ordinary mass-market blend (no smoky/peaty marketing, only a generic "touch of smoke" tasting note). Confidence raised from low to high.
rozelieures	Rozelieures	distillery	FR			Distillerie Grallet-Dupic	single malt	none			auto	high	https://whiskyrozelieures.com/notre-histoire/	Re-verified via producer's own site: vertically integrated single malt distillery in Rozelieures, Lorraine, France, run by the Grallet-Dupic family (6 generations); whisky production launched 2001 by Christophe Dupic. Base/core range (Rare Collection, Subtil Collection, Origine) is unpeated. Two separate peated lines confirmed on the producer's own site and added as rule.tsv rows since neither uses the English word "peat" (so the KB's generic "peated" keyword rule would not catch them): Tourbe (Tourbe Collection, own copy: peat "discreet/masked") and Fume (Fume Collection, own copy: "delicate" peat plus heavy ex-sherry cask char) -- both recorded as light.
ruotkers	Ruotker's	brand	AT			Destillerie Golles (David Golles)		unknown			auto	high	https://davidgoelles.at/ruotkers-whiskey	Verified via producer's own site (corrects seed's "German-market brand" guess, whose two fetch attempts had failed): Ruotker's is the whiskey brand of Destillerie Golles, a family distillery in Riegersburg, AUSTRIA (distilling since 2003). Range includes Ruediger I/II (five-grain blend, matches sample "Ruotker's Ruediger"), Alois (rye finished in plum brandy cask), 100% Rye, 100% Corn aged in Oloroso Sherry cask (matches sample "Ruotker's Oloroso Sherry Cask"), Wilhelm (peated Scottish barley single malt) and a limited Peated Single Malt (PX sherry finish). Because the range spans both peated and unpeated expressions under one brand, the row's own peatProfile is kept unknown; the peated "Wilhelm" line is instead captured in rule.tsv (pattern-matched, since its name carries no peat keyword).
ry3	RY3	blend	US			Phenomenal Spirits	rye	none			auto	high	https://www.ry3whiskey.com/ https://www.phenomenalspirits.com/copy-of-15yr-ron-izalco	Resolved this session per the retry goal -- it is Phenomenal Spirits, not Rare Character (a different, similarly-sourced brand that surfaced in the same searches). ry3whiskey.com (opened) confirms "AMERICAN RYE WHISKEY EST. 2020," "a special blend of 3 phenomenal whiskeys, 3 carefully handpicked mash-bills, and 3 distinctive aged statements," with cask finishes (rum, madeira, toasted barrel, tokaji) matching the catalogue's own sample names. phenomenalspirits.com (opened) cross-links to ry3whiskey.com and lists RY3 Rum Cask Finish in its own portfolio, confirming the bottler. Neither site names the actual source distillery/state (a sourced/blended rye brand). Set countryCode=US and defaultTypeName=rye. peat=none: no smoke/peat mentioned; American rye mash bill.
rysa	Rysa	blend	GB-SCT			Orkney Distilling Ltd.	blend	light			auto	high	https://www.orkneydistilling.com/products/rysa-blended-malt-scotch-whisky-70cl	Reconfirmed directly via Orkney Distilling's own product page: peated blended malt Scotch whisky sourced from distilleries across Scotland including Orkney; nose "intriguing smokiness", palate "gentle peat smoke", finish "light smokiness" -- a light, not heavy, peat level.
saint-bernard	Saint Bernard	blend	XX				blend	unknown			unverified	low		Real product confirmed to exist via multiple Ukrainian retail listings (rozetka.com.ua, winestore.com.ua, magtorg.org.ua, gradus.market) describing an aged blended/grain whisky, apparently part of a "St Bernard dog"-themed own-label family alongside the similarly branded "Barry Bernard" (also Ukraine-market, per packagingoftheworld.com) and "Glant Bernard" seen in the same search results. Every specific product page attempted this session errored (500/404/403) or returned no usable detail, so producer, precise country and peat remain unconfirmed -- kept low.
sakurao	Sakurao	distillery	JP			Sakurao Brewery and Distillery Co., Ltd		unknown			auto	high	https://www.sakuraobd.co.jp/en/blended/ https://www.sakuraobd.co.jp/en/singlemalt/	Confirmed via the distillery's own official site (Hatsukaichi, Hiroshima Prefecture; distilling since Oct. 2018). Range spans a "Sakurao" single malt, "Togouchi" blended whisky and gin, so defaultTypeName left empty. The single malt's finish is described on the official site as "smoky, barrel fragrance," attributed to cask character rather than a peating statement. Withheld peat proposal: light, per third-party reviews (wordsofwhisky.com, uisuki.com, jpwhisky.net) calling the single malt lightly peated -- no producer-domain statement of peated malt found this session, so kept unknown per the strict rule.
sam-barton	Sam Barton	brand	CA			La Martiniquaise	rye	none			auto	high	https://www.la-martiniquaise.com/en/marques/sam-barton	MAJOR CORRECTION from seed (which guessed Kentucky Straight Bourbon, US, unverified): Sam Barton is verified via its owner's own site (La Martiniquaise) to be an authentic CANADIAN whisky, made principally from rye, matured 5 years in Canadian oak. Floral/subtle/balanced profile; no peat/smoke mentioned, consistent with the North American norm.
samuel-gelstons	Samuel Gelston's	blend	IE			Halewood Artisanal Spirits		none			auto	high	https://samuelgelstons.com/our-whiskey/	Belfast-born (1830) brand relaunched by Halewood (HJ Neill Spirits); sources whiskey independent-bottler-style (Bushmills casks among sources) but products are own-branded, so kind stays blend. Range spans blend, single malt and single pot still, so defaultTypeName cleared. IE kept per the island-wide Irish Whiskey GI. none rests on category plus total absence of smoke language across the official range page and six reviews, not an explicit statement.
sassenach	The Sassenach	blend	GB-SCT			Sassenach Spirits (Sam Heughan, Alex Norouzi)	blend	unknown			auto	high	https://en.wikipedia.org/wiki/Galloway_distillery	Reconfirmed via Wikipedia: consumer spirits brand co-founded by actor Sam Heughan and Alex Norouzi in 2021; Sassenach gin was contract-distilled at the Newton Stewart site (formerly Crafty Distillery), acquired by Heughan and Norouzi in 2025 and renamed Galloway Distillery, with whisky/vodka production being brought in-house there too. No peat mentioned. Kept kind=blend and parentSlug empty rather than asserting single-origin, matching the seed's deliberate caution -- a human reviewer should confirm whether current Sassenach whisky stock is entirely Galloway-distilled before promoting this to kind=brand with parentSlug=galloway. Raised confidence to high since the facts actually asserted here (identity, country, owner) are solidly verified; only the withheld parent link is uncertain.
sazerac	Sazerac	brand	US			Sazerac Company	rye	none			auto	high	https://en.wikipedia.org/wiki/Sazerac_Company	Re-verified directly (seed's citation was accurate but marked low-confidence): Sazerac Rye is a rye whiskey brand of the Sazerac Company, distilled at Buffalo Trace Distillery, Frankfort, KY. No peat/smoke mentioned; American rye norm. Kind corrected from "blend" to "brand" since it is a straight rye product, not a blended-style whiskey. Upgraded to high confidence: the identity is directly verified even though the source does not explicitly state "unpeated" (peat left none per category norm, which this round's rules permit for a high-confidence row).
scarabus	Scarabus	brand	GB-SCT	islay	islay	Hunter Laing & Co	single malt	medium		hunter-laing	auto	high	https://hunterlaing.com/range/scarabus/	bottlerSlug corrected from the seed's old-malt-cask to hunter-laing: confirmed this session via Hunter Laing's own official site that Scarabus is its own standalone collection/brand, not a sub-label of Old Malt Cask. Single malt from an undisclosed Islay distillery, launched 2019 for Feis Ile alongside the opening of Hunter Laing's Ardnahoe distillery. Peat described on the producer's own domain as "sweet Islay peat smoke" / "signature sweet, peaty Scarabus profile" -- balanced rather than dominant, keeping the seed's medium (not heavy); both producer domain and Islay independently satisfy the gate.
scots-earl	Scots Earl	blend	GB-SCT			Loch Lomond Group	blend	none			auto	high	https://scotchwhisky.com/whiskypedia/2513/scots-earl/	Confirmed via scotchwhisky.com as a genuine, now-discontinued private-label blend made at Loch Lomond distillery and bottled at Glen Catrine during Sandy Bulloch's tenure, for the Italian market. No peat/smoke stated; treated as an ordinary own-label blend per the documented-unpeated allowance.
scots-gold	Scots Gold	blend	GB-SCT			Charles Edge London Ltd	blend	none			auto	high	https://charlesedge.com/collections/scots-gold-whisky https://charlesedge.com/pages/about	Blended Scotch range of London-based independent bottler Charles Edge (sister company Ethimex sources spirit); all four variants' own tasting notes carry no smoke language. Withheld peat proposal: light per IWSC judge notes on the 8yo (hints of bonfire smoke, a bit of Islay smoke) - competition notes, not producer statements.
scottish-collie	Scottish Collie	blend	GB-SCT			Quality Spirits International (William Grant & Sons)	blend	none			auto	high	https://scotchwhisky.com/whiskypedia/6941/scottish-collie/	Resolved (seed found nothing): owned by Quality Spirits International, a William Grant & Sons subsidiary, since 1994; blended/bottled at Bellshill. Vatting of Speyside and Highland malts with Lowland grain, no peat mentioned -- kept none as a verified ordinary blend. "Skottish Collie" misspelling alias from the seed retained.
scottish-deer	Scottish Deer	brand	MD			MoldStandart	single malt	none			auto	high	https://moldstandart.md/en/wine/scottish-deer https://moldstandart.md/en/	MAJOR CORRECTION from seed (which assumed "ordinary blended Scotch" by long-tail default policy): Scottish Deer is actually produced by MoldStandart, a MOLDOVAN spirits producer (cognacs, whisky, vodka -- portfolio also includes brands named "Irish Pub" and "WILSON"), explicitly described on its own product page as made "using Scottish technology" rather than actually being made in Scotland. Malt-barley single malt style, aged 3 years, 40% ABV, no peat/smoke mentioned. This is NOT a Scotch whisky despite the name.
scottish-glory	Scottish Glory	blend	GB-SCT			Duncan Taylor Scotch Whisky	blend	none			auto	high	https://scotchwhisky.com/whiskypedia/2230/duncan-taylor-scotch-whisky/	Confirmed as a genuine Duncan Taylor (independent bottler, Huntly, Aberdeenshire) blended Scotch brand, listed directly on scotchwhisky.com's Duncan Taylor company page. Three-year-old value blend; no peat/smoke character described, ordinary-blend default applied.
scottish-hunter	Scottish Hunter	blend	GB-SCT				blend	none			auto	high	https://irecommend.ru/content/vypei-viski-scottish-hunter-oak-aged-pochuvstvui-sebya-aristokratom	Confirmed via a consumer review as a genuine blended Scotch whisky (grain + malt spirits, minimum 3 years, 40% ABV) with a Speyside-themed brand story, marketed mainly to the Russian market. Single-source evidence only (a review blog, not a trade reference) -- no specific bottling company identified. No peat/smoke mentioned; ordinary-blend default applied.
scottish-leader	Scottish Leader	blend	GB-SCT			CVH Spirits (Capevin Holdings; formerly Burn Stewart Distillers / Distell International)	blend	none			auto	high	https://cvhspirits.com/about-us/ https://www.whiskyinvestdirect.com/whisky-news/cvh-spirits-061620231	CORRECTED owner from Distell Group: Heineken acquired most of Distell Group in 2023; the Scotch whisky business (formerly Burn Stewart Distillers) was spun out under Capevin Holdings (59.5% owned by Remgro) and renamed CVH Spirits on 27 April 2023. CVH's own site (opened) confirms it now owns Scottish Leader plus Black Bottle and the Bunnahabhain/Deanston/Tobermory/Ledaig distilleries. Peat kept none: CVH's own sibling blend Black Bottle is the one marketed as 'Islay-influenced', implying Scottish Leader is the non-smoky mainstream blend in the same portfolio, though no explicit 'unpeated' statement for Scottish Leader itself was found.
scottish-piper	Scottish Piper	blend	GB-SCT				blend	none			auto	high	https://burlingtondrinks.co.uk	Verified via producer's own site: unlike the similarly-named Scottish Deer elsewhere in this batch (which turned out to be Moldovan), Scottish Piper is a genuine blended Scotch whisky brand of Burlington Drinks (independent UK drinks company based near London; whiskies "aged in Scotland" per its own site). No peat/smoke mentioned; treated as an ordinary unpeated blend. The catalogue's two near-duplicate rows for this name remain covered by the one alias already on file.
seagrams	Seagram's	blend	CA			Sazerac Company	blend	none			auto	high	https://www.sazerac.com/our-brands/sazerac-brands/seagrams.html https://en.wikipedia.org/wiki/Seagram https://en.wikipedia.org/wiki/Canadian_whisky	Models "Seagram's V.O." Canadian whisky, produced at the Valleyfield distillery (Quebec); confirmed directly on Sazerac's own brand page (fetched this session) as "Canadian Whisky" under Sazerac Brands, sold to Sazerac by Diageo in 2018 following the 2000 break-up of the original Seagram company. Blend of separately-aged corn/barley/rye whiskies, min. 6 years. The sample "100 Pipers 1970's (Seagram's)" is a different, Pernod-Ricard-India-owned Scotch blend that merely carries the historical Seagram name in some listings; not modeled by this row. No peat mentioned; Canadian whisky mash bills are not peated. Confidence raised from low to high.
secret-orkney	Secret Orkney	brand	GB-SCT	islands	highland		single malt	unknown			auto	high	https://www.moredramslessdrama.com/2025/10/13/three-independent-secret-orkney/ https://www.htfw.com/brands/undisclosed_orkney	"Secret Orkney"/"Undisclosed Orkney" is a generic descriptor used by many different independent bottlers (Signatory Vintage, Douglas Laing, Brühler Whiskyhaus, The Single Cask Ltd, Malt Grain & Cane, etc.) for undisclosed-source single malt from Orkney. Reclassified kind from blend to brand and added defaultTypeName=single malt, since it is never a blended product - confirmed via two independent review/reference sites fetched this session. Multiple sources agree it is "pretty much always" Highland Park, since Scapa does not release independent bottlings (Orkney has only these two distilleries) - deliberately not asserted as parentSlug since no single label discloses it. withheld peat proposal: light, per moredramslessdrama.com's tasting notes across three Secret Orkney bottlings ("delicate smoke", "faint ethereal smoke", "smoked oranges"), consistent with Highland Park's typical light peat - kept unknown since the source distillery is deliberately undisclosed by design on every release of this label, so no producer-domain confirmation is possible.
sexton	Sexton	brand	IE			Proximo Spirits	single malt	none			auto	high	https://en.wikipedia.org/wiki/Sexton https://en.wikipedia.org/wiki/Irish_whiskey	Re-verified directly: "The Sexton Irish Whiskey" is confirmed a product of Proximo Spirits per Wikipedia's disambiguation page. Marketed as single malt Irish whiskey from an undisclosed source distillery. Kind corrected from "blend" to "brand": being single malt, it is definitionally not a blend, as the seed's own note already flagged as an awkward mapping. Peat=none per general Irish-whiskey category norm (no specific confirmation found).
shamrose	Shamrose	blend	IE			Proud Irish Whiskey Company Ltd	blend	none			auto	high	https://www.proudirishwhiskey.com	IDENTIFIED (seed found no web presence): Shamrose Irish Whiskey is confirmed via the producer's own site as a line of Proud Irish Whiskey Company Ltd (Dublin, Ireland, est. 2015), a blend of 85% grain whiskey and 15% malt whiskey, triple distilled, matured in ex-bourbon American oak. No peat/smoke; sweetness/honey/caramel/fruit profile.
shefford-manor	Shefford Manor	blend	CA				rye	none			auto	high	https://westmeathwhiskeyworld.wordpress.com/2020/07/08/shefford-manor-canadian-rye-40/	Corrected countryCode from GB-ENG to CA. It is a "100% Canadian Rye Whisky" (3-year-old, 40% ABV) named for a Prohibition-era Quebec lodge/blender who sold liquor to American visitors -- unrelated to the English town of Shefford (Bedfordshire) the seed guessed from the name alone. No distillery/company name found across several retailer listings tried. No peat; Canadian whisky category default applied.
shenks	Shenk's Homestead	brand	US			Michter's Distillery		none	michters		auto	high	https://michters.com/shenks-homestead/	Confirmed via Michter's own official site. Part of Michter's annual Legacy Series (since 2018), honoring the 1753 Shenk's distillery that eventually became Michter's; a Kentucky sour mash whiskey (91.2 proof, distinct from bourbon per the source). defaultTypeName left empty since sour mash is not in the closed list. No peat. parentSlug=michters kept from seed (live).
shin	Shin	blend	JP			Shin Group	blend	unknown			auto	high	https://shingroupcorp.com/products/the-shin-blended-whisky-mizunara-oak-finish/	Confirmed via the company's own product page: Shinobu Distillery / Shin Group, Niigata Prefecture, Japan. "The Shin Blended Whisky" is 50% malted barley / 50% grain, finished in Mizunara oak. No peat/smoke stated on the official page -- kept unknown rather than none since no explicit unpeated statement was found. Same company/cluster as the "Shinobu"-branded lines referenced in the seed's note.
shinobu	Shinobu	blend	JP			Niigata Beer Co.	blend	unknown			auto	high	https://shingroupcorp.com/products/shinobu-blended-whisky-mizunara-oak-finish/ https://shingroupcorp.com/	Verified via Shin Group (the brand's global distributor/importer, fetched directly): Shinobu Distillery of Niigata Beer Co, Japan; blended whisky (50% malt/50% grain), matured/finished in Japan incl. Mizunara oak. Shin Group's own catalogue lists Shinobu and Shin but not Fujimi or Reki (also in this batch), so the seed's hypothesis tying Fujimi to this cluster is not confirmed (see fujimi row). No peat information found; left unknown.
sierra-norte	Sierra Norte	distillery	MX			Scorpion Mezcal S.A. de C.V.		none			auto	high	https://www.sierranortewhiskey.com/	Confirmed via the official site (opened): Oaxacan corn whiskey brand founded by Douglas French (2014), distilled and bottled exclusively by Scorpion Mezcal S.A. de C.V. in Oaxaca, Mexico, imported by Caballeros Inc./Park Street Imports. No peat/smoke mentioned. defaultTypeName kept empty - corn whiskey has no clean match in the closed type list.
singleton-glen-ord	Singleton of Glen Ord	brand	GB-SCT	highland	highland	Diageo	single malt	unknown	glen-ord		auto	high	https://scotchwhisky.com/whiskypedia/1847/glen-ord/	Confirmed via scotchwhisky.com's whiskypedia (opened this session): Glen Ord distillery, Muir of Ord, Highland, owned by Diageo since 1997; The Singleton of Glen Ord is its Asia-focused single malt, launched 2006. Corrected peatProfile from the seed's "none": the same source states the malt carries "low levels of peat smoke" -- since that is not the producer's own domain, not asserting a positive level either; keeping unknown and flagging for a human reviewer to check Diageo's own materials directly.
sir-edwards	Sir Edward's	blend	GB-SCT			La Martiniquaise (Bardinet)	blend	none			auto	high	https://www.siredwards.com/ https://www.la-martiniquaise.com/en/the-group/an-international-group/	Confirmed via siredwards.com (own site, opened): 'Product of Scotland', range = Finest / Smoky / Beer Reserve / Aged 12 Years. Confirmed via la-martiniquaise.com (opened) that La Martiniquaise owns Sir Edward's, listed among its 'millionaire brands' alongside Label 5 - this resolves the seed's caveat that the owner was not independently re-confirmed. 'Finest' (catalogued here as 'Sir Edwards Finests', a typo) is the unpeated base; see rule.tsv for the separately-named 'Smoky' line, independently confirmed peated via its own producer-domain page.
sir-park	Sir Park	brand	FR			Distillerie Tessendier & Fils	single malt	none			auto	high	https://gincorner.com.ua/viski/torgivelnaspmarka-sirsppark https://alcomag.ua/viski-sir-park-single-malt-0-7-l	Identified via two Ukrainian retail listings as "Sir Park Single Malt," France, produced by Distillerie Tessendier & Fils SAS -- the Cognac house behind Park Cognac (named for Scot Dominique Park), the already-live "Arlett" French whisky and Seven Yards Scotch Whisky. Not currently listed on Tessendier's own spirits page (distillerie-tessendier.com/spirits), so possibly an older or export-only line -- noted, not disqualifying. Kind corrected from blend to brand (single malt, not a multi-source blend). Confirms the seed's "Sir Edward's-style French naming pattern" guess, though from a different producer. No smoke/peat mentioned.
sir-pitterson	Sir Pitterson	blend	GB-SCT			William Pitters International	blend	none			auto	high	https://thelonecaner.com/r0991/?lang=fr	Resolved: William Pitters International (Bordeaux, founded 1964 by Bernard Magrez; now part of Marie Brizard Wine & Spirits) is the bottler -- sister brand to William Peel (already a live producer) under the same French owner, though a genuinely Scotch-legal product (blended/bottled in Scotland). No peat mentioned anywhere found; kept none per ordinary blend convention.
skrewball	Skrewball	brand	US			Pernod Ricard		none			auto	high	https://skrewballwhiskey.com/en/story	Re-verified via producer's own site: Skrewball is a peanut-butter-flavoured American whiskey founded 2018 by Steven and Brittany Yeng in Ocean Beach, San Diego, California; acquired by Pernod Ricard in 2023 (owner recorded as the current owner). Infused/flavoured product, not a traditional distillery; defaultTypeName left empty since none of the closed categories fit an infused whiskey. No peat/smoke; American whiskey base.
slaur-sardet	Slaur Sardet	bottler	GB-SCT					none			auto	high	https://glenscanlan.com https://scotchwhisky.com/whiskypedia/4881/glen-scanlan/ https://slaur.com/en/gamme/blended-scotch-whiskies-2/	Corrected XX/blend -> GB-SCT/bottler. Slaur Sardet is a French spirits exporter (Le Havre) that owns/bottles several own-label Blended Scotch Whisky house blends -- Glen Colt, Green Garden, Lord Perkins, Paddington, River Queen, Yacht Club (per slaur.com) -- plus the more established Glen Scanlan brand, split out to its own row (see glen-scanlan, bottlerSlug=slaur-sardet). countryCode reflects the whisky's own origin (genuine Blended Scotch, "elaborated in Scotland"); the company itself is French. No peat evidence for the house-blend range itself.
slipknot-9	Slipknot №9	blend	US			Cedar Ridge Distillery		none			auto	high	https://slipknotwhiskey.com/	Confirmed via the official site: a licensed collaboration between the band Slipknot and Cedar Ridge Distillery (Iowa's first licensed distillery since Prohibition), a blend of straight rye and straight bourbon mashed/distilled/aged in Iowa. defaultTypeName left empty (spans rye and bourbon, no single closed-list value fits). No peat.
smokey-joe	Smokey Joe	blend	GB-SCT			Angus Dundee Distillers plc	malt	heavy			auto	high	https://www.angusdundee.co.uk/products/angus-dundee-brands/85-smokey-joe	Corrected countryCode from XX to GB-SCT and peat from unknown to heavy. Confirmed via Angus Dundee's own official product page as an Islay Blended Malt Scotch Whisky (46% ABV) -- "rich aromas of fireside soot and coastal smokehouses," "exquisite balance of smoke and peppery spice." Satisfies both auto-gate corroboration paths (producer's own domain and Islay). Angus Dundee (owner of Tomintoul and Glencadam, neither on Islay) sources/blends the Islay malts for this line rather than distilling them itself.
smooth-ambler	Smooth Ambler	distillery	US			Pernod Ricard		none			auto	high	https://www.pernod-ricard.com/en/brands/smooth-ambler	Confirmed via Pernod Ricard's own official brand page: West Virginia craft distillery (Greenbrier Valley), part of Pernod Ricard since 2016. Makes wheated and rye bourbons (Old Scout, Contradiction, Founders') -- range spans types so defaultTypeName stays empty. No peat (standard American whiskey); replaces the seed's generic Wikipedia citations with a direct owner confirmation.
spearhead	Spearhead	brand	GB-SCT			Loch Lomond Group	grain	none	loch-lomond		auto	high	https://www.lochlomondwhiskies.com/products/spearhead-single-grain-scotch-whisky	Corrected countryCode from XX to GB-SCT and kind from blend to brand. Spearhead is an unconventional single grain Scotch whisky (100% malted barley through a Coffey still) from Loch Lomond Distillery, finished in toasted virgin oak barrels -- a single-distillery product, not a blend of multiple sources. No peat/smoke mentioned.
spey-river	Spey River	brand	GB-SCT	speyside	speyside	Quality Spirits International	single malt	none			auto	high	https://www.qualityspiritsinternational.com/brands/spey-river/	Corrected blend -> single malt brand: Spey River is "an award-winning collection of exceptional single malt Scotch whiskies from the renowned Speyside region", produced by Quality Spirits International (a William Grant & Sons subsidiary per independent sources, not personally re-verified). Cask finishes: Bourbon/Rum/Sherry. No peat/smoke mentioned in producer's own tasting notes.
spice-king	Spice King	blend	GB-SCT				malt	unknown		wemyss-malts	auto	high	https://scotchwhisky.com/whiskypedia/2822/spice-king/	Corrected the withheld peat proposal from "likely none" to "likely light": scotchwhisky.com confirms Spice King blends about 16 distillery characters including Islay malts that "impart a slightly salty and smoky finish," and independent reviews (drinkhacker.com, scotchnoob.com) agree there is a genuine, if subtle, peated component behind the dominant spice character. Kept peatProfile=unknown per the strict rule -- wemyssmalts.com could not be reached this session (SSL handshake failure), so no producer-domain confirmation of the positive claim was obtained. defaultTypeName corrected from empty to malt (Blended Malt Scotch Whisky).
spice-monkey	Spice Monkey	blend						unknown			rejected	unknown	https://espiritdevi.com/producto/whisky-spice-monkey-whisy-cinamon/	Rejected by the verification round: Flavoured liqueur/shot, not a whisky: "un licor explosivo a base de auténtico whisky canadiense, canela y chili" -- an "explosive liqueur" of Canadian whisky, cinnamon and chili, sold as its own bottled product (50ml/500ml/700ml formats) rather than as a whisky in its own right.. No web presence found (zero Wikipedia hits). Flavoured-sounding name; category and country of origin unconfirmed.
spicebox	Spicebox	blend	CA			Maison des Futailles (now Station 22, majority-owned by the Dandurand Group since 2022)		none			auto	high	https://www.liquormarts.ca/producer/maison-des-futailles https://station-22.com/en/about-us/	Confirmed via opened sources that Maison des Futailles (Montreal/Boucherville, Quebec, founded 1922) rebranded to Station 22 in March 2022 and is now majority-owned by the Dandurand Group after Kruger sold its stake; retailers still market the product as 'Maison Des Futailles Spicebox'. Canadian spiced/flavored whisky (Cinnamon, Pumpkin, Ginger Bread, Chocolat editions); no peat mentioned in any source found for this or any sibling edition.
spirit-of-voodoo	Spirit of Voodoo	brand	GB-SCT					unknown		brave-new-spirits	auto	high	https://www.masterofmalt.com/whiskies/brave-new-spirits/blood-moon-13-year-old-spirit-of-voodoo-whisky/ https://caskcartel.com/products/blood-moon-13-year-old-spirit-of-voodoo-whisky-700ml	Catalogue brand string is "Whisky of Voodoo" but every sampled product actually reads "Spirit of Voodoo ..." - modelled under the real product-line name, both spellings aliased - FLAG FOR HUMAN REVIEW of the "Whisky of Voodoo" catalogue string. Identified this session (seed round's search budget was exhausted): Spirit of Voodoo is a range from Brave New Spirits, a Glasgow-based independent bottler/blender (new bottlerSlug row created, see below) - corrected countryCode from XX to GB-SCT and kind from blend to brand. Blood Moon (13yo) is single grain Scotch from North British Distillery (Lowland), confirmed via CaskCartel's product page fetched this session; Mask of Death (10yo) is Speyside single malt and The Dancing Cultist (12yo) undisclosed Highland single malt per Master of Malt - spans grain+malt across three regions, so region/legalRegion/defaultTypeName are left empty. No peat stated for any of the three; kept unknown.
springbank	Springbank	distillery	GB-SCT	campbeltown	campbeltown	J&A Mitchell & Company	single malt	light			auto	high	https://en.wikipedia.org/wiki/Springbank_(distillery) https://scotchwhisky.com/whiskypedia/1892/springbank/ https://www.springbank.scot/whisky/	Peat RESTORED to light this session: springbank.scot's own "Whisky" range page (opened via browser, past the earlier 403) states Springbank itself uses "lightly peated barley" -- producer-domain corroboration per this round's rule. The same page independently confirms sibling Longrow is "heavily peated" and Hazelburn is "air dried only" (unpeated, not in this batch), matching the sibling-brand split. Re-opened both inherited citations this session too: Wikipedia and scotchwhisky.com's Whiskypedia (both re-fetched) each independently characterize Springbank as "medium-peated" at 8-10ppm malt spec, versus Longrow's 50ppm/48-hour smoke and Hazelburn's 0ppm -- a genuine light/medium boundary disagreement between the distillery's own marketing word ("lightly peated") and third-party ppm-based grading, exactly as the prior round flagged. Kept light per the producer's own domain wording, which is what this round's rule privileges, but a human should feel free to override to medium given the ppm figures above. Kind/country/region/owner/type unchanged (Wikipedia, scotchwhisky.com Whiskypedia, both confirming Campbeltown / J&A Mitchell & Company).
st-kilian	St Kilian	distillery	DE				single malt	unknown			auto	high	https://www.stkiliandistillers.com/en/ https://global.stkiliandistillers.com/se/products/peated https://global.stkiliandistillers.com/se/collections/core-range https://www.whisky.fr/en/st-kilian-peated.html	Correct official domain is stkiliandistillers.com (no hyphens) -- seed's st-kilian-distillers.com does not resolve/has a bad cert. Founded 2012 ("EST 2012" per own site), Rudenau, Bavaria. Core range = CLASSIC ("Mild & Fruity", unpeated) + PEATED ("Rich & Smoky", confirmed 54 ppm heavily peated on producer's own site) -- see rule.tsv. Producer-level peatProfile kept unknown since the two core bottlings disagree; both are single malt.
stag-hunter	Stag Hunter	blend	GB-SCT			Burlington Drinks	blend	none			auto	high	https://burlingtondrinks.co.uk	Owner identified: Stag Hunter is a Blended Scotch (40% ABV) from Burlington Drinks Co, an independent UK drinks company (Essex, England; Hayman family) -- confirmed listed by name on their own site alongside Firean and Scottish Piper. No peat evidence.
star-stripes	Star & Stripes	brand	US				bourbon	none			auto	high	https://www.mikeoldfieldwines.co.uk/products/stars-stripes-bourbon-whiskey-kentucky-usa	Corrected kind from blend to brand and defaultTypeName from empty to bourbon: confirmed as a genuine Kentucky Straight Bourbon Whiskey (~$132/750ml) -- "straight bourbon" is a legally protected category that specifically excludes blending with other whiskies, so "blend" was the wrong kind. No specific distillery/company identified across sources tried. No peat (bourbon category default).
stateless	Stateless	brand				Milestone Beverages (Hong Kong)		none			unverified	low	https://www.milestonebeverages.com/brand/stateless	Milestone Beverages' 'molecular whiskey' brand: a Kentucky Straight Bourbon Whiskey core plus lab-finished flavored variants (Apple, Peach, Banana) marketed as flavored whiskey -- one retailer labels the banana variant a 'Whisky Spirit Drink' (an EU category for flavored spirits, not whisky proper). Catalogue samples are mostly the flavored line. Kept rather than rejected since a genuine bourbon anchors the range, per the brief's own when-in-doubt guidance. Kind corrected blend->brand (an engineered multi-expression brand, not a blended-whisky identity). countryCode left empty: Milestone is Hong Kong-based (the marketing company, not a whisky-producing country) and the catalogued flavored SKUs don't state a base-spirit origin. peat=none per ordinary-bourbon default; confidence stays low given the unusual production method and the flavored-vs-whisky ambiguity.
stronachie	Stronachie	brand	GB-SCT	highland	highland		single malt	none		dewar-rattray	auto	high	https://adrattray.com/our-whisky/stronachie	Fully verified this session -- got past the earlier DNS/certificate failure (adrattray.com now loads cleanly via browser). A.D. Rattray's own page confirms: Stronachie distillery (built 1890s by Alexander & MacDonald in the Ochil Mountains, Perthshire; A.D. Rattray "proudly distributed the brand" historically; closed 1928) was recreated by A.D. Rattray using spirit from Benrinnes Distillery, matured in ex-bourbon casks, bottled as "Stronachie 10 Year Old Single Malt Scotch Whisky" at 43%. Corrected kind from blend to brand (this is explicitly single malt, not a blend) and defaultTypeName to single malt. Set region/legalRegion=highland per the site's own "Highland Single Malt" framing (the brand's historic Perthshire identity; the sourcing spirit itself is from Speyside's Benrinnes, but the bottling is marketed and identified as Highland). Tasting notes ("soft honey, earthy heather, malty sweetness ... biscuits ... pepper") mention no smoke, so peat=none replaces the seed's unknown.
suntory	Suntory	blend	JP			Suntory Holdings		unknown			auto	high	https://en.wikipedia.org/wiki/Hibiki_(whisky)	Confirmed via Wikipedia (opened): Suntory Global Spirits (a subsidiary of Suntory Beverage & Food, itself a subsidiary of Suntory Holdings) makes Hibiki from Yamazaki, Hakushu and Chita distillery whisky. This remains a low-specificity fallback row for catalogue rows tagged bare 'Suntory' (e.g. Toki, Ao) with no more specific in-name match - Hakushu, Chita and Hibiki are modeled as separate rows since their facts differ. CORRECTED peatProfile from none to unknown: a handful of limited Suntory editions (some Hakushu releases) are peated, so a blanket none on this fallback row risked stripping a real peat tag from whichever bare-'Suntory' product happens to be one of those editions.
syndicate-58-6	Syndicate 58/6	blend	GB-SCT			Douglas Laing & Co	blend	unknown		douglas-laing	auto	high	https://www.whiskynotes.be/2017/blends/syndicate-586-12-years-douglas-laing/ https://lovescotch.com/products/syndicate-586-premium-blended-scotch-whisky	Confirmed as a genuine Douglas Laing blended Scotch (18 single malts + 4 single grains, tracing to a 1958 cask discovery at the Port of Leith); bottlerSlug set to the already-live douglas-laing row. Peat corrected from none to unknown: sources disagree -- whiskynotes.be's detailed review states only "toasted grains" with no smoke, while lovescotch.com's listing mentions "a hint of smoke" -- kept unknown given the conflict rather than picking a side; no producer-domain (douglaslaing.com) page checked this session to settle it.
take-it-to-the-brig	Take It To The Brig	brand	GB-SCT			Brave New Spirits	grain	none	cameronbridge		auto	high	https://www.bravenewspirits.com/ https://scotchwhisky.com/whiskypedia/1997/cameronbridge/	Corrected countryCode from XX to GB-SCT and kind from blend to brand. This is a Cameronbridge (Diageo, Fife, Lowland) 12-year-old single grain Scotch, independently bottled by Brave New Spirits (Glasgow) under their "Cask Noir" label -- confirmed on Brave New Spirits' own official site. No peat (grain whisky, essentially always unpeated). The seed's "Brig is Scots dialect" hunch pointed the right direction, though the real story is the Cameronbridge distillery connection rather than a general dialect clue.
taketsuru	Taketsuru	blend	JP			Asahi Group Holdings	malt	medium			auto	high	https://www.nikka.com/eng/brands/taketsuru/ https://en.wikipedia.org/wiki/Nikka_Whisky_Distilling	Corrected peat from unknown to medium. Nikka's own official site describes Taketsuru Pure Malt's palate as "a light yet layered character, rich with malt and a deep, dense peatiness" with "peat notes" in the finish -- direct producer-domain corroboration, resolving the seed's flagged uncertainty about Yoichi's contribution (the seed's whisky.com fetch had 403'd; nikka.com opened fine this session).
takumi	Takumi	blend	JP				blend	none	eigashima		auto	high	https://caskcartel.com/products/akashi-takumi-blended-whisky-500ml https://en.wikipedia.org/wiki/White_Oak_distillery	The seed found no web presence; this session identified a strong match: "Akashi Takumi Blended Whisky" (30% malted barley/70% grain, aged in American oak then sherry-cask finished), from the Akashi brand of Eigashima Shuzo's White Oak distillery (row eigashima, this batch) -- flavour described as "rich, smooth and fruity", no peat/smoke. Linked as parentSlug=eigashima. Flagging for human review: the catalogue's bare "Takumi" listing is inferred to be this product (also a generic word meaning "artisan" used by unrelated brands, e.g. Kentucky Owl Takumi Edition bourbon, hence alias kept at brand scope only per the seed's own reasoning) -- worth confirming against the actual scraped listing.
tenjaku	Tenjaku	blend	JP			Minami Alps Wine & Beverage Co., Ltd.		unknown			auto	high	https://www.falstaff.com/en/spirits/minami-alps-wine-and-beverage-co-ltd-tenjaku-whisky-pure-malt https://www.whiskysaga.com/blog/tenjaku-blended-whisky	Identified and confirmed the producer, previously blank in the seed row: Minami Alps Wine & Beverage Co., Ltd. (a subsidiary of Tokuoka Co., Ltd., established 2012), based in Fuefuki, Yamanashi Prefecture near Mt Fuji; master blender Kenji Watanabe. Peat kept unknown: some reviews mention 'a light hint of peat' or a 'sweet smoky aroma', which reads as tasting-note language rather than a stated peated-malt component, and no producer-domain statement either way was found (tenjakuwhisky.co.uk and tenjakuwhiskyusa.com, both opened, are silent on peat/smoke as a specified ingredient).
terence-hill	Terence Hill	brand	DE			St. Kilian Distillers		unknown	st-kilian		auto	high	https://shop.terencehill.com/pages/terence-hill-whisky	Major correction -- NOT a Scotch blend. "Terence Hill - The Hero" is a German celebrity-collaboration whisky made by St. Kilian Distillers (Rudenau, Germany), combining St Kilian's own rum-cask whisky with triple-distilled Irish whiskey from the Great Northern Distillery (Dundalk). Comes in two versions per the producer's own store -- Mild (unpeated) and Smoky (peated) -- and the one catalogue sample ("Terence Hill The Hero") does not say which, so peatProfile is left unknown rather than guessed. countryCode changed GB-SCT -> DE; parentSlug set to st-kilian (same batch).
the-busker	The Busker	brand	IE			Disaronno International (Illva Saronno S.p.A.)		none	royal-oak-distillery		auto	high	https://thebusker.com/en/the-distillery/ https://thewhiskeywash.com/irish-whiskey/whiskey-reviews-the-busker-irish-whiskey-line/	Owner confirmed: The Busker is a trademark of Illva Saronno S.p.A./Disaronno International, produced at Royal Oak Distillery, Co. Carlow, Ireland (own site: thebusker.com). Range spans all four Irish whiskey styles (single malt, single grain, single pot still, blend "Triple Cask Triple Smooth") so defaultTypeName left empty. No peat evidence. parentSlug set to new row royal-oak-distillery (this batch).
the-charles-house	The Charles House	blend	GB-SCT			Quality Spirits International (QSI)	blend	unknown			auto	high	https://www.qualityspiritsinternational.com/ https://westmeathwhiskeyworld.wordpress.com/2018/11/30/the-charles-house-blend-40/	Producer identified this session (never verified before). Multiple retail sources attribute The Charles House Blended Scotch Whisky (40%, 3-year, "created entirely in accordance with the Scotch Whisky Act 1988") to QSI (Quality Spirits International), "the World's No.1 Private Label Scotch Whisky supplier" and a subsidiary of William Grant & Sons -- qualityspiritsinternational.com (opened) confirms the company itself and its private-label business model and links to William Grant's own modern-slavery statement in its footer (corroborating the WGS affiliation), though it does not name "Charles House" specifically (expected -- private-label brands are typically not showcased on the manufacturer's own site). Set countryCode=GB-SCT and owner=QSI. peatProfile kept unknown rather than asserted: a personal blog review (westmeathwhiskeyworld, opened) mentions "a bit of peat influence" and "lovely smoky flavours," real but not producer-domain evidence, so it is withheld rather than promoted. withheld peat proposal: light-to-medium, per that one blogger's tasting note only.
the-dead-rabbit	The Dead Rabbit	blend	IE			The Dublin Liberties Distillery	blend	none	dublin-liberties-distillery		auto	high	https://thedld.com/drink/dead-rabbit-irish-whiskey/	Owner/distillery confirmed via the distillery's own site: a Blended Irish Whiskey (malt+grain) made by The Dublin Liberties Distillery in collaboration with The Dead Rabbit Grocery & Grog (NYC bar), aged 5 years ex-bourbon, finished in virgin American oak. No peat evidence. parentSlug set to new row dublin-liberties-distillery (this batch).
the-forge	The Forge	blend	IE			Hibernia Distillers		unknown			auto	high	http://www.gamaconsumer.com/ireland-hibernia-distillers-launches-hyde-irish-whiskey/	Confirmed countryCode IE and owner: Hibernia Distillers Ltd is a real independent Irish whiskey bonder/bottler based in Innishannon, Co. Cork, founded 2014 by brothers Conor and Alan Hyde -- the same company behind the already-live "Hyde" Irish whiskey brand. "The Forge" itself was not found named on any page opened this session (hiberniadistillers.com remains a placeholder, as the seed noted), so its specific style/peat could not be directly confirmed -- flagged for reviewer; parent company and country are solid.
the-gild	The Gild	blend	GB-SCT	speyside	speyside	Lucky Spirits	blend	none			auto	high	https://winestyle.ru/whisky/the-gild/	Verified via winestyle.ru (opened): blended Scotch whisky made by Lucky Spirits (a Rhode Island, USA company founded 2010 by brothers Adam and Eric Larson), a vatting of Speyside malt whisky (4yr) and grain whisky (3yr), 40% ABV, honey/toffee character. No peat or smoke mentioned across multiple retailer descriptions. Corrected owner, region/legalRegion and confidence up from the seed's unevidenced state.
the-glenlee	The Glenlee	blend	GB-SCT			Aceo Spirits	blend	none			auto	high	https://www.passionforwhisky.com/en/whisky/scotch-whisky/blended-whisky/40110-the-glenlee.html https://www.whiskymag.com/articles/aceo-spirits-releases-a-special-blend-to-celebrate-the-125th-birthday-of-the-tall-ship-glenlee/	Upgraded to high confidence: whiskymag.com confirms Aceo Spirits ("the cask broker and premium drinks supplier behind bottler Murray McDavid") created The Glenlee, blending malt+grain whiskies from Orkney/Islay/Speyside/Lowland distilleries; named for the historic Glasgow tall ship, unrelated to Glenlivet. No peat/smoke in tasting notes (pears, sultanas, spices, caramel) despite an Islay component in the blend.
the-hearach	The Hearach	brand	GB-SCT	islands	highland	Isle of Harris Distillers Ltd.	single malt	light	isle-of-harris		auto	high	https://www.harrisdistillery.com/pages/the-hearach-core https://en.wikipedia.org/wiki/Isle_of_Harris_distillery	Corrected parentSlug=isle-of-harris (the seed miscoded it as bottlerSlug; Isle of Harris Distillers make this in-house, they are not an independent bottler of someone else's spirit). The distillery's own site (opened) states the core Hearach is "Lightly peated (12-15 ppm)", which satisfies the own-domain requirement for a positive peat claim, so peatProfile is upgraded from unknown to light. REVIEWER FLAG carried over from the seed row (cannot fix it myself, it is outside my output directory): batch 15's alias.tsv reportedly maps "The Hearach" directly onto slug isle-of-harris with no separate brand row, while this row keeps it as its own brand row per this round's task instructions (matching the live Glengyle/Kilkerran pattern) -- a human must reconcile the two batches so the alias resolves to exactly one slug.
the-highland-shepherd	The Highland Shepherd	brand	GB-SCT	highland	highland	Brave New Spirits	single malt	unknown			auto	high	https://caskcartel.com/products/the-highland-shepherd-single-malt-scotch-whisky-700ml	Major correction from the seed row, which found no source and guessed kind=blend by convention: this is a real product, an independent-bottler single malt from an undisclosed Highland distillery, matured 6+ years in bourbon oak casks, bottled at 46% ABV by Brave New Spirits. Corrected kind blend->brand and defaultTypeName blend->single malt. No peat or smoke mentioned in fairly detailed tasting notes, but the source distillery is undisclosed so peatProfile is kept unknown rather than none.
the-king-of-scots	King of Scots	blend	GB-SCT				blend	unknown		douglas-laing	auto	high	https://corporate.douglaslaing.com/brands/king-of-scots-blended-scotch-whisky https://www.douglaslaing.com/en-us	Confirmed via two Douglas Laing-owned domains (both opened): a blend first created in 1886 with a higher-than-usual malt proportion, hand-picked by chairman/master blender Fred Laing, 40% ABV, non-chill-filtered. No peat/smoke statement for the base blend; Douglas Laing separately sells a distinct "King of Scots Peated Edition", implying the base line is not itself peated, but that is inference rather than an explicit statement, so peatProfile is kept unknown rather than none. Raised confidence from the seed's non-standard "medium" to high.
the-kyoto	The Kyoto	blend	JP				blend	unknown			auto	high	https://www.whiskytrade.com.au/products/kyoto-blended-whisky-700ml	Corrected from the seed's uncited state: identified the producer as Kyoto Miyako Distillery, described as the first whisky distillery in Kyoto; a blend of Japanese malt and grain whiskies with a front label made of Nishijin-ori textile. No peat or smoke mentioned across the sources checked (this one plus consistent unopened retailer listings).
the-old-barrel	The Old Barrel	blend	XX					unknown			unverified	low		Ran three distinct searches this session (as a whisky blend; against whiskybase/masterofmalt/thewhiskyexchange; against Ukraine/Poland own-label whisky); found only a content-free Whiskybase brand stub -- no producer, country or region confirmed anywhere. Reviewer note: an unrelated same-named "Old Barrel" French vodka aged in cognac barrels also exists online -- do not conflate the two. Cleared the seed's unevidenced GB-SCT/blend category-default guesses since nothing ties this to Scotch specifically.
the-speaker	The Speaker	blend	GB-SCT			Block, Grey & Block Ltd	blend	none			auto	high	https://www.blockgreyandblock.com/ https://whiskyauctioneer.com/lot/5161495/speakers-red-stripe-scotch-whisky-1970s	Upgraded from low to high this session: blockgreyandblock.com (opened via browser, past the earlier 403/406 -- the merchant is still trading, est. 1786, Park Lane/Mayfair) states in its own words "The Speaker Blended Scotch Whisky ... first crafted for one of our customers: The Speaker of the House of Commons," and describes the whisky as "a light coloured, soft whisky with elegant overtones of fruitiness and with pleasant hints of vanilla and pear drops" -- no smoke/peat mentioned anywhere, so peat=none now rests on the producer's own domain rather than category default alone. whiskyauctioneer.com (opened via browser) independently confirms a real 43%/75cl bottling under this name.
the-whistler	The Whistler	blend	IE			Prestige Beverage Group		unknown			auto	high	https://thewhistlerwhiskey.com/	Re-confirmed via the brand's own site (opened): produced at Boann Distillery, Co. Meath, by Prestige Beverage Group. Range spans blended lines (Trilogy, Cask Finish series) and single malt lines (P.X. I Love You, Bodega Cask), so defaultTypeName is kept empty. No peat or smoke stated for any expression.
the-wild-north	The Wild North	blend	CA			Maison des Futailles	rye	none			auto	high	https://www.whisky.fr/en/wild-north.html	Major correction from the seed row, which found no web presence: this is a real, findable Canadian whisky, so countryCode is corrected from XX to CA. The page opened (whisky.fr) confirms the product, country and absence of peat/smoke; the specific producer name, Maison des Futailles of Montreal, comes from two consistent but unopened retailer listings (willowpark.net, melodys-canada.de), so treat that one detail with slightly less certainty than the rest of the row. A blend of 5/7/11-year whiskies, corn-led mash with Ontario rye and Quebec water; Canadian "rye whisky" labelling convention applies even to a corn-led blend, hence defaultTypeName=rye.
the-woodsman	The Woodsman	blend	GB-SCT			Whyte & Mackay Ltd	blend	none		whyte-mackay	auto	high	https://whyteandmackayltd.com/our-brands/the-woodsman/ https://greatdrams.com/whyte-mackay-announce-latest-modern-spirit-innovation-the-woodsman/	Major correction from the seed row, which found no web presence: this is a real, current Whyte & Mackay blended Scotch made for cocktails/mixing. Its "woodsmoke" character is explicitly attributed to double-scorched ex-bourbon casks, not to peated malt (per the producer's own description, quoted via greatdrams.com), so peatProfile=none with reasonable confidence; added a smoky/baseline row to flavor.tsv on that same evidence.
thin-lizzy	Thin Lizzy	blend	IE			West Cork Distillers (band members Scott Gorham/Brian Downey and the Philip Lynott Estate)	blend	none	west-cork		auto	high	https://www.hotpress.com/music/thin-lizzy-collaborate-with-west-cork-distillers-on-new-whiskey-22963828	Corrected from the seed's generic-Wikipedia-only citation: bottled by West Cork Distillers (Skibbereen) in collaboration with former band members and the Philip Lynott Estate -- the same house previously did The Pogues, also live in this KB -- so parentSlug=west-cork is set. A blend of grain and malt Irish whiskeys, triple distilled, finished in double-charred oak casks. The official description notes "a hint of smokiness" but attributes it to the double-charred casks, not peat, so peatProfile=none; added smoky/baseline to flavor.tsv on that evidence.
three-ships	Three Ships	blend	ZA			Distell Group Limited		unknown			auto	high	https://en.wikipedia.org/wiki/Three_Ships	Re-confirmed via Wikipedia (opened this session). Made at James Sedgwick Distillery, Wellington, South Africa, owned by Distell -- one of few distilleries producing both malt and grain whisky on one site. Range spans blended and single malt so defaultTypeName stays empty. No peat or smoke mentioned. The seed's other citation, threeshipswhisky.co.za/about, returned a server error this session, so it is dropped rather than cited unopened.
togouchi	Togouchi	blend	JP			Sakurao Brewery and Distillery (formerly Chugoku Jozo)	blend	none			auto	high	https://japanhandbook.com/togouchi-whisky-what-youre-actually-buying/ https://togouchi.com/en/gamme-whisky-togouchi/peated-whisky/	Confirmed via japanhandbook.com (opened): the standard/Kiwami/Premium/9-year range is unpeated (malt sourced from Scotland, grain from Canada, aged/blended/bottled by Sakurao Brewery and Distillery, formerly Chugoku Jozo, in a disused JR railway tunnel near Hiroshima). 'Togouchi Peated' is a distinct, explicitly peated expression - confirmed via the producer's own product page (togouchi.com, opened): 18% peated malted barley sourced from Speyside. Wrote a peat rule for pattern 'peated' (peatProfile=light, given the minority 18% proportion) - see rule.tsv, resolving the seed's forward reference to it.
tokinoka	Tokinoka	brand	JP			Eigashima Shuzo Co., Ltd.	blend	none	akashi		auto	high	https://www.uisuki.com/en/tokinoka	parentSlug corrected from the non-existent "eigashima" to the already-live "akashi" slug -- both name the same producer, Eigashima Shuzo's White Oak distillery in Akashi, Hyogo. Tokinoka is a blend (~1/4 malt, 3/4 grain per uisuki.com), 3 versions (Tokinoka/Black/Black Sherry Finish); uisuki.com's own product filter marks it "No peated".
tottori	Tottori	blend	JP			Matsui Shuzo (Matsui Whisky)	blend	unknown			auto	high	https://matsuiwhisky.com/en/item/totori-silver/ https://matsuiwhisky.com/en/item_category/tottori/	Verified via Matsui Shuzo's own site (fetched directly): The Tottori is a blended (malt+grain) Japanese whisky, sourced/aged/proofed at Matsui Shuzo, Tottori Prefecture, with Mt. Daisen spring water. No peat/smoke mentioned on the producer's own pages; one third-party review mentions 'soft smoke' in tasting notes only, too weak and non-producer to act on -- left unknown.
turning-point	Turning Point	brand	US			Southern Artisan Spirits	rye	none			auto	high	https://southernartisanspirits.com/	Major correction from the seed row, marked "not researched (budget)": identified as Southern Artisan Spirits, a craft distillery in Kings Mountain, North Carolina, founded 2010 by twin brothers Alex and Charlie Mauney. "Turning Point Rye" is their own house-distilled signature whiskey, not sourced/blended from elsewhere, so kind is corrected from blend to brand and countryCode=US is filled in. No peat/smoke mentioned, as expected for US craft rye. Reviewer note: a "Turning Point Straight Bourbon Whiskey" reviewed elsewhere online may or may not be the same brand -- not confirmed either way, so defaultTypeName is given as rye (the one confirmed product) with this caveat.
two-drams	Two Drams	blend	GB-SCT			Halewood Artisanal Spirits	blend	none			auto	high	https://woodencork.com/blogs/uncorked/halewood-debuts-blended-scotch-two-drams	Corrected from the seed's uncited state: launched by Halewood Artisanal Spirits, 40% ABV, light/fruity profile ("sponge cake", "fresh pear", "creamy sweetness"), source distilleries undisclosed. No peat or smoke mentioned in a fairly detailed tasting note. Reviewer note: an unrelated American "Two Drams" blended whiskey (peated house malt plus imported Scotch) is also sold by Breckenridge Distillery -- a distinct product, not this row.
two-james	Two James Spirits	distillery	US					unknown			auto	high	https://twojames.com/ https://twojames.com/our-spirits/j-riddle-peated-bourbon/	New row for j-riddle. Detroit, Michigan craft distillery (2445 Michigan Ave, Corktown) - the first licensed distillery in Detroit since Prohibition; distills on-site in copper pot stills across a whiskey/rye/bourbon/gin/vodka range. Peat is specific to the J. Riddle line (see j-riddle), so left unknown here.
umiki	Umiki	blend	JP			Yoshino Spirits (Kamiki Shuzo Nara Distillery)	blend	unknown			auto	high	https://www.umikiwhisky.com/ https://www.yoshinospirits.com/product/umiki-whisky/	Re-confirmed via the official umikiwhisky.com and yoshinospirits.com (both opened): a blended whisky combining Japanese coastal malt with imported grain whisky, finished in Japanese pine barrels with desalinated ocean water added, produced by Yoshino Spirits at the Kamiki Shuzo Nara Distillery. No peat or smoke mentioned in any source checked. The Godzilla edition (in the samples) is a 70th-anniversary Toho collaboration from the same producer.
undone	Undone	blend	US				blend	unknown			rejected	low	https://eu.itsundone.com/products/undone-no-3-this-is-not-whiskey	Rejected by the verification round: Explicitly branded "THIS IS NOT WHISKEY" -- a non-alcoholic (<0.3% ABV) dealcoholized whiskey-flavored beverage made by UNDONE GmbH (Germany) via a patented dealcoholization process; it contains no whisky at all.. Product name explicitly says 'American Blend', the basis for countryCode=US/defaultTypeName=blend; producer not identified this session
valdespino	Valdespino	blend	ES				malt	unknown			auto	high	https://www.finedrams.com/valdespino-malt-whisky.html	Confirmed a genuine product exists, contra the seed's "may not be a whisky at all" flag: "Valdespino Malt Whisky", part of the bodega's Rare Spirits collection -- malt whiskies sourced from Scotland then aged/finished in Valdespino's own Palo Cortado and Oloroso sherry casks at the Jerez winery, about 15yr average age, 43.5% ABV, IWSC 2020 Gold medal. The retailer states Spain as the product's country (the base malt is Scottish, but further maturation happened outside Scotland, presumably why it is labelled "Malt Whisky" rather than "Scotch"). No peat or smoke mentioned. Kept as a producer row rather than rejecting since the product is real and well documented across several independent listings; flag for a reviewer only on the country-of-record question.
vat-69	VAT 69	blend	GB-SCT			Diageo	blend	none			auto	high	https://en.wikipedia.org/wiki/VAT_69	Confirmed by direct fetch this session: created 1882 in Leith by William Sanderson & Son, Diageo-owned since the Distillers Company absorbed Sanderson in 1937; a blend of about 40 malt and grain whiskies (explicitly "not a vatted malt" despite the name). No peat mentioned. Confidence raised from low to high.
velvet-cap	Velvet Cap	blend	IE			RoCo Brands (acquired from Blackwater Distillery, Feb 2025)		unknown			auto	high	https://blackwaterdistillery.ie/product/velvet-cap-irish-whiskey/ https://www.thespiritsbusiness.com/2025/02/blackwater-distillery-sells-irish-whiskey-velvet-cap/	Major correction from the seed row, which assumed peatProfile=none by generic Irish-category convention: a real brand, a small-batch blend of malt and grain whiskies sourced from several Irish distilleries, blended and cask-finished (bourbon, port and stouted-rye casks) by Blackwater Distillery, Ballyduff Upper, Co Waterford; sold to RoCo Brands in Feb 2025, with Blackwater continuing to bottle/fulfil orders. IMPORTANT: the producer's own site (opened) lists a "Peated Single Malt Sherry Cask" expression alongside non-peated casks (e.g. Bordeaux Cask) -- the seed's blanket peatProfile=none was wrong, since the range is genuinely mixed. The catalogue sample (Triple Cask) is not the peated expression, so the brand-level peatProfile is kept unknown rather than averaged; no exact ppm/level is stated anywhere for the peated expression, so no rule.tsv entry was added.
virginia-distillery	Virginia Distillery Company	distillery	US				single malt	none			auto	high	https://vadistillery.com/	Reconfirmed via own site: Lovingston, VA, American Single Malt whisky, self-described as "the most awarded single malt whisky distillery in America". No peat/smoke statement found and no peated expression known in their range.
virginia-distillery-company	Virginia Distillery Company	distillery	US				single malt	none			auto	high	https://vadistillery.com/	Confirmed via the official site (opened, this session - the seed's own fetch is now re-verified): Lovingston, VA, in the Blue Ridge Mountains; 'the most awarded single malt whisky distillery in America'. 'Courage & Conviction' is confirmed as a distinct affiliated brand line (its own separate row, parentSlug pointing here, is outside this batch). No peat/smoke mention anywhere on the site.
vulson	Vulson	blend	XX					unknown			rejected	unknown	https://hautesglaces.com/en/products/vulson-50cl	Rejected by the verification round: Rye eau-de-vie rested in neutral stainless-steel/amphora vessels (not wood-cask aged) from Domaine des Hautes Glaces (Isère, France) -- producer's own product page explicitly distinguishes it from aged spirits ("this is not 'ageing'...but 'resting'"), so it does not meet whisky's minimum wood-cask-ageing definition. Confirms the seed's own suspicion that the "Spirit" wording meant this might not be whisky.. Samples ("Rhino's Pastoral", "Old Rhino Rye Spirit") -- the "Spirit" wording may mean this does not even meet whisky's minimum-aging definition (an EU "spirit drink" rather than whisky). No web presence found; country/category undetermined, flagging for reviewer attention.
waterproof	Waterproof	blend	GB-SCT			InchDairnie Whisky Limited (formerly MacDuff International Scotch Whisky Limited; merged May 2025)	malt	unknown		inchdairnie	auto	high	https://waterproofwhisky.com/	Major correction from the seed row, which recorded "search quota exhausted": this is a real product, a sherry-influenced blended malt Scotch bottled above standard strength (45.8% ABV) from "a handful of top distilleries" (unnamed), owned by MacDuff International, which merged into InchDairnie Whisky Limited in May 2025 -- bottlerSlug=inchdairnie is set for the current entity. No peat or smoke stated.
westland	Westland	distillery	US			Rémy Cointreau	single malt	none			auto	high	https://en.wikipedia.org/wiki/Westland_Distillery https://www.westlanddistillery.com/	Seattle, WA American single malt distillery. Corrected owner from empty to Rémy Cointreau, confirmed via Wikipedia (fetched this session). Official site's current core range (Flagship, Garryana, Solum, Colere, cask finishes) states no peat; a customer review on the Flagship page speculating "peaty smoke" is not an official claim and was disregarded. This batch's own samples include "Westland Peated" - captured as a rule (see rule.tsv) from the product's own name, but no current westlanddistillery.com page for that specific release could be located this session (it is absent from the current homepage lineup, and guessed product URLs 404'd) - withheld peat proposal: heavy (unconfirmed intensity), same caveat as the seed round.
westport	Westport	brand	GB-SCT	highland	highland	The Glenmorangie Company (LVMH)	single malt	none	glenmorangie		auto	high	https://en.wikipedia.org/wiki/Glenmorangie_distillery https://whiskipedia.com/fundamentals/teaspooning/	Glenmorangie ownership (The Glenmorangie Company, an LVMH subsidiary since 2004), Tain, Highland, confirmed via Wikipedia. Unlike the seed's two 403s, this session confirmed the Westport pseudonym itself directly via whiskipedia.com: "Westport (Glenmorangie with a teaspoon Glen Moray)" -- a teaspooned Glenmorangie. peatProfile=none per Glenmorangie's well-documented unpeated house style. parentSlug=glenmorangie refers to the already-live producer (confirmed present in live-slugs.txt), so no new row is needed for it here.
whistlepig	WhistlePig	distillery	US				rye	none			auto	high	https://en.wikipedia.org/wiki/WhistlePig https://www.whistlepigwhiskey.com/	Vermont rye whiskey producer (Shoreham). Confirmed spelling "WhistlePig" (catalogue spells it "Whistlepig") via the official site fetched this session, which confirms the rye-only focus (PiggyBack, Small Batch, FarmStock) and states no peat anywhere. Dropped the unrelated en.wikipedia.org/wiki/Irish_whiskey citation from the seed round (stray/irrelevant). peatProfile=none via the general "American rye mash bills are not peated" category fact, now additionally supported by the official site's silence on the topic. Confidence raised from low to high.
white-horse	White Horse	blend	GB-SCT			Diageo	blend	unknown			auto	high	https://www.koreatimes.co.kr/business/others/20260330/diageo-bets-on-highball-trend-with-korea-launch-of-white-horse-whisky	Confirmed via koreatimes.co.kr (opened): Diageo Korea markets White Horse as 'built around a spirit from the Lagavulin Distillery' with 'a distinctive smoky character' and 'bold smokiness'; the blend also carries Caol Ila and Talisker with Linkwood for balance (~40% malt content per other sources). CORRECTED peat from the seed's light to unknown: this is the strongest evidence found, but the page is a news outlet quoting Diageo Korea, not a page on Diageo's or White Horse's own domain (diageobaracademy.com's White Horse page returned 410 Gone this session), and White Horse itself is not Islay-sited, so per policy it stays unknown. Withheld peat proposal: light-to-medium per the cited article; a reviewer should look for an on-domain Diageo/malts.com source to promote this.
widow-jane	Widow Jane	blend	US					none			auto	high	https://www.widowjane.com/	Confirmed via the official site (opened): Red Hook, Brooklyn; whiskey is proofed with limestone mineral water trucked from the Rosendale Mines, NY. The current homepage emphasizes bourbon (Heirloom Bourbon, The Vaults 15 Year); Paradigm Rye (a 2023 release per secondary sources) accounts for the row's rye samples and is not shown on the page content fetched, but is consistent with a range spanning bourbon and rye, so defaultTypeName stays empty. No peat/smoke mentioned. Kind kept as blend: whiskey is mostly sourced from Kentucky/Indiana/Tennessee distillates and married in Brooklyn (an NDP/blending model), though 'Baby Jane' is their first fully in-house-distilled release.
wild-geese	The Wild Geese	blend	IE			Avalon Group Inc.		none	cooley		auto	high	https://www.finedrams.com/wild-geese-rare-irish-whiskey.html	Corrected from the seed's generic-Wikipedia-only citation: made at Cooley Distillery, Co. Louth, for brand owner Avalon Group Inc. (the Avalon attribution comes from consistent unopened retailer listings; the page opened confirms Cooley and an explicit "Smoke 0" rating with no peat/smoke in the tasting notes) -- parentSlug=cooley is set. Range spans a blend (Classic, malt+grain) and a single malt (Rare/Single Malt), so defaultTypeName is kept empty, correcting the seed's blend default.
wilderness-trail	Wilderness Trail	distillery	US			Campari Group (70% stake since Oct 2022)		none			auto	high	https://en.wikipedia.org/wiki/Wilderness_Trail_Distillery	Re-confirmed via Wikipedia (opened): Danville, Kentucky, founded 2013 by Dr. Pat Heist and Shane Baker; makes wheated bourbon, rye-forward bourbon (single barrel, bottled-in-bond) and straight rye whiskey, all aged 5-7 years -- range spans types so defaultTypeName stays empty. Added that Campari acquired a 70% stake in Oct 2022. peatProfile=none per the standard American-whiskey category default; no contrary evidence found.
wilson	Wilson	brand	US			Heaven Hill	blend	none			auto	high	https://wikiliq.org/liquor/wilson-american-blended-whiskey/	Major correction -- NOT Scotch. Wilson is a historic AMERICAN blended whiskey brand (New York, early 1900s; "Wilson - That's All" was Woodrow Wilson's 1912 campaign slogan), now owned by Heaven Hill after multiple mergers/acquisitions. "Mostly neutral grain spirits" per the source. countryCode changed GB-SCT -> US.
wilton-house	Wilton House	brand	GB-SCT			La Martiniquaise	single malt	unknown			auto	high	https://www.spiritradar.com/whisky-db/wilton-house-speyside-single-malt-scotch-whisky-peated-cmi-94227-charenton-france-40-percent-700ml/ https://caskcartel.com/products/wilton-house-10-year-old-highland-single-malt-scotch-whisky-700ml https://en.wikipedia.org/wiki/La_Martiniquaise	Private-label single malt range (Speyside and Highland bottlings, plus a Peated SKU) bottled by First Blending Co. Owner triangulated: both retailer pages list First Blending Co alongside Label 5 and Glen Turner, and La Martiniquaise's own Wikipedia page confirms Label 5 and Glen Turner are its brands, so First Blending Co is a La Martiniquaise bottling arm. Corrected kind blend->brand (a multi-expression single malt range, not one blend) and defaultTypeName empty->single malt (every known bottling is a single malt). Base peat left unknown; the Wilton House Peated SKU's specific level could not be confirmed from a producer-domain source this session (only retailer copy), so no rule.tsv exception was written -- a human should chase First Blending Co / La Martiniquaise directly for it.
wise-salmon	Wise Salmon	blend	IE					unknown			auto	high	https://maudau.com.ua/category/viski/product_brand=wise-salmon	Fully verified this session (quota-starved before). The retail listing (maudau.com.ua, opened) names the product "Віскі Wise Salmon Irish Whiskey" -- confirms countryCode=IE (a second Ukrainian retailer, Auchan, uses the identical "Wise Salmon Irish Whiskey" name per search results but 403'd on direct fetch). No producer/distillery is named (an own-label style product, matching this batch's other quota-starved rows). peatProfile kept unknown rather than none: one customer review on the opened page mentions "light notes of peat" in the aftertaste alongside caramel-honey/vanilla notes -- weak, non-producer evidence that contradicts the ordinary Irish-whiskey default, so left unresolved rather than guessed either way. withheld peat proposal: light, per that one customer review only.
wolfe-tone	Wolfe Tone	brand	IE			The Beara Distillery		none	beara-distillery		auto	high	https://www.thebearadistillery.ie/wolfetone/	"Beara" confirmed to mean The Beara Distillery, Castletownbere, Co. Cork, Ireland (own site). Wolfe Tone range spans Rich Blend, Single Malt, Single Grain (plus a non-whisky Poitin) so defaultTypeName left empty and kind set to brand. No peat mentioned in any product description. parentSlug set to new row beara-distillery (this batch).
woody-creek	Woody Creek Distillers	distillery	US					none			auto	high	https://woodycreekdistillers.com/rye-whiskey/	Confirmed via producer's own site (seed only had Wikipedia search snippets). Basalt, Colorado craft distillery (60 Sunset Drive); Straight Rye Whiskey from 100% Colorado-grown Elbon rye, aged min. 5 years, 90 proof; also makes bourbon/gin/vodka. No peat mention; defaultTypeName left empty since both rye and bourbon are produced.
yakusun	Yakusun	blend	XX					unknown			rejected	unknown	https://www.yakusun.com/	Rejected by the verification round: Not a whisky producer: the brand's own site (yakusun.com) frames the whole range as a blended "spirit drink" -- "a new Japanese-inspired recipe created by blending selected spirits with aged Japanese whisky" -- rather than whisky itself. Two of the three catalogue variants are explicit fruit flavours (Yuzu, Passion Fruit), and the site names no distillery, only a Yakuza-themed marketing story. A flavoured spirits/liqueur-adjacent brand, not a whisky producer.. Samples (Yuzu, Classic, Passion Fruit) read as a flavoured whisky-based drink rather than a conventional Scotch/Japanese whisky; zero Wikipedia search hits. Likely a fantasy/evocative brand name for the Eastern European market rather than an actual Japanese producer -- left fully unknown rather than assume Japan from the name alone.
yamazaki	Yamazaki	distillery	JP			Suntory	single malt	none			auto	high	https://house.suntory.com/yamazaki-whisky https://house.suntory.com/yamazaki-whisky/yamazaki-distillery https://en.wikipedia.org/wiki/Yamazaki_distillery	Suntory's flagship single malt (Shimamoto, Osaka). Official pages describe the whole core range with zero smoke or peat language; whisky.com calls the malt usually unpeated (search-level). Peated spirit is distilled mainly for blending and appears only in clearly-labeled limited releases (2024 Kogei Peated Malt Spanish Oak), whose names the global peated keyword rule catches.
yamazakura	Yamazakura	blend	JP			Sasanokawa Shuzo	blend	none			auto	high	https://www.uisuki.com/en/yamazakura	Confirmed Sasanokawa Shuzo (est. 1765, Koriyama, Fukushima) makes this blend, distinct from their single-malt Asaka distillery (opened 2015/2016). uisuki.com: "the majority of Yamazakura offerings are unpeated" -- one separate expression, "Yamazakura Blend Peated" (not among this row's samples), does carry peat, but no ppm/level or producer-domain source was found for it so no rule was added. This row's samples ("Yamazakura", "Yamazakura Fine Blend") carry no peat qualifier so peatProfile=none stands.
yellowstone	Yellowstone	brand	US			Luxco (MGP Ingredients)	bourbon	none	limestone-branch		auto	high	https://yellowstonebourbon.com/ https://www.luxco.com/brand/yellowstone/	Kentucky straight bourbon brand produced at Limestone Branch Distillery (Lebanon, KY; Beam family and Luxco 50/50 since 2018; Luxco is MGP's branded-spirits division since 2021). Every current expression is straight bourbon, finishes included, so defaultTypeName is bourbon. The bourbon category uses no peated malt.
yoichi	Yoichi	distillery	JP			Nikka Whisky Distilling	single malt	medium			auto	high	https://en.wikipedia.org/wiki/Yoichi_distillery https://www.nikka.com/eng/brands/singlemalt-yoichi/	Peat RESTORED to medium this session: got past nikka.com's age gate via browser (country United States, DOB) and reached the brand's own page, which states "Yoichi malts are described as bold and strong with refined peaty notes and smokiness brought by the traditional direct coal-fired distillation," and separately frames a 2021 "Non-Peated" limited edition as a deliberate departure "from the preconceived 'peaty' image of Yoichi" -- confirming the standard range is peated, on Nikka's own domain. Kept at medium rather than heavy per the retry goal's framing (house style, not Islay-extreme); no on-domain ppm figure was found to sharpen this further. Re-opened Wikipedia this session too, confirming Hokkaido location, 1934 founding and Nikka Whisky Distilling ownership (the article itself is silent on peat/flavour). Kind/country/owner/type unchanged.
